area,perimeter,circularity,mean_b,mean_g,mean_r,mean_h,mean_s,mean_v,texture_laplacian_var,det_confidence,predicted_label
9945.0,404.0,0.765688141847625,211.54666666666665,209.0393846153846,208.81702564102562,67.09969230769231,23.230974358974358,220.39712820512818,10.378323710153971,0.8882415294647217,WBC
4481.0,684.3919167518616,0.12021954083798918,216.80039486673246,221.78953603158934,225.92813425468904,52.29990128331688,13.05350444225074,226.86436327739386,12.859882373701595,0.8006822466850281,RBC
960.5,245.49747371673584,0.20026874599299463,202.9804400977995,213.81499592502036,222.14669926650365,36.593317033414834,23.06519967400163,222.3814180929095,9.488888888888889,0.6755601167678833,RBC
890.0,222.9116872549057,0.22507859339472547,205.39635416666667,215.85,228.38177083333332,32.791666666666664,26.4578125,228.49635416666666,10.754357593771099,0.6080853939056396,RBC
1406.0,270.5685421228409,0.24134626462916384,221.78119215105517,226.77711958533877,229.06960385042578,47.68456127360237,10.388744909292855,230.12439837097372,12.07249461279521,0.5428200960159302,RBC
517.0,158.28427076339722,0.25931335713237536,224.01011804384484,222.3204047217538,224.38785834738616,71.7504215851602,13.296795952782462,229.65598650927487,20.26426374471357,0.5058481097221375,RBC
1185.5,283.6396095752716,0.18517300079620366,213.9381735677822,220.06636415201362,225.4696539988656,51.95348837209303,15.217810550198527,226.19455473624507,8.52148319244375,0.3303617238998413,RBC
1203.0,304.2253955602646,0.16333699540572225,205.97242284963886,216.32370321733418,222.7721602101116,47.17137229152987,20.915955351280367,223.2882468811556,49.97630902104341,0.3120790123939514,RBC
