{
  "total_cells": 10,
  "cell_counts": {
    "WBC": 1,
    "RBC": 8,
    "Platelets": 1
  },
  "cell_percentages": {
    "WBC": 10.0,
    "RBC": 80.0,
    "Platelets": 10.0
  },
  "feature_stats": {
    "WBC": {
      "avg_area": 24072.0,
      "avg_perimeter": 626.0,
      "avg_circularity": 0.7719219177210495,
      "avg_texture": 13.056640813797342
    },
    "RBC": {
      "avg_area": 2351.625,
      "avg_perimeter": 415.94900645315647,
      "avg_circularity": 0.20134700170832126,
      "avg_texture": 14.505884900404652
    },
    "Platelets": {
      "avg_area": 700.0,
      "avg_perimeter": 104.82842707633972,
      "avg_circularity": 0.8004786724753383,
      "avg_texture": 14.002617507908514
    }
  },
  "warnings": []
}