{
  "total_cells": 8,
  "cell_counts": {
    "RBC": 7,
    "WBC": 1
  },
  "cell_percentages": {
    "RBC": 87.5,
    "WBC": 12.5
  },
  "feature_stats": {
    "RBC": {
      "avg_area": 2312.3571428571427,
      "avg_perimeter": 431.7684064252036,
      "avg_circularity": 0.16117531732796656,
      "avg_texture": 8.174646262168158
    },
    "WBC": {
      "avg_area": 8858.5,
      "avg_perimeter": 1051.629504084587,
      "avg_circularity": 0.10065712679876432,
      "avg_texture": 7.784269608653127
    }
  },
  "warnings": [
    "\u26a0\ufe0f Platelets critically low: 0 cells (0.0%) - Could indicate thrombocytopenia"
  ]
}