area,perimeter,circularity,mean_b,mean_g,mean_r,mean_h,mean_s,mean_v,texture_laplacian_var,det_confidence,predicted_label
2353.0,460.99494791030884,0.13913598256716722,200.08123407868666,209.6195867534673,209.21879422587034,51.482309651853946,15.258986696858193,211.86894990093404,7.441407525951558,0.9168089032173157,RBC
4447.0,614.5929263830185,0.14794554040437302,206.45,213.06721991701244,214.81950207468878,55.57323651452282,14.699170124481327,216.86224066390042,8.269114436440942,0.6304814219474792,RBC
8858.5,1051.629504084587,0.10065712679876432,215.7621150005256,212.9830757910228,218.20845159255757,78.20697992221172,18.24555870913487,222.94859665720594,7.784269608653127,0.5676339268684387,WBC
1780.0,380.3675309419632,0.15460480645142585,199.31992051664182,207.01440635866865,208.2548435171386,54.70392449080974,15.297069051167412,210.1912568306011,6.338099707694462,0.4723675549030304,RBC
2465.5,572.9777021408081,0.09437118927202112,195.18517191977077,207.7252865329513,212.0522922636103,42.69770773638968,23.67478510028653,213.8757163323782,11.301185210999574,0.44065552949905396,RBC
1423.5,282.953316450119,0.22342808248431592,200.61750272628137,209.80398037077427,215.45256270447112,47.151853871319524,21.283805888767724,216.7589967284624,8.68804315638197,0.4192938804626465,RBC
1501.5,313.29646360874176,0.19223134963867466,201.8720173535792,210.4865199876046,211.79144716454914,53.94762937713047,16.934614192748683,214.40316083049274,6.788926664646011,0.30996644496917725,RBC
2216.0,397.19595754146576,0.17651027047778808,194.62007575757576,211.7064393939394,210.49204545454546,40.81287878787879,23.331439393939394,213.84924242424242,8.395747133062594,0.2542901337146759,RBC
