area,perimeter,circularity,mean_b,mean_g,mean_r,mean_h,mean_s,mean_v,texture_laplacian_var,det_confidence,predicted_label
27588.0,705.5979789495468,0.6963305109874228,216.21047181412206,207.45641058831143,210.91825771794706,109.49401333247039,13.585010678920458,217.7128341207689,11.920227555357792,0.8761932253837585,WBC
2132.5,478.55129611492157,0.11701510057328465,213.0598319327731,216.26487394957985,216.55899159663866,58.304537815126054,7.540168067226891,218.35596638655463,13.171612122723397,0.7596577405929565,RBC
1335.5,326.12488985061646,0.1577923214305421,225.56971634039152,228.81981622053536,229.47862564922093,45.958449860167796,6.007590890930882,230.5773072313224,7.86485216274346,0.74723881483078,RBC
2244.5,426.69343173503876,0.15491645790511002,214.0441176470588,218.75034199726403,219.5406976744186,52.50854993160055,9.475718194254446,221.29719562243503,8.175305668311323,0.6995452642440796,RBC
1539.5,354.9533179998398,0.15354902986736502,210.8081570996979,213.65181268882176,214.89577039274926,60.65634441087613,8.38141993957704,216.5974320241692,9.863814276921993,0.6000965237617493,RBC
2289.5,381.4385985136032,0.1977430533500223,214.68509703405346,217.28011717319663,217.75613328451115,56.73928963749542,6.739289637495422,219.56645917246428,2555.244814727761,0.48015064001083374,RBC
1713.0,477.5391038656235,0.09439507737263536,219.31711880261926,221.0865294667914,222.48690364826942,64.28484565014031,7.963985032740879,224.29840972871844,9.50220144641683,0.45718371868133545,RBC
1437.5,277.1543279886246,0.2351659217557372,210.80583090379008,212.7790087463557,215.2527696793003,69.23002915451895,9.284256559766764,216.7402332361516,13.567562570920895,0.3430474102497101,RBC
10404.0,442.0,0.6692150031315536,219.08224656581464,221.84750478177708,221.38549817423055,58.80159972178751,6.334376630151278,223.42392627369154,7.88132136782494,0.2904931902885437,RBC
