{
  "total_cells": 17,
  "cell_counts": {
    "RBC": 15,
    "WBC": 1,
    "Platelets": 1
  },
  "cell_percentages": {
    "RBC": 88.23529411764706,
    "WBC": 5.88235294117647,
    "Platelets": 5.88235294117647
  },
  "feature_stats": {
    "RBC": {
      "avg_area": 1643.1,
      "avg_perimeter": 380.19677085081736,
      "avg_circularity": 0.16997338887545604,
      "avg_texture": 6.752748922339288
    },
    "WBC": {
      "avg_area": 11726.0,
      "avg_perimeter": 793.7644995450974,
      "avg_circularity": 0.23387102053715153,
      "avg_texture": 8.787999926459241
    },
    "Platelets": {
      "avg_area": 465.0,
      "avg_perimeter": 169.94112515449524,
      "avg_circularity": 0.2023325887996641,
      "avg_texture": 6.81583300303871
    }
  },
  "warnings": []
}