area,perimeter,circularity,mean_b,mean_g,mean_r,mean_h,mean_s,mean_v,texture_laplacian_var,det_confidence,predicted_label
24278.0,644.4852812290192,0.7345083957981551,216.64216769391788,201.4343528317246,214.89021979299918,119.15635539016164,22.05029654611001,219.35207582277008,10.844645559863624,0.8124340772628784,WBC
2528.5,510.3502857685089,0.12199333314412984,209.1796357615894,215.3708609271523,217.86341059602648,41.3416114790287,11.570364238410596,218.66721854304635,5.47751965487082,0.6023187637329102,RBC
2666.0,502.2497807741165,0.13280991458502525,216.437075879087,215.0015422578655,221.92535471930907,77.38525601480568,14.181986428130784,223.53454657618755,14.047527398055731,0.5511117577552795,RBC
1916.5,416.40916192531586,0.1388922888484781,210.2960426179604,214.78462709284625,216.16742770167426,51.91590563165905,9.18759512937595,217.37747336377473,5.631487236343969,0.4197007715702057,RBC
915.0,250.9116872549057,0.18263717307917735,214.9589947089947,214.34964726631392,220.85141093474425,79.21781305114638,11.425925925925926,221.67548500881833,6.167659956153442,0.31420382857322693,RBC
4232.0,276.0,0.6981317007977318,201.63967055593687,200.6762754518417,210.78174330816748,77.08464882177992,14.72340425531915,211.10706932052162,3345.3691469268233,0.25597700476646423,RBC
