area,perimeter,circularity,mean_b,mean_g,mean_r,mean_h,mean_s,mean_v,texture_laplacian_var,det_confidence,predicted_label
5327.0,864.8183205127716,0.08950407288172078,228.93365090166722,224.94283769989792,225.728308948622,90.06941136440966,11.47260973120109,231.78411024157876,16.19096778056062,0.8590425252914429,WBC
10104.5,448.87005710601807,0.6302072872285681,221.9602307850814,223.6165258602926,222.56336286832885,74.95446115804657,10.29569338553472,226.98887286214713,14.233739124623774,0.7238104343414307,WBC
2611.5,485.3797233104706,0.13929535505102808,212.63292488012786,214.99360681939262,221.55700586041556,66.55087906233351,15.541289291422482,223.0961640916356,10.560574726325859,0.6457106471061707,RBC
1312.5,333.15432810783386,0.1485998108839757,224.03328804347825,222.4633152173913,221.62703804347825,82.58967391304347,7.702445652173913,226.08559782608694,5.87841848881287,0.5524525046348572,RBC
2479.0,546.2497808933258,0.10440080304161128,222.9846771251368,224.86574242977017,224.99306822327617,70.44290404961693,9.30901130974097,228.24589565851878,10.37497906964507,0.5489370822906494,RBC
1314.5,249.98275530338287,0.2643323721560007,210.26752175904718,215.50251946862116,218.1012368300504,61.09390746678882,15.018323408153917,220.74118185982593,6.806991429444462,0.4955168664455414,RBC
2049.0,453.82337498664856,0.12501959853092892,222.27205882352942,221.01029411764705,223.14889705882354,86.9125,10.900735294117647,226.94485294117646,10.091984791015419,0.3792421817779541,RBC
1019.0,247.3969691991806,0.2092161944715815,216.3030100334448,218.4153846153846,218.8133779264214,76.77725752508361,11.298996655518394,222.2648829431438,9.48184699671132,0.3484867215156555,RBC
752.5,131.21320295333862,0.5492389073949355,218.52199074074073,223.48842592592592,220.6111111111111,59.46180555555555,9.688657407407407,224.60763888888889,20.967138435152453,0.2796568274497986,RBC
