{
  "total_cells": 9,
  "cell_counts": {
    "WBC": 2,
    "RBC": 7
  },
  "cell_percentages": {
    "WBC": 22.22222222222222,
    "RBC": 77.77777777777779
  },
  "feature_stats": {
    "WBC": {
      "avg_area": 7715.75,
      "avg_perimeter": 656.8441888093948,
      "avg_circularity": 0.35985568005514446,
      "avg_texture": 15.212353452592197
    },
    "RBC": {
      "avg_area": 1648.2857142857142,
      "avg_perimeter": 349.60001925059726,
      "avg_circularity": 0.22001472021858023,
      "avg_texture": 10.594561991015352
    }
  },
  "warnings": [
    "\u26a0\ufe0f WBC high: 2 cells (22.2%) - Could indicate infection or immune disorder",
    "\u26a0\ufe0f Platelets critically low: 0 cells (0.0%) - Could indicate thrombocytopenia"
  ]
}