area,perimeter,circularity,mean_b,mean_g,mean_r,mean_h,mean_s,mean_v,texture_laplacian_var,det_confidence,predicted_label
10660.0,424.0,0.7451356729990031,143.0839416058394,139.35462287104625,138.08333333333334,79.54379562043796,28.508921330089215,149.33272506082724,11.255110521652,0.6721206903457642,WBC
681.0,183.94112491607666,0.25292939176716345,128.414707655214,150.04339963833635,155.0735382760699,39.03616636528029,48.637733574442436,157.44424352019288,11.45398013336017,0.5774180889129639,RBC
1392.5,352.46803617477417,0.14085283423834175,117.75641025641026,139.26666666666668,139.34166666666667,35.93589743589744,45.22051282051282,142.4929487179487,8.890591930748363,0.532054603099823,RBC
6720.0,332.0,0.7661308837321603,133.35033804548246,144.1957590657652,145.61432083589426,50.589428395820526,29.395820528580206,148.579901659496,8.664431816401713,0.4010320007801056,RBC
1099.5,279.15432822704315,0.17730311510834246,127.52392011147236,140.89363678588018,141.37482582443104,46.90339061774269,33.63910822108686,145.21876451463075,14.508779552174408,0.3922354578971863,RBC
8258.5,361.899494767189,0.7923828796408936,132.73557692307693,144.34158653846154,145.63677884615385,47.376682692307696,29.674038461538462,148.63533653846156,10.223929059335065,0.3872542083263397,RBC
1505.5,300.46803641319275,0.20955308855616522,130.20783460282917,140.10935799782374,140.78944504896626,59.86833514689881,30.94885745375408,144.8335146898803,9.68388698253132,0.33176666498184204,RBC
1006.0,246.9116871356964,0.2073597930505657,141.70949940875047,159.38864800945998,160.49704375246353,34.70003941663382,33.91407173827355,163.18289318092235,9.835373648812116,0.30650973320007324,RBC
615.5,162.18376529216766,0.29405134048303905,123.55231689088191,136.2242152466368,142.78624813153962,51.28849028400598,41.55231689088191,144.72795216741406,9.350424347994387,0.29029855132102966,RBC
