area,perimeter,circularity,mean_b,mean_g,mean_r,mean_h,mean_s,mean_v,texture_laplacian_var,det_confidence,predicted_label
1913.0,489.62236404418945,0.1002772328519046,160.15118465588566,165.29183903723205,164.26776983828506,59.74125611132004,12.524257239563745,167.02707784881534,13.539039657223183,0.733750581741333,RBC
18875.0,552.0,0.7784283939365069,160.48823306130194,146.13930537103815,158.4635604479028,117.55579806414879,30.465173657240463,164.03046118808123,12.515907127188619,0.6393775343894958,WBC
1445.0,414.3675311803818,0.10575630665461778,162.06867891513562,166.3801399825022,165.78390201224846,61.47156605424322,13.378390201224848,168.8153980752406,13.28241993981829,0.5937393307685852,RBC
1899.0,202.50966608524323,0.5818932423052211,168.20176867582035,173.82685594600883,171.83476844309985,54.620665580637656,12.079823132417966,175.35187340004654,15.054654638823896,0.5580766201019287,RBC
543.0,172.08326017856598,0.23042651044461585,164.11543134872417,172.15856622114214,175.44289185905222,34.622114216281894,18.582624544349937,176.66342648845685,15.442586923658354,0.5523309707641602,RBC
2168.0,456.1665201187134,0.13092492291656868,176.02397260273972,181.8787100456621,181.10473744292236,53.772831050228305,12.053367579908675,183.82134703196346,12.693613737207682,0.5350186824798584,RBC
775.5,186.52691113948822,0.28009713673307385,152.8166089965398,156.48442906574394,159.6280276816609,64.73875432525952,16.994377162629757,161.49870242214533,10.069736693928457,0.36249181628227234,RBC
1862.0,469.8233745098114,0.10600352343060883,165.6693719124912,167.45377558221597,165.45730416372618,76.78581510232887,10.115737473535638,169.5666901905434,10.06664329310405,0.35230714082717896,RBC
2672.0,565.7645000219345,0.10489986545194332,154.35985083903046,160.28962088253573,158.71597265382223,58.40335612181479,15.124922311995027,162.27035425730267,11.99254737447254,0.33369162678718567,RBC
