area,perimeter,circularity,mean_b,mean_g,mean_r,mean_h,mean_s,mean_v,texture_laplacian_var,det_confidence,predicted_label
20436.0,574.0,0.7794387144284988,206.80388242582777,183.1698217112962,198.18827011771185,114.87182487781374,34.26302746609761,209.97012459558064,9.549651903822413,0.7620631456375122,WBC
1360.5,367.9238797426224,0.12629683222399746,199.45531197301855,202.63448566610455,207.322934232715,54.65430016863406,14.237774030354132,208.58052276559863,7.716519688232167,0.6203026175498962,RBC
6390.0,322.0,0.7744599767153574,203.6610845295056,208.13955342902713,211.49973418394472,47.42397660818714,11.059808612440193,211.95055821371614,5.733551681411114,0.5555208921432495,RBC
7979.0,360.0,0.7736656723145975,196.124773960217,201.11883234306381,204.6781193490054,59.101524153965386,14.048307930767244,205.57272022733144,10.591218146265858,0.5364576578140259,RBC
1237.0,259.39696872234344,0.2310201014893752,195.35569755058572,199.5683351082712,206.3063542776003,52.72665956691516,15.282215122470713,206.47142350017748,9.751285980206559,0.4346804618835449,RBC
2597.5,527.6639939546585,0.1172331675675512,190.19959028387476,198.38249926836406,202.27509511267195,46.32689493707931,17.755926251097453,203.1627158326017,7.021979423848969,0.3839765191078186,RBC
2363.5,412.4091606140137,0.1746259829576774,205.06759906759908,207.13786213786213,213.41958041958043,66.56776556776556,14.427239427239428,214.03896103896105,7.150359178392748,0.3381115794181824,RBC
1399.0,392.02438509464264,0.11439351738869147,198.5044191919192,203.15340909090912,205.7676767676768,57.612373737373744,13.899621212121213,207.3106060606061,6.366301925862937,0.3174593150615692,RBC
1276.5,271.9827550649643,0.21684426759664205,204.70379146919433,208.3637440758294,211.93246445497633,57.70260663507109,11.303909952606636,212.550355450237,8.85980218209512,0.2791263163089752,RBC
