area,perimeter,circularity,mean_b,mean_g,mean_r,mean_h,mean_s,mean_v,texture_laplacian_var,det_confidence,predicted_label
30049.0,700.0,0.7706262665119975,222.12005492147946,206.69664464086503,217.8628679310049,112.05449240538917,22.971423667725052,225.80232558139537,10.748911200441482,0.7723702788352966,WBC
1042.0,242.56854128837585,0.2225402798835423,224.4112536201903,225.22631361191557,232.0856433595366,71.4294580057923,11.493587091435664,232.4964832436905,8.18606634790451,0.5452345609664917,RBC
916.5,120.2426404953003,0.7965725270639171,223.56206415620642,217.6178521617852,218.34728033472803,89.3905160390516,14.658298465829846,227.2691771269177,15.446273179482326,0.4846602976322174,Platelets
4119.0,388.7106765508652,0.34256951847897954,216.22258364312268,190.3770910780669,206.6756505576208,123.54832713754647,34.32760223048327,219.4767657992565,1570.5880655023884,0.46583521366119385,WBC
1703.0,401.2792181968689,0.1329018953584149,220.14850249584026,221.52787021630616,232.8585690515807,72.01497504159734,17.55199667221298,233.1189683860233,9.606989502741765,0.44025513529777527,RBC
466.0,95.4558436870575,0.6426740136682828,213.5742574257426,216.03785672684916,226.6464764123471,50.21723937099593,16.846825859056494,226.73267326732673,8.401915842264634,0.38381823897361755,RBC
1421.5,291.63960921764374,0.2100214791310053,224.92115534738485,225.32513661202185,230.97384855581578,76.55854800936768,11.099141295862607,232.04996096799374,8.271131945136714,0.264920175075531,RBC
1385.5,235.49747395515442,0.3139380005914679,231.87922956793335,233.46069755335762,238.27121290994273,70.27485684539302,10.524206142634045,239.0864133263925,6.174343227731863,0.25178566575050354,RBC
