{
  "total_cells": 13,
  "cell_counts": {
    "RBC": 11,
    "WBC": 1,
    "Platelets": 1
  },
  "cell_percentages": {
    "RBC": 84.61538461538461,
    "WBC": 7.6923076923076925,
    "Platelets": 7.6923076923076925
  },
  "feature_stats": {
    "RBC": {
      "avg_area": 1930.3181818181818,
      "avg_perimeter": 348.031305139715,
      "avg_circularity": 0.25836311844543336,
      "avg_texture": 17.969556072465323
    },
    "WBC": {
      "avg_area": 14652.0,
      "avg_perimeter": 486.0,
      "avg_circularity": 0.7795325163914317,
      "avg_texture": 15.066826231329918
    },
    "Platelets": {
      "avg_area": 609.0,
      "avg_perimeter": 100.0,
      "avg_circularity": 0.7652919704144736,
      "avg_texture": 14.434938016528923
    }
  },
  "warnings": []
}