area,perimeter,circularity,mean_b,mean_g,mean_r,mean_h,mean_s,mean_v,texture_laplacian_var,det_confidence,predicted_label
11331.5,805.7472538948059,0.21933078805600004,132.28289979990765,124.95728797906726,125.95667231029707,99.99407418808681,25.951900877327997,135.2902108665538,12.498697011038509,0.8383822441101074,WBC
1915.5,351.29646372795105,0.19504933062626878,125.89296226919988,130.56569440727856,132.21942734814021,55.234145036125234,19.906074391222905,134.43858710195343,14.671819208547983,0.7338032722473145,RBC
1313.5,277.982754945755,0.21360146735082267,135.78072884496603,137.1859172328598,136.14638665843114,77.99691167387276,18.37183446571958,141.17109326744907,20.94453392094017,0.5456340909004211,RBC
701.5,185.35533845424652,0.2565826828839213,135.9485924112607,138.48347613219093,140.01652386780904,66.56548347613219,20.406976744186046,144.25458996328027,16.392028318413637,0.4839596450328827,RBC
963.5,221.15432798862457,0.24755442697647917,135.29555555555555,137.57166666666666,140.73222222222222,62.434444444444445,18.642222222222223,142.68444444444444,20.044038570892152,0.44160404801368713,RBC
2320.0,523.6223641633987,0.1063313859237873,134.01252371916507,137.30626185958255,137.70891840607212,62.619354838709675,16.193548387096776,140.92751423149906,9.86771774612832,0.27709656953811646,RBC
274.5,81.55634880065918,0.5186049570396254,122.94262295081968,131.97950819672133,122.7110655737705,60.692622950819676,23.64549180327869,132.26024590163937,13.386174729150921,0.2609577476978302,RBC
