area,perimeter,circularity,mean_b,mean_g,mean_r,mean_h,mean_s,mean_v,texture_laplacian_var,det_confidence,predicted_label
4410.0,677.8477597236633,0.12061022381672026,185.46321922796795,184.49065307113378,196.97147365865501,78.1138625880068,25.507526098567613,198.27445982034476,22.727168560328856,0.8930891752243042,WBC
2245.0,493.8233753442764,0.11568656396017024,183.7044009157975,189.0849656575935,192.35563469854998,53.575680488425334,14.405749173238362,193.27397608750954,24.63201001013678,0.8641052842140198,RBC
2398.5,394.4091622829437,0.19375619464723964,177.0280720338983,182.93087923728814,187.0124470338983,57.99549788135593,17.823358050847457,188.07123940677965,15.786350871757007,0.7164949774742126,RBC
799.5,115.0710676908493,0.758745357242901,181.60000000000002,180.07058823529414,180.60840336134456,76.32100840336135,17.998319327731092,187.73445378151263,106.62354118441357,0.38945502042770386,Platelets
1318.0,341.5391038656235,0.14198563403456368,188.44278283485045,196.80559167750326,200.4717165149545,45.08224967490247,18.021781534460338,201.40864759427828,24.18255807383795,0.3573251962661743,RBC
