area,perimeter,circularity,mean_b,mean_g,mean_r,mean_h,mean_s,mean_v,texture_laplacian_var,det_confidence,predicted_label
2679.5,643.3797242641449,0.08134462940546183,112.33244680851064,119.0189494680851,125.49867021276596,42.673537234042556,29.65525265957447,125.9281914893617,25.437105135802472,0.9100360870361328,RBC
7317.5,794.634556055069,0.14562559096109556,99.97994791666666,94.65846354166666,94.896875,88.18958333333333,34.70846354166667,104.04921875,298.5027193632079,0.73711097240448,WBC
1234.0,239.39696955680847,0.27057503710497266,88.88873626373628,101.45810439560441,108.4052197802198,35.760989010989015,47.97115384615385,108.84890109890111,12.867928848558188,0.6588980555534363,RBC
1869.0,378.02438509464264,0.1643537183875591,98.24788202070913,101.59836837150925,106.26451208032631,52.36899905867587,24.286476310009412,107.10134923125196,12.502758915408924,0.6511922478675842,RBC
1228.0,257.19595777988434,0.23328131427128249,99.24516355962012,106.33380232149138,114.28666901160746,49.09426661976785,40.81639113612381,115.60534646500176,15.89105969473043,0.6086652278900146,RBC
909.5,227.01219260692596,0.22177582357972425,102.63897564022486,111.07620237351655,116.41723922548407,45.84884447220487,35.70206121174266,117.56714553404122,11.373051321285104,0.5823154449462891,RBC
1492.5,325.6396099328995,0.17686819842136856,106.371305749597,112.6211714132187,119.39978506179474,46.51800107469103,33.06555615260613,120.08651262761957,14.529533565004924,0.5300992131233215,RBC
1527.0,237.25483322143555,0.34089353447041826,93.03047404063206,96.73438675696012,102.10985703536494,62.79270127915726,33.761474793077504,104.3811136192626,300.49784218600917,0.5012288093566895,RBC
1948.0,379.338093996048,0.17011628933790227,105.30164705882353,111.94494117647059,114.31858823529411,52.798117647058824,27.099764705882354,115.85458823529412,13.77142675304732,0.25900888442993164,RBC
