{
  "total_cells": 11,
  "cell_counts": {
    "WBC": 1,
    "RBC": 10
  },
  "cell_percentages": {
    "WBC": 9.090909090909092,
    "RBC": 90.9090909090909
  },
  "feature_stats": {
    "WBC": {
      "avg_area": 5129.0,
      "avg_perimeter": 824.0731551647186,
      "avg_circularity": 0.0949097936831062,
      "avg_texture": 19.625206121435312
    },
    "RBC": {
      "avg_area": 2382.05,
      "avg_perimeter": 314.8780867099762,
      "avg_circularity": 0.28941029022564524,
      "avg_texture": 14.520694452171801
    }
  },
  "warnings": [
    "\u26a0\ufe0f Platelets critically low: 0 cells (0.0%) - Could indicate thrombocytopenia"
  ]
}