area,perimeter,circularity,mean_b,mean_g,mean_r,mean_h,mean_s,mean_v,texture_laplacian_var,det_confidence,predicted_label
1923.0,534.4507912397385,0.0846006499454467,233.24433849821216,237.9829161700437,241.31307111640842,42.181565355582045,9.501390544298769,241.78307508939213,5.3913510260071105,0.4899236559867859,RBC
12168.0,442.0,0.7826805226936508,239.11516815374054,232.94152367879204,240.5557995881949,97.7213452299245,11.704323953328757,242.2706932052162,5.60571072247725,0.41574782133102417,WBC
19065.0,556.0,0.7749917698448502,239.62800954377846,237.0610946424698,241.18704359771527,79.975417540308,8.073024365555636,242.70551659316027,5.319415528678966,0.4079330265522003,WBC
3536.5,666.9188264608383,0.09991658264544781,235.1824095758522,239.9263596148842,241.584179026802,39.90658339838668,7.708821233411397,242.12724434035908,5.444902705105844,0.31087324023246765,RBC
6460.5,320.04163014888763,0.7926163873823155,235.12914007900332,241.31631722880581,242.51200243087206,38.847158918261925,8.767243998784563,243.24734123366756,5.588248737530172,0.29244622588157654,RBC
2311.5,495.37972390651703,0.11836609177608304,238.37167906482463,242.80260361317747,244.7066950053135,45.59378320935175,7.649840595111583,245.3490967056323,5.6221195334752485,0.25902822613716125,RBC
