{
  "total_cells": 11,
  "cell_counts": {
    "RBC": 10,
    "WBC": 1
  },
  "cell_percentages": {
    "RBC": 90.9090909090909,
    "WBC": 9.090909090909092
  },
  "feature_stats": {
    "RBC": {
      "avg_area": 2977.2,
      "avg_perimeter": 383.61605912446976,
      "avg_circularity": 0.34279511800015583,
      "avg_texture": 9.774818146561968
    },
    "WBC": {
      "avg_area": 10472.0,
      "avg_perimeter": 414.0,
      "avg_circularity": 0.7677835718077974,
      "avg_texture": 15.688709723800304
    }
  },
  "warnings": [
    "\u26a0\ufe0f Platelets critically low: 0 cells (0.0%) - Could indicate thrombocytopenia"
  ]
}