{
  "total_cells": 11,
  "cell_counts": {
    "WBC": 2,
    "RBC": 9
  },
  "cell_percentages": {
    "WBC": 18.181818181818183,
    "RBC": 81.81818181818183
  },
  "feature_stats": {
    "WBC": {
      "avg_area": 11745.25,
      "avg_perimeter": 612.045200407505,
      "avg_circularity": 0.4491347255786446,
      "avg_texture": 14.117043825889144
    },
    "RBC": {
      "avg_area": 1823.888888888889,
      "avg_perimeter": 357.2433363066779,
      "avg_circularity": 0.23458499017235226,
      "avg_texture": 18.943974090970315
    }
  },
  "warnings": [
    "\u26a0\ufe0f Platelets critically low: 0 cells (0.0%) - Could indicate thrombocytopenia"
  ]
}