{
  "total_cells": 13,
  "cell_counts": {
    "RBC": 12,
    "WBC": 1
  },
  "cell_percentages": {
    "RBC": 92.3076923076923,
    "WBC": 7.6923076923076925
  },
  "feature_stats": {
    "RBC": {
      "avg_area": 3008.5,
      "avg_perimeter": 379.28665098547935,
      "avg_circularity": 0.33229673545835475,
      "avg_texture": 11.422190032982053
    },
    "WBC": {
      "avg_area": 9210.5,
      "avg_perimeter": 706.208150267601,
      "avg_circularity": 0.23207460509324784,
      "avg_texture": 754.9183033980394
    }
  },
  "warnings": [
    "\u26a0\ufe0f Platelets critically low: 0 cells (0.0%) - Could indicate thrombocytopenia"
  ]
}