area,perimeter,circularity,mean_b,mean_g,mean_r,mean_h,mean_s,mean_v,texture_laplacian_var,det_confidence,predicted_label
11352.0,436.0,0.7504284109828999,220.70108315863033,213.77760307477288,214.13347309573723,91.06900768693221,17.095038434661074,224.59783368273932,12.688272375275098,0.8907908797264099,WBC
1909.5,343.2964633703232,0.20360613880481096,215.80067710537452,217.32670334320778,217.06263224714345,73.89420228523065,13.884892086330936,223.10495133305122,19.05244515229432,0.7464076280593872,RBC
3681.0,487.0782079696655,0.19497470970360634,222.69581056466302,227.6359614884205,229.30575071558678,50.266978922716625,10.296122820712984,231.2815508717148,10.259305716604821,0.4513292610645294,RBC
529.0,138.62741649150848,0.3459133129477503,220.1849315068493,215.17979452054794,206.77568493150685,93.45034246575342,17.671232876712327,221.6917808219178,67.06871140225638,0.4472903311252594,Platelets
1483.5,303.1543278694153,0.20284759797372406,206.89943404440575,210.29386155855462,219.64954288202003,50.56682629516761,18.16369177187636,220.3487157161515,12.287817535003906,0.44368261098861694,RBC
1731.0,332.02438592910767,0.19731811937899577,220.21951219512198,223.27306468716864,228.2264050901379,61.62990455991517,12.559915164369036,229.47985153764583,8.698472020109689,0.302908331155777,RBC
