area,perimeter,circularity,mean_b,mean_g,mean_r,mean_h,mean_s,mean_v,texture_laplacian_var,det_confidence,predicted_label
19096.0,556.0,0.7762519190641102,202.94187836797536,187.38506543494998,201.845727482679,105.84618937644342,23.8576597382602,205.05442648190916,10.986522372528617,0.772614061832428,WBC
5350.0,302.48528122901917,0.7347763208009589,198.83989021043,201.9826166514181,202.85452881976212,49.67703568161025,6.5346142116498935,203.55992680695334,4.914852717876423,0.7137863039970398,RBC
1291.5,362.6101711988449,0.1234310179800319,202.27131179447255,202.76294277929154,206.14519268197742,70.73686259244842,7.474114441416893,206.68898404048267,6.1398630264028,0.6144766211509705,RBC
2451.5,561.8650048971176,0.09758381547152606,208.23130755064457,210.82430939226518,211.58489871086556,53.574585635359114,6.676611418047882,212.7804788213628,6.316986811297234,0.6028466820716858,RBC
1989.0,439.6812390089035,0.12929114375630754,203.02816372512206,207.91663537363874,210.55463762673676,44.884716485167104,10.548629365377394,211.3924145700338,7.1179923513885575,0.5667461156845093,RBC
2077.5,535.1787123680115,0.09114927861483793,200.22083333333336,202.30863095238098,205.18333333333337,63.07976190476191,8.34732142857143,205.75773809523812,5.884297996749026,0.5648031830787659,RBC
2881.0,338.56854128837585,0.3158347540663394,205.44265527440027,209.10187315149525,211.19947420308907,42.482090042721005,8.098258297732501,211.74827472888597,4.48877705001725,0.36289292573928833,RBC
1242.0,395.0538226366043,0.10000435724898184,195.62010113780028,202.0613147914033,204.53413400758535,53.525916561314794,13.778761061946904,205.56953223767385,16.36824328321005,0.3499525785446167,RBC
707.0,181.2548327445984,0.2704270235264688,187.16298811544993,193.9462365591398,198.81154499151106,48.135257498585176,17.539898132427844,199.63554046406338,15.303053061224489,0.27191564440727234,RBC
