area,perimeter,circularity,mean_b,mean_g,mean_r,mean_h,mean_s,mean_v,texture_laplacian_var,det_confidence,predicted_label
5914.5,674.4924210309982,0.1633705428108691,227.44475475650202,226.87842555419795,228.1762960377029,79.86062139989528,10.029324489439693,231.92337231628557,4.294796885397174,0.7940823435783386,RBC
2184.5,457.72286880016327,0.13102576094560534,218.9981515711645,223.67578558225506,221.30628465804065,62.90609981515711,8.598521256931608,225.07338262476893,4.015007330292815,0.7685473561286926,RBC
1272.5,417.5807340145111,0.09170367670733319,217.9091316025067,224.10026857654432,223.58236347358996,51.581915846016116,10.14189794091316,226.09758281110118,9.542923199829424,0.6023691892623901,RBC
2259.5,547.7228689193726,0.09464560705333572,223.25940070505288,229.56227967097533,227.13014101057578,51.42655699177438,8.490893066980023,230.33930669800233,3.984078312546781,0.596356987953186,RBC
2528.5,584.1492757797241,0.09311617691890832,219.5918847397824,225.16789179653043,224.21787709497204,58.3704792708027,10.386356953837106,227.33460746839162,4.837727383043639,0.4442145526409149,RBC
1381.0,342.02438473701477,0.14835063238489857,215.6554307116105,220.70187265917605,220.03520599250936,59.400000000000006,9.986891385767791,222.96741573033708,4.662273462840549,0.36389291286468506,RBC
3956.5,688.6934316158295,0.10482603333494264,222.56665888395986,229.15456455755313,225.5876721923885,57.68760214802708,9.560121410226477,230.02965211300491,3.8553455501569767,0.32492750883102417,RBC
1720.0,452.65180146694183,0.10548963865431633,219.22302483069976,224.26455981941308,224.1200902934537,61.04018058690745,10.139954853273137,226.70925507900677,5.052761852210738,0.2844139635562897,RBC
