{
  "total_cells": 14,
  "cell_counts": {
    "WBC": 2,
    "Platelets": 3,
    "RBC": 9
  },
  "cell_percentages": {
    "WBC": 14.285714285714285,
    "Platelets": 21.428571428571427,
    "RBC": 64.28571428571429
  },
  "feature_stats": {
    "WBC": {
      "avg_area": 8475.75,
      "avg_perimeter": 557.0451999902725,
      "avg_circularity": 0.4533861703439341,
      "avg_texture": 20.256544744808295
    },
    "Platelets": {
      "avg_area": 791.5,
      "avg_perimeter": 141.7851127386093,
      "avg_circularity": 0.5787716198799658,
      "avg_texture": 19.125370097711766
    },
    "RBC": {
      "avg_area": 1580.611111111111,
      "avg_perimeter": 314.55354193846387,
      "avg_circularity": 0.20998777281403264,
      "avg_texture": 24.407439045769475
    }
  },
  "warnings": []
}