{
  "total_cells": 12,
  "cell_counts": {
    "WBC": 1,
    "RBC": 10,
    "Platelets": 1
  },
  "cell_percentages": {
    "WBC": 8.333333333333332,
    "RBC": 83.33333333333334,
    "Platelets": 8.333333333333332
  },
  "feature_stats": {
    "WBC": {
      "avg_area": 10188.5,
      "avg_perimeter": 916.918826341629,
      "avg_circularity": 0.1522854230594087,
      "avg_texture": 20.581322240706836
    },
    "RBC": {
      "avg_area": 1684.4,
      "avg_perimeter": 379.943980884552,
      "avg_circularity": 0.16747949189951156,
      "avg_texture": 18.972676610019988
    },
    "Platelets": {
      "avg_area": 525.0,
      "avg_perimeter": 161.4558435678482,
      "avg_circularity": 0.25308221764578265,
      "avg_texture": 25.68564764681383
    }
  },
  "warnings": []
}