{
  "total_cells": 11,
  "cell_counts": {
    "RBC": 10,
    "WBC": 1
  },
  "cell_percentages": {
    "RBC": 90.9090909090909,
    "WBC": 9.090909090909092
  },
  "feature_stats": {
    "RBC": {
      "avg_area": 1801.6,
      "avg_perimeter": 429.1689591407776,
      "avg_circularity": 0.18892759163636014,
      "avg_texture": 212.32984953708123
    },
    "WBC": {
      "avg_area": 12056.0,
      "avg_perimeter": 925.1025929450989,
      "avg_circularity": 0.1770244716540055,
      "avg_texture": 15.125627832603014
    }
  },
  "warnings": [
    "\u26a0\ufe0f Platelets critically low: 0 cells (0.0%) - Could indicate thrombocytopenia"
  ]
}