{
  "total_cells": 11,
  "cell_counts": {
    "WBC": 1,
    "RBC": 9,
    "Platelets": 1
  },
  "cell_percentages": {
    "WBC": 9.090909090909092,
    "RBC": 81.81818181818183,
    "Platelets": 9.090909090909092
  },
  "feature_stats": {
    "WBC": {
      "avg_area": 22078.0,
      "avg_perimeter": 598.0,
      "avg_circularity": 0.7758311719774438,
      "avg_texture": 18.688705410393545
    },
    "RBC": {
      "avg_area": 2427.0555555555557,
      "avg_perimeter": 345.8264133400387,
      "avg_circularity": 0.2987197849086378,
      "avg_texture": 412.52904409486854
    },
    "Platelets": {
      "avg_area": 1044.0,
      "avg_perimeter": 130.0,
      "avg_circularity": 0.7762894036326021,
      "avg_texture": 19.85436328220112
    }
  },
  "warnings": []
}