{
  "total_cells": 14,
  "cell_counts": {
    "WBC": 1,
    "RBC": 13
  },
  "cell_percentages": {
    "WBC": 7.142857142857142,
    "RBC": 92.85714285714286
  },
  "feature_stats": {
    "WBC": {
      "avg_area": 20640.0,
      "avg_perimeter": 578.0,
      "avg_circularity": 0.7763613027872431,
      "avg_texture": 20.059360311679843
    },
    "RBC": {
      "avg_area": 2121.1923076923076,
      "avg_perimeter": 348.4325827543552,
      "avg_circularity": 0.23691555804886835,
      "avg_texture": 173.61585829476118
    }
  },
  "warnings": [
    "\u26a0\ufe0f Platelets critically low: 0 cells (0.0%) - Could indicate thrombocytopenia"
  ]
}