{
  "total_cells": 15,
  "cell_counts": {
    "WBC": 1,
    "RBC": 13,
    "Platelets": 1
  },
  "cell_percentages": {
    "WBC": 6.666666666666667,
    "RBC": 86.66666666666667,
    "Platelets": 6.666666666666667
  },
  "feature_stats": {
    "WBC": {
      "avg_area": 10321.5,
      "avg_perimeter": 929.6295031309128,
      "avg_circularity": 0.1500834776823035,
      "avg_texture": 8.912279983443812
    },
    "RBC": {
      "avg_area": 1802.923076923077,
      "avg_perimeter": 419.0186905494103,
      "avg_circularity": 0.13133455426684834,
      "avg_texture": 13.517222118910752
    },
    "Platelets": {
      "avg_area": 1376.0,
      "avg_perimeter": 150.0,
      "avg_circularity": 0.7685033762381431,
      "avg_texture": 9.457127624858654
    }
  },
  "warnings": []
}