{
  "total_cells": 21,
  "cell_counts": {
    "WBC": 1,
    "RBC": 17,
    "Platelets": 3
  },
  "cell_percentages": {
    "WBC": 4.761904761904762,
    "RBC": 80.95238095238095,
    "Platelets": 14.285714285714285
  },
  "feature_stats": {
    "WBC": {
      "avg_area": 28965.0,
      "avg_perimeter": 681.3137083053589,
      "avg_circularity": 0.7841319366342288,
      "avg_texture": 12.672002394495038
    },
    "RBC": {
      "avg_area": 2247.0588235294117,
      "avg_perimeter": 372.9321178828969,
      "avg_circularity": 0.23739578756903046,
      "avg_texture": 137.24557467697207
    },
    "Platelets": {
      "avg_area": 933.0,
      "avg_perimeter": 122.0,
      "avg_circularity": 0.7747136903390647,
      "avg_texture": 18.128783917722984
    }
  },
  "warnings": []
}