area,perimeter,circularity,mean_b,mean_g,mean_r,mean_h,mean_s,mean_v,texture_laplacian_var,det_confidence,predicted_label
4980.0,540.6518017053604,0.21409370483367138,217.16738519212745,204.1647610121837,203.41930646672915,106.50534208059982,20.450609184629805,217.8406747891284,11.510345122559928,0.910986602306366,WBC
2178.0,394.5096660852432,0.17585407736135797,221.35815991237678,222.88608981380065,224.82840452719972,64.30083972252648,8.298649142022636,226.97882438846295,8.70482852666831,0.5824553966522217,RBC
596.5,201.01219236850739,0.18551349671107453,217.16473988439304,212.5086705202312,204.62138728323697,97.61849710982658,17.408959537572255,218.49855491329478,6.390030792754146,0.498088538646698,Platelets
2997.5,401.0954521894455,0.23413890354133365,220.9447583176397,221.38794726930323,223.812303829253,79.10577526679222,8.290960451977401,225.88826114249844,8.22451258980508,0.4178805947303772,RBC
6062.5,329.07106757164,0.703529342227785,218.0494972931168,214.99510183036867,217.58906934777005,104.21706625418923,9.509667440061872,221.1776230987368,9.538485596635615,0.28480398654937744,RBC
632.0,154.42640566825867,0.33303035161799427,214.1965317919075,208.2164418754014,210.88567758509953,107.80218368657674,12.975594091201026,217.0712909441233,30.27125808479504,0.25765421986579895,RBC
