area,perimeter,circularity,mean_b,mean_g,mean_r,mean_h,mean_s,mean_v,texture_laplacian_var,det_confidence,predicted_label
24276.5,642.0416301488876,0.7400644796440318,209.38946384039897,187.41795511221943,199.9604114713217,107.54513715710722,33.98634663341646,212.90511221945135,25.024762196614372,0.7903615236282349,WBC
836.5,228.32590091228485,0.201634781731889,203.42057659694743,206.0757490107405,215.07066139061615,60.601469756924814,18.75296777840588,216.1271905031091,24.66295858036126,0.47546687722206116,RBC
1204.5,283.63960897922516,0.1881407679430057,222.14676616915423,227.28731343283582,234.8233830845771,45.574004975124375,15.81778606965174,235.16666666666666,16.628500214594283,0.42055466771125793,RBC
954.0,228.42640614509583,0.2297553456039043,207.5024175824176,210.49494505494505,218.49186813186813,61.65054945054945,16.6210989010989,219.250989010989,26.11370665844478,0.3782099485397339,RBC
1572.5,472.00714015960693,0.08869586661906534,210.56360771957463,211.09807010634108,220.82512800315084,74.81213076014178,18.531705395825128,222.41039779440723,27.472497233371325,0.3679989278316498,RBC
2360.5,448.8944422006607,0.14720596614866407,198.93395980161839,201.88227616810235,210.8102323153224,66.6316888540851,18.98720960584704,211.7922213521274,15.010852927414982,0.3625276982784271,RBC
619.5,170.52691113948822,0.2677104498109349,201.71776315789472,206.71447368421053,215.1032894736842,51.30855263157895,18.438157894736843,215.77236842105262,17.17943978803821,0.30656591057777405,RBC
1180.0,295.5391044616699,0.16977039743196404,200.84355828220862,205.79959100204502,212.84355828220862,51.00766871165645,16.2719836400818,213.20449897750512,29.596585173294784,0.28718069195747375,RBC
515.5,158.87005722522736,0.25665777777681104,195.7033757609297,195.30105146651908,211.37963475373544,84.76701715550635,26.842833425567235,212.10736026563364,23.41861460053825,0.25301480293273926,RBC
