area,perimeter,circularity,mean_b,mean_g,mean_r,mean_h,mean_s,mean_v,texture_laplacian_var,det_confidence,predicted_label
14144.0,480.0,0.7714355293814936,218.53422724064927,207.553886480492,215.27149914305878,101.58261921564674,16.408710555499546,220.59804415767718,9.30254840778729,0.8047196269035339,WBC
2275.0,478.9949473142624,0.12460325871656625,212.7692307692308,216.51967504442754,220.62985529322165,39.83219091139883,10.09037826859609,221.09164762630112,8.079812037742947,0.4907821714878082,RBC
1216.5,237.01219260692596,0.2721326190076836,209.99924812030076,212.79924812030077,215.4624060150376,48.830075187969925,7.469924812030076,215.8,4.324457924670621,0.49025222659111023,RBC
1210.5,189.15432786941528,0.4251499114079636,221.09011880614315,224.77716603882934,228.60330339032166,33.61605331787888,8.764416111272096,228.79078527962912,5.708349313317262,0.433091402053833,RBC
1073.0,210.42640626430511,0.30451529399958166,215.42559109874824,219.06212331942513,223.51599443671765,38.87343532684284,10.288827074640704,223.9091330551692,6.655721496826719,0.2661516070365906,RBC
