{
  "total_cells": 5,
  "cell_counts": {
    "WBC": 1,
    "RBC": 4
  },
  "cell_percentages": {
    "WBC": 20.0,
    "RBC": 80.0
  },
  "feature_stats": {
    "WBC": {
      "avg_area": 14144.0,
      "avg_perimeter": 480.0,
      "avg_circularity": 0.7714355293814936,
      "avg_texture": 9.30254840778729
    },
    "RBC": {
      "avg_area": 1443.75,
      "avg_perimeter": 278.8969685137272,
      "avg_circularity": 0.2816002707829488,
      "avg_texture": 6.192085193139387
    }
  },
  "warnings": [
    "\u26a0\ufe0f Platelets critically low: 0 cells (0.0%) - Could indicate thrombocytopenia"
  ]
}