area,perimeter,circularity,mean_b,mean_g,mean_r,mean_h,mean_s,mean_v,texture_laplacian_var,det_confidence,predicted_label
4440.0,776.8183226585388,0.09246000505818332,220.97235932872653,230.77176702862783,231.82843040473838,46.05982230997038,15.882922013820334,234.63652517275418,18.159117389761832,0.7154085040092468,RBC
10509.5,416.2426406145096,0.7622523684799518,219.03793103448277,220.00223123732252,220.30912778904664,66.64361054766734,19.335902636916835,228.31460446247465,13.862186613469166,0.6929207444190979,WBC
1591.5,282.6101715564728,0.25040380828858033,203.52861144457785,225.90836334533816,230.43537414965988,28.67266906762705,31.593437374949982,232.1964785914366,15.121602799844702,0.5986036062240601,RBC
2052.0,521.7056238651276,0.09474061155240229,212.89764094362255,226.55057976809277,230.5905637744902,40.25029988004798,21.601759296281486,231.9200319872051,14.471028387245344,0.4439953863620758,RBC
2090.0,343.5391037464142,0.22253780165473533,211.8853322528363,227.67179902755265,225.7382495948136,46.485008103727715,19.995948136142626,229.57374392220422,52.61266659028275,0.38343265652656555,RBC
3158.5,584.8355669975281,0.11604413408058815,226.43009545199328,236.057551937114,235.15103874227964,46.705783267827066,13.298708590679395,238.1723750701853,16.522229805587223,0.35186418890953064,RBC
1415.0,316.36753034591675,0.17765707001441097,204.9755369928401,225.28639618138425,228.21957040572792,28.437350835322196,27.79474940334129,229.909307875895,3346.784414806739,0.2915322780609131,RBC
893.0,146.2253954410553,0.5248264494748075,199.11319948739856,214.2857753096967,221.70653566851774,34.457069628363946,27.919265271251604,222.89448953438702,2811.919982399755,0.25626376271247864,RBC
