{
  "total_cells": 60,
  "cell_counts": {
    "RBC": 50,
    "WBC": 10
  },
  "cell_percentages": {
    "RBC": 83.33333333333334,
    "WBC": 16.666666666666664
  },
  "feature_stats": {
    "RBC": {
      "avg_area": 1381.94,
      "avg_perimeter": 261.10442021608355,
      "avg_circularity": 0.28437926714151535,
      "avg_texture": 378.236154705749
    },
    "WBC": {
      "avg_area": 7818.6,
      "avg_perimeter": 608.0351495027542,
      "avg_circularity": 0.2575546788362177,
      "avg_texture": 296.140759283409
    }
  },
  "warnings": [
    "Ph\u00e1t hi\u1ec7n 6 v\u00f9ng c\u00f3 k\u00edch th\u01b0\u1edbc b\u1ea5t th\u01b0\u1eddng l\u1edbn \u2014 c\u00f3 th\u1ec3 l\u00e0 c\u1ee5m t\u1ebf b\u00e0o ch\u01b0a t\u00e1ch \u0111\u01b0\u1ee3c, k\u1ebft qu\u1ea3 ph\u00e2n lo\u1ea1i c\u00f3 th\u1ec3 kh\u00f4ng ch\u00ednh x\u00e1c",
    "Ti\u1ec3u c\u1ea7u c\u1ef1c th\u1ea5p: 0 t\u1ebf b\u00e0o (0.0%) - C\u00f3 th\u1ec3 l\u00e0 d\u1ea5u hi\u1ec7u gi\u1ea3m ti\u1ec3u c\u1ea7u"
  ]
}