{
  "total_cells": 13,
  "cell_counts": {
    "RBC": 10,
    "Platelets": 2,
    "WBC": 1
  },
  "cell_percentages": {
    "RBC": 76.92307692307693,
    "Platelets": 15.384615384615385,
    "WBC": 7.6923076923076925
  },
  "feature_stats": {
    "RBC": {
      "avg_area": 2393.9,
      "avg_perimeter": 403.3983965277672,
      "avg_circularity": 0.229516888389675,
      "avg_texture": 14.821692482190675
    },
    "Platelets": {
      "avg_area": 805.0,
      "avg_perimeter": 114.82842707633972,
      "avg_circularity": 0.7673373297277724,
      "avg_texture": 15.686794354562416
    },
    "WBC": {
      "avg_area": 9632.0,
      "avg_perimeter": 396.0,
      "avg_circularity": 0.7718554341234795,
      "avg_texture": 13.26589061165639
    }
  },
  "warnings": []
}