{
  "total_cells": 6,
  "cell_counts": {
    "WBC": 1,
    "RBC": 4,
    "Platelets": 1
  },
  "cell_percentages": {
    "WBC": 16.666666666666664,
    "RBC": 66.66666666666666,
    "Platelets": 16.666666666666664
  },
  "feature_stats": {
    "WBC": {
      "avg_area": 11992.5,
      "avg_perimeter": 441.899494767189,
      "avg_circularity": 0.7717427905859234,
      "avg_texture": 14.427226673258653
    },
    "RBC": {
      "avg_area": 2766.375,
      "avg_perimeter": 371.2358032464981,
      "avg_circularity": 0.31155361143560084,
      "avg_texture": 12.968774771656946
    },
    "Platelets": {
      "avg_area": 780.0,
      "avg_perimeter": 112.0,
      "avg_circularity": 0.7813910299107265,
      "avg_texture": 16.85443403861718
    }
  },
  "warnings": []
}