area,perimeter,circularity,mean_b,mean_g,mean_r,mean_h,mean_s,mean_v,texture_laplacian_var,det_confidence,predicted_label
11992.5,441.899494767189,0.7717427905859234,192.4787805300537,182.4865754373809,181.35475489346962,94.74415381950459,23.328945089208386,195.80807205958774,14.427226673258653,0.8653205037117004,WBC
5544.0,300.0,0.774088429844525,199.0656550919171,201.55529617741465,198.24657134519987,67.80391012547418,9.257659760723664,203.48468047855266,6.825106014625524,0.8440641760826111,RBC
780.0,112.0,0.7813910299107265,204.2547770700637,202.09872611464968,197.4474522292994,79.85987261146497,14.703821656050955,207.96019108280257,16.85443403861718,0.5020941495895386,Platelets
3093.0,624.9360725879669,0.09952188575805924,193.47494931943237,197.90761656530552,197.10715320011582,60.04228207355922,13.399942079351288,201.28815522733854,8.529123411214293,0.49357226490974426,RBC
1655.5,324.1248904466629,0.19802238328824698,194.31384762817441,199.68183996166746,200.34834690943939,59.15908001916627,15.023478677527551,204.18591279348348,18.336216292611226,0.378509521484375,RBC
773.0,235.8822499513626,0.17458174685157232,186.62577447335812,187.23543990086742,188.0365551425031,69.59293680297398,15.291201982651797,193.31598513011153,18.184653368176736,0.3292832374572754,RBC
