{
  "total_cells": 7,
  "cell_counts": {
    "RBC": 3,
    "Platelets": 4
  },
  "cell_percentages": {
    "RBC": 42.857142857142854,
    "Platelets": 57.14285714285714
  },
  "feature_stats": {
    "RBC": {
      "avg_area": 3161.5,
      "avg_perimeter": 683.7912634213766,
      "avg_circularity": 0.16971860568217542,
      "avg_texture": 6366.5403674110885
    },
    "Platelets": {
      "avg_area": 99.25,
      "avg_perimeter": 42.53553384542465,
      "avg_circularity": 0.5340092024992134,
      "avg_texture": 13396.93521867609
    }
  },
  "warnings": [
    "\u26a0\ufe0f WBC critically low: 0 cells (0.0%) - Could indicate severe immunosuppression",
    "\u26a0\ufe0f Platelets high: 4 cells (57.1%) - Could indicate thrombocytosis"
  ]
}