{
  "total_cells": 11,
  "cell_counts": {
    "RBC": 9,
    "WBC": 1,
    "Platelets": 1
  },
  "cell_percentages": {
    "RBC": 81.81818181818183,
    "WBC": 9.090909090909092,
    "Platelets": 9.090909090909092
  },
  "feature_stats": {
    "RBC": {
      "avg_area": 2349.3333333333335,
      "avg_perimeter": 363.48518370257483,
      "avg_circularity": 0.2892404082521897,
      "avg_texture": 9.622925125877373
    },
    "WBC": {
      "avg_area": 23708.0,
      "avg_perimeter": 632.6274164915085,
      "avg_circularity": 0.7444041131690692,
      "avg_texture": 10.755728159880597
    },
    "Platelets": {
      "avg_area": 840.5,
      "avg_perimeter": 115.07106757164001,
      "avg_circularity": 0.7976553772157315,
      "avg_texture": 13.83314134958383
    }
  },
  "warnings": []
}