{
  "total_cells": 10,
  "cell_counts": {
    "WBC": 2,
    "RBC": 8
  },
  "cell_percentages": {
    "WBC": 20.0,
    "RBC": 80.0
  },
  "feature_stats": {
    "WBC": {
      "avg_area": 23890.25,
      "avg_perimeter": 623.7071067690849,
      "avg_circularity": 0.771868304320991,
      "avg_texture": 8.60806540996006
    },
    "RBC": {
      "avg_area": 3562.125,
      "avg_perimeter": 347.6720948815346,
      "avg_circularity": 0.45847984047578866,
      "avg_texture": 6.058653123608917
    }
  },
  "warnings": [
    "\u26a0\ufe0f Platelets critically low: 0 cells (0.0%) - Could indicate thrombocytopenia"
  ]
}