area,perimeter,circularity,mean_b,mean_g,mean_r,mean_h,mean_s,mean_v,texture_laplacian_var,det_confidence,predicted_label
301.5,174.18376529216766,0.12487682026532791,220.7196029776675,214.17617866004963,245.9875930521092,114.87344913151365,34.873449131513645,245.99007444168734,527.7681283340954,0.32194021344184875,RBC
129.0,103.79898965358734,0.15045732002850815,229.51830985915495,220.72957746478875,249.27605633802818,130.1492957746479,30.560563380281693,249.287323943662,601.6353682218266,0.25157105922698975,Platelets
