{
  "total_cells": 14,
  "cell_counts": {
    "WBC": 1,
    "RBC": 12,
    "Platelets": 1
  },
  "cell_percentages": {
    "WBC": 7.142857142857142,
    "RBC": 85.71428571428571,
    "Platelets": 7.142857142857142
  },
  "feature_stats": {
    "WBC": {
      "avg_area": 11833.5,
      "avg_perimeter": 474.04163014888763,
      "avg_circularity": 0.6617441539501965,
      "avg_texture": 15.114553806003917
    },
    "RBC": {
      "avg_area": 1835.0,
      "avg_perimeter": 335.3940943181515,
      "avg_circularity": 0.22860595131060255,
      "avg_texture": 181.81130130314168
    },
    "Platelets": {
      "avg_area": 986.0,
      "avg_perimeter": 126.0,
      "avg_circularity": 0.7804510850187796,
      "avg_texture": 6.166643990929706
    }
  },
  "warnings": []
}