area,perimeter,circularity,mean_b,mean_g,mean_r,mean_h,mean_s,mean_v,texture_laplacian_var,det_confidence,predicted_label
1056.0,130.0,0.7852122703410229,240.58602150537635,234.49327956989248,232.51209677419357,102.9502688172043,9.150537634408602,241.04166666666669,11.80677171208785,0.6837160587310791,Platelets
9546.0,394.0,0.7727497093758706,238.83739837398375,233.74573170731708,238.5930894308943,75.1869918699187,12.35040650406504,243.4491869918699,9.101263612856954,0.6608078479766846,WBC
1121.5,234.669046998024,0.2559160492599861,231.5503772747448,233.50510430537062,240.12205947625387,62.841544607190414,12.13138038171327,240.89081225033289,7.299863380027989,0.6546214818954468,RBC
1973.0,462.8528114557266,0.11573138143924346,235.47993311036788,235.89088628762542,239.47784280936455,75.83570234113712,7.330685618729097,240.4623745819398,6.483281350343624,0.6135027408599854,RBC
1263.0,271.25483310222626,0.21570402278603282,234.46837209302328,233.41348837209304,239.0306976744186,80.81023255813955,9.116279069767442,239.98976744186047,8.772236306823816,0.3899054229259491,RBC
1809.0,392.99494779109955,0.1471887090839705,237.83728155339807,238.3487378640777,243.1320388349515,73.27145631067961,9.21126213592233,244.24582524271847,9.64420519757921,0.32206273078918457,RBC
1605.5,353.4385986328125,0.16150732376527155,237.47952917093141,235.87001023541453,240.37359263050155,89.84237461617195,8.87512794268168,242.4042988741044,6.511626850646218,0.3144504725933075,RBC
1068.0,163.79898953437805,0.5002172682153445,236.46897663174857,239.58340048348106,242.90249798549556,43.63255439161966,8.334407735697019,243.7091055600322,7.215962591257178,0.2515965700149536,RBC
