area,perimeter,circularity,mean_b,mean_g,mean_r,mean_h,mean_s,mean_v,texture_laplacian_var,det_confidence,predicted_label
2179.0,401.8233743906021,0.1695886181486437,204.29524855808845,206.24691018950838,209.30595990112607,64.17989563306784,8.474869541334797,209.79593518264213,6.08433835125448,0.8585031032562256,RBC
7911.5,997.286357998848,0.09996061969231887,209.21058333333332,207.5040833333333,214.25825,76.94708333333332,12.389833333333334,215.27316666666667,9.13378687428642,0.8581555485725403,WBC
1502.5,328.9533177614212,0.17448407793786766,206.8748429253581,209.3083689369188,212.17919075144508,58.11032922844935,8.3151545614476,212.61899974868055,2493.8936297499995,0.7251303195953369,RBC
958.5,123.41421353816986,0.790809032709735,206.69615384615383,206.26538461538462,205.62820512820514,70.68974358974359,8.634615384615385,209.9346153846154,36.92478278193916,0.6202921867370605,Platelets
924.0,122.0,0.7801213684270274,214.477366255144,210.37311385459532,210.97805212620025,89.25240054869684,9.412894375857338,216.46502057613168,21.707611428148233,0.4472986161708832,Platelets
1348.0,268.71067702770233,0.23460102750439268,208.83459915611814,213.14978902953587,216.4518987341772,54.30759493670886,11.422362869198313,217.08354430379748,7.258651832024037,0.4156686067581177,RBC
3937.0,716.5929266214371,0.0963452359848946,205.42567878508976,208.66106764841234,211.02692130694894,50.02346985734008,8.756557754256788,211.79935572940636,6.567989660216398,0.3680064082145691,RBC
