area,perimeter,circularity,mean_b,mean_g,mean_r,mean_h,mean_s,mean_v,texture_laplacian_var,det_confidence,predicted_label
17086.0,529.4558435678482,0.7659329872649757,209.44105409153954,205.78209277238406,206.5597164432116,86.91493296347666,13.290491601171214,212.90507011866237,20.50249438832772,0.8444395065307617,WBC
2919.0,578.5929265022278,0.1095715282758636,203.6260162601626,206.40400250156347,205.2251407129456,68.89962476547842,10.202001250781738,209.28455284552845,12.782286443838544,0.8179462552070618,RBC
2357.5,589.1787133216858,0.08534291449897352,200.72085074060007,199.4082795290543,202.19483478921381,89.78617546524876,12.760729206228635,205.83364982909228,12.133303362466526,0.7535671591758728,RBC
9965.0,420.6274163722992,0.7077697779282355,201.50853170423426,203.75184326943332,202.79123657046557,68.82999789340636,11.411417737518432,207.21318727617444,18.834873596647412,0.7323074340820312,RBC
1724.0,410.3675308227539,0.12864743845628301,215.22848788638262,216.22848788638262,216.60066833751043,68.47744360902256,6.837928153717627,218.92397660818713,11.105520287429721,0.6502891182899475,RBC
1427.5,337.9827548265457,0.15703515878222912,202.5330396475771,202.43989930774075,200.30207677784773,84.11831340465702,9.784140969162996,205.6897419760856,7.408278854875283,0.5916953682899475,RBC
720.0,108.0,0.7757018897752576,203.08818342151673,199.11463844797177,190.90652557319223,92.97707231040563,17.687830687830687,204.77072310405643,10.39033673257024,0.5057767033576965,Platelets
1586.0,393.62236392498016,0.12863333118678313,203.27903043968433,201.79368658399096,209.3771138669673,78.42559188275084,16.69447576099211,211.31172491544532,1963.257751227923,0.34343278408050537,RBC
1924.5,456.06601548194885,0.11627125413393476,191.31131824234353,192.94007989347534,200.417310252996,69.66764314247669,17.87323568575233,201.94354194407455,14.076349195632886,0.2753749191761017,RBC
