area,perimeter,circularity,mean_b,mean_g,mean_r,mean_h,mean_s,mean_v,texture_laplacian_var,det_confidence,predicted_label
2113.5,377.9238796234131,0.18595311063876763,223.19087964116622,216.17418390231748,226.06179915275357,122.27560428607028,14.480438574632444,228.6027909294792,8.83845502520479,0.6867138147354126,RBC
6734.0,330.0,0.7770609707722191,230.30511412886452,221.61831840508526,217.76451892516616,108.92112106327652,17.844553597226238,232.06414331118177,14.942577168662046,0.6200743317604065,WBC
2553.0,448.8528115749359,0.15924022369896093,228.24487594390507,224.84322186263933,232.75548363897877,98.03667745415318,12.307443365695793,235.0125854009349,11.379011197856393,0.5707290172576904,RBC
526.0,161.11269736289978,0.25464553803559964,234.28358208955225,225.4262023217247,223.66169154228857,101.06467661691542,13.75787728026534,235.2072968490879,11.571202579518587,0.518449068069458,Platelets
2144.0,509.480229139328,0.10379584626294518,228.7907915993538,223.60016155088854,234.8525848142165,111.29967689822294,14.213651050080776,236.02302100161552,9.985429769102854,0.3921969532966614,RBC
1559.5,326.95331728458405,0.18332586672646936,227.12565445026178,218.26876090750434,228.01279813845258,126.54857475276323,15.196625945317043,231.82024432809771,18.898849931012094,0.3543967604637146,RBC
2793.5,453.58073341846466,0.17062762347211113,235.4111658456486,230.6912972085386,239.4328407224959,122.60623973727422,10.76584564860427,240.4968801313629,10.701116603504145,0.3185020983219147,RBC
