area,perimeter,circularity,mean_b,mean_g,mean_r,mean_h,mean_s,mean_v,texture_laplacian_var,det_confidence,predicted_label
3535.5,494.26702547073364,0.18186010177201908,197.13454545454545,170.2807792207792,183.6464935064935,115.20441558441559,38.35558441558442,198.71220779220778,14.83861057247915,0.8754732012748718,WBC
1621.5,355.1543276309967,0.16154465568595772,203.85338151781107,207.2405782137326,207.2947857511616,70.88745482705215,12.256582343830667,210.93546721734643,7.067088312636961,0.7889899015426636,RBC
851.0,168.42640566825867,0.37698065343460607,193.6926388291003,196.00172191132157,196.89926818768834,71.24020662935858,11.580284115368059,199.916487300904,6.845713775510204,0.6911702156066895,RBC
4853.0,634.3919160366058,0.1515321813070789,199.65947940947942,201.65734265734267,207.5920745920746,67.60003885003886,14.123348873348874,209.3475135975136,6.862270018101101,0.6826881170272827,RBC
2106.0,419.33809411525726,0.15050107321461448,184.84041548630785,188.5448536355052,192.19924457034938,65.54863078375826,17.286433742524395,194.8300283286119,7.404796937799744,0.591981053352356,RBC
2369.5,410.75230717658997,0.1764844939581733,196.9192037470726,201.9270101483216,202.5870413739266,67.10109289617486,14.701405152224824,206.07103825136613,11.366243888346517,0.5031689405441284,RBC
344.5,138.04163002967834,0.22718462282121998,208.4866180048662,209.03649635036496,202.676399026764,82.49878345498783,10.493917274939173,211.21654501216545,8.146308333333334,0.3902803659439087,Platelets
1098.5,220.66904628276825,0.28348304512874756,197.32516703786192,200.66443949517446,205.6391982182628,46.29769858945805,13.707498144023756,207.13140311804008,9.779513238524684,0.2750958800315857,RBC
