{
  "total_cells": 8,
  "cell_counts": {
    "WBC": 1,
    "RBC": 6,
    "Platelets": 1
  },
  "cell_percentages": {
    "WBC": 12.5,
    "RBC": 75.0,
    "Platelets": 12.5
  },
  "feature_stats": {
    "WBC": {
      "avg_area": 3535.5,
      "avg_perimeter": 494.26702547073364,
      "avg_circularity": 0.18186010177201908,
      "avg_texture": 14.83861057247915
    },
    "RBC": {
      "avg_area": 2149.9166666666665,
      "avg_perimeter": 368.1220161517461,
      "avg_circularity": 0.216754350454863,
      "avg_texture": 8.220937695153202
    },
    "Platelets": {
      "avg_area": 344.5,
      "avg_perimeter": 138.04163002967834,
      "avg_circularity": 0.22718462282121998,
      "avg_texture": 8.146308333333334
    }
  },
  "warnings": []
}