{
  "total_cells": 10,
  "cell_counts": {
    "WBC": 1,
    "RBC": 8,
    "Platelets": 1
  },
  "cell_percentages": {
    "WBC": 10.0,
    "RBC": 80.0,
    "Platelets": 10.0
  },
  "feature_stats": {
    "WBC": {
      "avg_area": 22426.0,
      "avg_perimeter": 613.798989534378,
      "avg_circularity": 0.7480133407892146,
      "avg_texture": 8.898249171784464
    },
    "RBC": {
      "avg_area": 2202.25,
      "avg_perimeter": 313.9104241132736,
      "avg_circularity": 0.34717283071023675,
      "avg_texture": 7.529945163293396
    },
    "Platelets": {
      "avg_area": 780.0,
      "avg_perimeter": 112.0,
      "avg_circularity": 0.7813910299107265,
      "avg_texture": 8.171943091972382
    }
  },
  "warnings": []
}