{
  "total_cells": 12,
  "cell_counts": {
    "RBC": 9,
    "WBC": 2,
    "Platelets": 1
  },
  "cell_percentages": {
    "RBC": 75.0,
    "WBC": 16.666666666666664,
    "Platelets": 8.333333333333332
  },
  "feature_stats": {
    "RBC": {
      "avg_area": 2514.5555555555557,
      "avg_perimeter": 379.23408517572614,
      "avg_circularity": 0.24822310647675977,
      "avg_texture": 258.13493226584484
    },
    "WBC": {
      "avg_area": 6144.25,
      "avg_perimeter": 493.5182886123657,
      "avg_circularity": 0.4575539377987027,
      "avg_texture": 8.824422729744105
    },
    "Platelets": {
      "avg_area": 783.0,
      "avg_perimeter": 112.0,
      "avg_circularity": 0.7843963800257678,
      "avg_texture": 8.627606292517006
    }
  },
  "warnings": []
}