{
  "total_cells": 13,
  "cell_counts": {
    "WBC": 1,
    "RBC": 10,
    "Platelets": 2
  },
  "cell_percentages": {
    "WBC": 7.6923076923076925,
    "RBC": 76.92307692307693,
    "Platelets": 15.384615384615385
  },
  "feature_stats": {
    "WBC": {
      "avg_area": 23358.5,
      "avg_perimeter": 660.8700569868088,
      "avg_circularity": 0.6720826193610246,
      "avg_texture": 9.542509223726626
    },
    "RBC": {
      "avg_area": 2533.9,
      "avg_perimeter": 374.3214411973953,
      "avg_circularity": 0.25941678205505414,
      "avg_texture": 118.27960418726953
    },
    "Platelets": {
      "avg_area": 767.75,
      "avg_perimeter": 153.4350284934044,
      "avg_circularity": 0.48857170451347115,
      "avg_texture": 12.230283417729591
    }
  },
  "warnings": []
}