area,perimeter,circularity,mean_b,mean_g,mean_r,mean_h,mean_s,mean_v,texture_laplacian_var,det_confidence,predicted_label
3678.0,533.6223638057709,0.16231308950155657,195.20117586912068,194.60659509202455,195.31569529652353,91.18456032719837,8.883946830265849,198.62193251533745,5.0264206121283115,0.7981676459312439,RBC
7590.0,362.0,0.7278376191430826,187.67176418439715,173.9339539007092,170.40403368794327,101.09086879432624,27.59020390070922,189.0447695035461,13.11952739739816,0.7524922490119934,WBC
3010.0,483.27921772003174,0.1619496896711317,193.68274582560298,192.9879406307978,194.18460111317256,82.63481756338899,12.253246753246755,198.67594310451454,10.021248736705958,0.6533514261245728,RBC
864.0,118.0,0.7797575560762945,193.20451339915374,192.87023977433003,185.59238363892806,86.46403385049365,13.06488011283498,195.43159379407615,6.6704369764434706,0.4682343900203705,Platelets
2771.5,482.8944412469864,0.14935519551388904,193.87345056212166,197.68232920149902,201.2490631305852,50.56961660420871,12.600749495531854,202.84923609109254,11.060617904761905,0.4591010510921478,RBC
1774.0,313.8822498321533,0.2262715572567871,193.51041666666666,192.45079022988506,194.64152298850576,91.40050287356321,12.005747126436782,198.5003591954023,6.970500500996683,0.45734333992004395,RBC
2012.5,350.81118166446686,0.20549388272912045,184.0483193277311,189.76596638655462,194.13823529411766,41.76470588235294,16.505042016806723,195.87058823529412,6.1555726486599935,0.3631489872932434,RBC
1753.0,365.6812392473221,0.16473520474453884,191.64599722350763,196.87783433595558,200.37297547431746,42.714021286441465,13.790837575196669,201.95326237852848,11.288834761278787,0.3182336688041687,RBC
4669.5,570.2670260667801,0.1804362209274506,180.10346914078258,179.0923759580476,185.51754739814442,93.66397741024606,15.223477208551834,187.62263009277933,8.539829582388201,0.3104943633079529,RBC
