{
  "total_cells": 14,
  "cell_counts": {
    "WBC": 1,
    "RBC": 12,
    "Platelets": 1
  },
  "cell_percentages": {
    "WBC": 7.142857142857142,
    "RBC": 85.71428571428571,
    "Platelets": 7.142857142857142
  },
  "feature_stats": {
    "WBC": {
      "avg_area": 10593.0,
      "avg_perimeter": 707.7056249380112,
      "avg_circularity": 0.26578076150148183,
      "avg_texture": 14.296212835552438
    },
    "RBC": {
      "avg_area": 1978.375,
      "avg_perimeter": 337.3738742669423,
      "avg_circularity": 0.24826626971820817,
      "avg_texture": 14.11437987736923
    },
    "Platelets": {
      "avg_area": 275.0,
      "avg_perimeter": 112.62741649150848,
      "avg_circularity": 0.27242961306322006,
      "avg_texture": 23.065419848055896
    }
  },
  "warnings": []
}