area,perimeter,circularity,mean_b,mean_g,mean_r,mean_h,mean_s,mean_v,texture_laplacian_var,det_confidence,predicted_label
10614.0,1232.0975396633148,0.08786153099696997,221.3474482406066,220.33995058362441,224.056488029309,75.15497997784783,7.771747465280736,224.98730510351876,5.184777889368897,0.8129366040229797,WBC
2251.5,490.8944419622421,0.11741013447303542,225.45720637273064,230.4609114486847,231.99518340125974,44.36939607261949,8.188217858466098,232.4357169321971,3.791999966622402,0.6044058799743652,RBC
2030.0,437.1959580183029,0.13346076983983082,222.332928802589,223.80906148867314,226.88430420711975,72.21035598705502,7.260922330097087,227.29571197411005,3.9120197238425054,0.3992258310317993,RBC
995.5,256.81118178367615,0.1896807550076034,216.2652329749104,219.0358422939068,221.80824372759858,57.0421146953405,8.237455197132617,222.23028673835125,3.8313563102301904,0.3843030333518982,RBC
1050.0,130.0,0.7807508369868125,224.86404066073698,222.6569250317662,223.47522236340535,83.08132147395172,6.067344345616265,226.42820838627702,5.024627124523066,0.28849267959594727,Platelets
