area,perimeter,circularity,mean_b,mean_g,mean_r,mean_h,mean_s,mean_v,texture_laplacian_var,det_confidence,predicted_label
3105.0,576.4507908821106,0.11742132853875283,186.3127962085308,182.60100710900474,179.71949052132703,77.27221563981043,16.158471563981045,189.3222748815166,15.58492163294049,0.8822349309921265,RBC
1149.0,253.39696860313416,0.22486769205966406,168.8825278810409,173.14423791821562,172.94200743494423,58.64758364312267,11.635315985130111,175.50594795539033,9.297518567527831,0.7856480479240417,RBC
4157.5,594.8355669975281,0.1476550364421356,173.4722160232091,177.615710778844,177.88529346128095,62.24280294577103,13.402588707877706,180.96496317786207,10.03403084707478,0.6726987361907959,RBC
1156.0,260.7106764316559,0.21372241120495988,172.33903133903135,177.8627730294397,181.49050332383666,54.17853751187085,17.268755935422604,183.14102564102566,12.66053151398546,0.6120622158050537,RBC
1697.5,369.29646277427673,0.15641174139318428,167.09503470368392,167.80832888414307,168.85210891617726,75.32781633742658,12.87933796049119,172.24079017618791,10.84244094151822,0.5893035531044006,RBC
2872.5,535.0954535007477,0.12606873047537068,182.25607416879797,185.5447570332481,185.681905370844,61.904411764705884,10.998081841432226,188.2893222506394,12.047888129991655,0.4723622798919678,RBC
1071.0,197.25483298301697,0.3458947970024534,159.13464447806354,161.4515885022693,172.1195158850227,60.965960665658095,24.319213313161878,172.77609682299547,9.28612335977085,0.25191307067871094,RBC
