area,perimeter,circularity,mean_b,mean_g,mean_r,mean_h,mean_s,mean_v,texture_laplacian_var,det_confidence,predicted_label
4361.0,568.1076449155807,0.16979882617553949,190.12588920025868,193.00603578357405,197.50765251131708,61.09980599267083,13.6693252856219,199.21793489976287,7.695821837554093,0.7848781943321228,RBC
9460.0,392.0,0.7736220976405519,181.27629513343797,160.95569509855224,175.1622187336473,114.43467643467643,35.48299319727891,185.22117564974707,11.84642362150905,0.7517949938774109,WBC
986.0,180.0832600593567,0.38206749477623264,185.54276194002222,187.88485746019992,187.9959274342836,73.79303961495742,10.65531284709367,191.01480932987783,6.539764422886752,0.5433106422424316,RBC
3105.5,629.6639943122864,0.09842913704992716,182.67860093638117,187.22996419719087,189.3448085926742,57.69567612228037,14.106857614982099,191.67915174882953,7.896735416315981,0.464689165353775,RBC
1888.5,353.154327750206,0.1902820351627527,196.44570649704679,199.38891412994093,199.18491594729667,66.35074965924579,10.029986369831894,202.0581553839164,6.853789512172424,0.3697125017642975,RBC
914.5,158.3847758769989,0.45810676487786123,178.7993951612903,181.52016129032256,180.87802419354838,72.76713709677419,9.400201612903226,183.89213709677418,10.949529050317764,0.351315438747406,RBC
925.5,196.18376529216766,0.3021761308072559,191.24723247232473,194.82564575645756,196.18542435424354,53.22970479704797,11.074723247232471,198.26660516605165,7.710379958677687,0.3314942419528961,RBC
2662.0,481.1370825767517,0.14450412819638772,176.0768345323741,179.71769784172662,182.57812949640288,65.89064748201439,15.796546762589928,185.0345323741007,8.081906939869821,0.3302443027496338,RBC
1754.0,278.56854140758514,0.2840372587511185,182.56444636678202,188.21626297577856,188.181660899654,57.292820069204154,13.79930795847751,191.04714532871972,12.237131721495574,0.2833887040615082,RBC
