{
  "total_cells": 15,
  "cell_counts": {
    "RBC": 14,
    "WBC": 1
  },
  "cell_percentages": {
    "RBC": 93.33333333333333,
    "WBC": 6.666666666666667
  },
  "feature_stats": {
    "RBC": {
      "avg_area": 2785.464285714286,
      "avg_perimeter": 393.3298945341791,
      "avg_circularity": 0.29785264538471246,
      "avg_texture": 485.24450674373355
    },
    "WBC": {
      "avg_area": 26040.0,
      "avg_perimeter": 652.0,
      "avg_circularity": 0.7697605545887897,
      "avg_texture": 6.479599863000806
    }
  },
  "warnings": [
    "\u26a0\ufe0f Platelets critically low: 0 cells (0.0%) - Could indicate thrombocytopenia"
  ]
}