area,perimeter,circularity,mean_b,mean_g,mean_r,mean_h,mean_s,mean_v,texture_laplacian_var,det_confidence,predicted_label
15413.0,496.97056245803833,0.7842160264580379,219.06452542128764,219.6158721013971,224.20754716981133,49.93849920783523,22.227567334005474,231.5537951893994,15.400752410468318,0.8214482069015503,WBC
972.0,239.7401144504547,0.21251750683269563,208.0457933972311,214.82534611288608,230.11714589989353,32.70287539936103,25.70926517571885,230.17039403620876,24.91459394987597,0.815076470375061,RBC
1761.0,369.8822499513626,0.16174923619239318,199.84047496128034,205.5136809499226,222.4708311822406,29.498193082085702,26.912235415591123,222.4708311822406,24.04601845839285,0.6981652975082397,RBC
1552.0,301.19595777988434,0.21498259595277347,204.75313597591568,207.96638233818362,225.37631710988458,40.616658304064224,25.193176116407425,225.3768188660311,16.427396120293846,0.6689550280570984,RBC
1821.0,365.6812391281128,0.17112538963798596,209.86195826645266,212.50882825040128,225.85955056179776,50.244783306581056,20.209069020866774,225.98796147672553,22.0004683959423,0.4393484890460968,RBC
4632.5,516.551295876503,0.21817168268478324,218.00912408759126,220.63726682887267,235.79886455798865,61.07238442822385,22.2816301703163,235.8191403081914,19.439223764928972,0.4253028631210327,RBC
1568.0,288.02438497543335,0.23751848063593117,208.97202505219207,214.83674321503133,227.96784968684761,34.54237995824635,25.776617954070982,229.81127348643008,13.60734688136496,0.2774474322795868,RBC
