area,perimeter,circularity,mean_b,mean_g,mean_r,mean_h,mean_s,mean_v,texture_laplacian_var,det_confidence,predicted_label
2171.5,536.2081506252289,0.09490801174880256,185.80850185720183,176.59925711927363,168.6842756912918,90.76186545604622,36.723070573669006,193.07924061081306,20.85072723604748,0.9039669632911682,WBC
6448.5,334.2426406145096,0.7253453993427579,197.31026252983295,207.79045346062054,201.81837708830548,54.80453460620525,18.13126491646778,210.07589498806684,26.824345615919498,0.8160990476608276,RBC
3665.0,581.2792180776596,0.13630577310498815,190.33274780426598,196.59422835633626,202.12145545796736,53.58820577164366,22.33224592220828,205.86675031367628,21.976563753959443,0.6665605306625366,RBC
1378.0,276.083260178566,0.22718462262502906,182.17762926486105,194.6964474147028,192.760816039395,57.21983819908547,26.89588462891312,200.87689060851213,20.62761937557392,0.6056344509124756,RBC
459.5,169.35533821582794,0.20132494945604365,169.3490115882754,179.76550783912748,184.17246080436266,45.68029993183367,27.788684389911385,188.67143830947512,35.71283471828397,0.4786146879196167,RBC
1295.0,308.36753046512604,0.17113638221964145,168.5269878119559,181.250725478816,174.78932095182822,56.00870574579222,26.09576320371445,185.07544979686594,23.34122046235706,0.3994441330432892,RBC
1409.5,273.98275446891785,0.23595462214239454,181.55035737491878,196.75438596491227,184.92072774528913,57.03898635477582,24.716049382716047,198.04548408057178,17.69791189732917,0.35809746384620667,RBC
1687.0,376.0243842601776,0.14993151488609685,190.46999541914795,197.4521300961979,210.76454420522217,51.72652313330279,28.25881814017407,212.01511681172698,20.48890932694833,0.27109217643737793,RBC
1728.5,207.15432798862457,0.5061639672109175,188.79438800193518,196.32365747460085,208.84857281083694,40.89695210449927,27.170778906627962,209.92791485244314,67.06309712058612,0.2529350221157074,RBC
