{
  "total_cells": 16,
  "cell_counts": {
    "Platelets": 14,
    "RBC": 2
  },
  "cell_percentages": {
    "Platelets": 87.5,
    "RBC": 12.5
  },
  "feature_stats": {
    "Platelets": {
      "avg_area": 161.96428571428572,
      "avg_perimeter": 81.25504486049924,
      "avg_circularity": 0.37219960952829056,
      "avg_texture": 9330.600815942738
    },
    "RBC": {
      "avg_area": 417.5,
      "avg_perimeter": 147.9116871356964,
      "avg_circularity": 0.2406206767840791,
      "avg_texture": 5927.924918857554
    }
  },
  "warnings": [
    "RBC th\u1ea5p: 2 t\u1ebf b\u00e0o (12.5%) - C\u00f3 th\u1ec3 l\u00e0 d\u1ea5u hi\u1ec7u thi\u1ebfu m\u00e1u ho\u1eb7c r\u1ed1i lo\u1ea1n m\u00e1u",
    "WBC c\u1ef1c th\u1ea5p: 0 t\u1ebf b\u00e0o (0.0%) - C\u00f3 th\u1ec3 l\u00e0 d\u1ea5u hi\u1ec7u suy gi\u1ea3m mi\u1ec5n d\u1ecbch nghi\u00eam tr\u1ecdng",
    "Ti\u1ec3u c\u1ea7u cao: 14 t\u1ebf b\u00e0o (87.5%) - C\u00f3 th\u1ec3 l\u00e0 d\u1ea5u hi\u1ec7u t\u0103ng ti\u1ec3u c\u1ea7u"
  ]
}