area,perimeter,circularity,mean_b,mean_g,mean_r,mean_h,mean_s,mean_v,texture_laplacian_var,det_confidence,predicted_label
7945.0,656.4751764535904,0.23166858623529052,202.2572759022119,188.42544998656757,197.70788931673684,110.76806662487688,22.74039580908033,205.2763499597027,11.974999112186168,0.8129753470420837,WBC
1165.0,176.76955223083496,0.46851215834428017,187.42125765164164,193.960489705064,191.0205898720089,59.19143016138008,13.306065664997218,195.480244852532,9.299097158212126,0.4098392724990845,RBC
767.5,115.35533833503723,0.7247911029011415,198.79858464888406,202.70767555797497,201.84050081654874,64.22318998366903,10.405552531301035,205.22972237343498,19.317337868579514,0.40310436487197876,RBC
1422.0,183.39696872234344,0.5312820635877612,186.11209715086406,190.20784680056047,188.45492760392338,64.70621205044371,12.199906585707613,192.52125175151798,9.724028970261962,0.320677250623703,RBC
1318.5,328.46803617477417,0.15356907565665792,191.69202397418164,193.73536191793454,195.53480866758875,71.49423697556477,14.450899031811895,199.09774089442138,16.616563824546745,0.3150513172149658,RBC
1128.0,242.9116871356964,0.2402271798419866,190.1679306608884,194.10328638497654,197.1336222462983,57.78331527627302,13.879378837125318,198.94582881906825,12.1019713080992,0.28654348850250244,RBC
1618.0,340.0243846178055,0.17586048020639192,199.34875228241023,199.66737674984785,199.99878271454656,85.40079123554473,9.835057821059038,203.40687766281192,18.603103559600026,0.2811923921108246,RBC
