{
  "total_cells": 18,
  "cell_counts": {
    "RBC": 17,
    "WBC": 1
  },
  "cell_percentages": {
    "RBC": 94.44444444444444,
    "WBC": 5.555555555555555
  },
  "feature_stats": {
    "RBC": {
      "avg_area": 2106.294117647059,
      "avg_perimeter": 373.84474861621857,
      "avg_circularity": 0.21767192221987447,
      "avg_texture": 84.21155214509334
    },
    "WBC": {
      "avg_area": 27160.0,
      "avg_perimeter": 668.0,
      "avg_circularity": 0.7648683752689123,
      "avg_texture": 14.984337100289789
    }
  },
  "warnings": [
    "\u26a0\ufe0f Platelets critically low: 0 cells (0.0%) - Could indicate thrombocytopenia"
  ]
}