area,perimeter,circularity,mean_b,mean_g,mean_r,mean_h,mean_s,mean_v,texture_laplacian_var,det_confidence,predicted_label
1415.0,327.05382323265076,0.16623705755959892,115.26348228043143,122.38828967642527,122.26553672316385,57.6034925526451,22.332819722650232,124.74678993323062,15.10382284914755,0.7294832468032837,RBC
7031.0,336.0,0.7826154318094471,127.3939048704073,136.48191398461978,138.45884363429224,37.86072344061521,22.700085445741955,139.3489034463116,10.542566666666666,0.7294434309005737,RBC
13866.5,958.6345561742783,0.18961406980626846,108.74660726525016,94.57868403015763,107.30657984921177,120.65298149417409,43.02227553118574,111.75394105551747,6.557586350879324,0.6843084096908569,WBC
1239.0,284.5685410499573,0.19226817135687946,119.55924695459579,125.12569213732004,128.1389811738649,54.709856035437426,21.951827242524917,129.06146179401992,9.52976543649381,0.5485231876373291,RBC
2557.5,535.0365773439407,0.11226866539317006,122.69616204690831,130.66950959488273,131.04557569296375,42.163113006396586,19.54904051172708,132.4299040511727,16.876774051318424,0.5223233699798584,RBC
2439.0,577.4213534593582,0.09192549636949186,114.72839059674503,120.37251356238698,123.41808318264015,52.64737793851718,23.155877034358046,124.48860759493671,7.915400720389844,0.5166386961936951,RBC
1173.0,132.9116871356964,0.8344139083722114,106.37218205019141,114.5512547851978,118.4666099532114,38.897490429604424,28.327945555082945,118.96767333049766,7.150991546410155,0.48260581493377686,RBC
1935.0,474.50966584682465,0.10799426831326467,116.53312426499411,122.77146217169738,123.8373186985496,47.478635829086635,18.653077224617796,124.98157585260682,7.504892402568883,0.44703802466392517,RBC
1165.0,134.0832600593567,0.8143041871669472,98.25683646112601,107.33887399463808,111.40911528150136,43.40857908847185,32.28686327077748,111.88847184986597,8.86934263943319,0.2742551267147064,RBC
