area,perimeter,circularity,mean_b,mean_g,mean_r,mean_h,mean_s,mean_v,texture_laplacian_var,det_confidence,predicted_label
1327.0,290.7106765508652,0.19731441909089018,220.1190742814483,223.4990668159761,224.01754385964912,53.548712206047036,7.29712579320642,225.48114968271744,4.433865076161765,0.7268441915512085,RBC
3460.0,573.7644996643066,0.13207439052148406,223.39377682403435,226.78138412017168,226.29023605150215,64.69957081545064,7.384656652360515,228.59146995708156,4.664557952489164,0.6516926884651184,RBC
1807.5,399.2964631319046,0.1424614116027566,227.25901151988108,229.47268673355632,230.52173913043478,70.35711631363806,6.667781493868451,232.00520252694167,6.420201289320011,0.536152720451355,RBC
1755.5,316.811182141304,0.21979089313378514,221.77303312629402,224.5781573498965,225.7316252587992,66.49534161490683,8.519409937888199,227.62163561076605,5.473264074454623,0.5338649749755859,RBC
8988.0,382.0,0.774009341039584,231.35134020618557,229.41319587628868,228.5820618556701,81.87340206185567,7.604742268041237,233.41113402061856,6.226114125146548,0.4860980808734894,RBC
3322.0,561.5634882450104,0.13237676571217544,223.5061425061425,228.0966420966421,228.09555009555012,53.00163800163801,8.295386295386296,230.1070161070161,4.726489984067287,0.4749809503555298,RBC
