{
  "total_cells": 9,
  "cell_counts": {
    "WBC": 1,
    "RBC": 7,
    "Platelets": 1
  },
  "cell_percentages": {
    "WBC": 11.11111111111111,
    "RBC": 77.77777777777779,
    "Platelets": 11.11111111111111
  },
  "feature_stats": {
    "WBC": {
      "avg_area": 10816.5,
      "avg_perimeter": 421.5563486814499,
      "avg_circularity": 0.7648659898456308,
      "avg_texture": 8.953223352606994
    },
    "RBC": {
      "avg_area": 2121.0,
      "avg_perimeter": 398.4809506790979,
      "avg_circularity": 0.184039508660037,
      "avg_texture": 14.796737998193374
    },
    "Platelets": {
      "avg_area": 930.0,
      "avg_perimeter": 122.0,
      "avg_circularity": 0.7851870915986314,
      "avg_texture": 17.62174716278616
    }
  },
  "warnings": []
}