area,perimeter,circularity,mean_b,mean_g,mean_r,mean_h,mean_s,mean_v,texture_laplacian_var,det_confidence,predicted_label
10816.5,421.5563486814499,0.7648659898456308,200.1838275925585,199.91453306317922,197.92061153066862,62.08380917296003,14.789463989685025,205.19635291950635,8.953223352606994,0.8231390118598938,WBC
4210.0,714.1909056901932,0.10372019591921158,203.58369363804817,205.3312744492485,209.31665637224623,60.56310479719991,9.805641342392423,209.96499897055796,11.879578278507175,0.6709417104721069,RBC
930.0,122.0,0.7851870915986314,202.52698863636365,197.53835227272728,199.953125,88.74289772727273,15.319602272727273,206.6306818181818,17.62174716278616,0.6522252559661865,Platelets
1120.5,229.49747371673584,0.26734120819492735,198.83133187772924,201.7079694323144,211.17903930131004,45.808951965065496,16.44650655021834,211.29585152838428,10.441183002544937,0.4775904715061188,RBC
1690.0,337.5391044616699,0.1864010614153854,196.3889990089197,200.84192269573836,206.66699702675916,44.15163528245788,14.418731417244796,207.0872150644202,35.46222366506318,0.3989236354827881,RBC
2750.0,546.7939374446869,0.11558332306728125,208.21534408956205,210.71814290418175,213.48864010536712,44.288442541982214,7.722094171880144,213.93085281527823,11.14631992466408,0.29950353503227234,RBC
897.5,269.1543275117874,0.15568314184765436,202.83272283272282,204.501221001221,209.66544566544567,64.72893772893772,11.004884004884005,210.11904761904762,9.713013482879314,0.28765445947647095,RBC
2069.0,301.6812399625778,0.28567599312168007,198.5855301698887,201.16666666666666,206.1552431165788,49.90011716461628,12.145869947275923,207.0298769771529,11.255157158654315,0.2649722695350647,RBC
2110.0,390.50966596603394,0.17387163705411898,191.11923688394276,190.77329093799682,201.8235294117647,75.93640699523053,19.044515103338632,202.7154213036566,13.679690475040598,0.2623651921749115,RBC
