area,perimeter,circularity,mean_b,mean_g,mean_r,mean_h,mean_s,mean_v,texture_laplacian_var,det_confidence,predicted_label
12874.5,1152.7422024011612,0.1217519285812332,234.3633811142308,234.83619033545145,235.6646224323925,61.18789714792374,8.049578838480862,238.58142456036646,3.515048481453402,0.8042668104171753,WBC
2855.5,400.61017096042633,0.22358779139819487,224.53186198321416,234.13770593720855,237.7833385141436,32.735467827168165,15.194280385452284,238.63133354056572,5.524608846743523,0.7558631300926208,RBC
2211.5,507.2375885248184,0.10801248289116397,224.7958027981346,236.17121918720852,237.17588274483677,30.833777481678883,14.5363091272485,238.28780812791473,3.701083327065399,0.6680036783218384,RBC
1178.5,271.982754945755,0.20019660758845065,217.5693641618497,233.11343930635837,236.3764450867052,26.946531791907514,21.030346820809246,237.18641618497108,8.643175662303946,0.6415825486183167,RBC
2176.0,511.76449966430664,0.10440671764782107,232.1869276918219,239.1562993369119,241.98073886959267,30.78718029681086,10.635617303441743,242.25607830754657,3.5230590801167714,0.45562052726745605,RBC
1709.5,365.2964630126953,0.16098597225830316,226.70071617037317,234.76818695816058,236.11647191858273,28.880512627214475,10.917075009423295,236.7768563889936,6.598386320673655,0.4206095337867737,RBC
3140.5,494.4091612100601,0.1614491053735955,228.8071104387292,237.76954109934445,240.94351991931418,35.55244578920827,13.831568330811903,241.58245083207265,5.423857573139844,0.32974565029144287,RBC
1902.0,342.7106773853302,0.20350032439465915,224.39036755386564,232.72961554710605,236.29657794676805,35.558935361216726,13.808618504435994,236.7562315166878,5.225321770803642,0.3212296664714813,RBC
