{
  "total_cells": 10,
  "cell_counts": {
    "WBC": 1,
    "RBC": 9
  },
  "cell_percentages": {
    "WBC": 10.0,
    "RBC": 90.0
  },
  "feature_stats": {
    "WBC": {
      "avg_area": 3785.0,
      "avg_perimeter": 639.4213548898697,
      "avg_circularity": 0.11633261084739807,
      "avg_texture": 18.065367203478527
    },
    "RBC": {
      "avg_area": 1417.611111111111,
      "avg_perimeter": 274.9321056207021,
      "avg_circularity": 0.25300064598942623,
      "avg_texture": 20.60582059781426
    }
  },
  "warnings": [
    "\u26a0\ufe0f Platelets critically low: 0 cells (0.0%) - Could indicate thrombocytopenia"
  ]
}