{
  "total_cells": 18,
  "cell_counts": {
    "WBC": 1,
    "RBC": 16,
    "Platelets": 1
  },
  "cell_percentages": {
    "WBC": 5.555555555555555,
    "RBC": 88.88888888888889,
    "Platelets": 5.555555555555555
  },
  "feature_stats": {
    "WBC": {
      "avg_area": 5539.5,
      "avg_perimeter": 873.4629843235016,
      "avg_circularity": 0.0912412907535087,
      "avg_texture": 8.254521498284562
    },
    "RBC": {
      "avg_area": 2633.4375,
      "avg_perimeter": 336.305346891284,
      "avg_circularity": 0.2943869075616077,
      "avg_texture": 184.36275336735224
    },
    "Platelets": {
      "avg_area": 768.0,
      "avg_perimeter": 112.0,
      "avg_circularity": 0.7693696294505615,
      "avg_texture": 7.565261340679522
    }
  },
  "warnings": []
}