area,perimeter,circularity,mean_b,mean_g,mean_r,mean_h,mean_s,mean_v,texture_laplacian_var,det_confidence,predicted_label
3172.0,426.99494767189026,0.21862386607167883,168.50782997762863,167.66778523489933,166.0542505592841,71.11045861297539,15.47734899328859,173.0089485458613,8.040358288667486,0.9082264304161072,RBC
9540.0,392.0,0.7801643563943833,154.73707040373708,144.12345679012347,155.68234901568235,100.94994994994995,28.21254587921255,159.42642642642645,16.67885178911335,0.6834781169891357,WBC
456.0,136.6274163722992,0.30697216338254263,165.80268199233714,167.34865900383141,162.83141762452107,77.05172413793103,11.802681992337163,169.43486590038313,23.7662570861678,0.6582486033439636,Platelets
2511.5,489.23758840560913,0.13185706756847093,159.8519434628975,168.84028268551236,171.05759717314487,37.82614840989399,19.146289752650176,172.47597173144877,9.239681858762873,0.5423636436462402,RBC
3364.0,427.6812390089035,0.23111357310906802,146.27818283791362,157.6839596186203,159.76247896803142,33.94840157038699,23.987941671340437,161.11749859786877,12.003340387174154,0.4456729590892792,RBC
577.5,187.69848430156708,0.20598724130331536,162.24101796407186,162.0434131736527,159.374251497006,78.72005988023953,10.54940119760479,164.8607784431138,10.443504190513025,0.4115300476551056,Platelets
2380.5,557.379723072052,0.09628878771212045,159.33184689706428,171.51356373095504,174.61947231512448,30.509847640282423,23.56558900037161,175.44518766257897,21.039296107517266,0.3263534605503082,RBC
1621.5,279.6396094560623,0.2605730180685101,154.2005532503458,164.30497925311204,166.69882434301522,33.97441217150761,21.032503457814663,167.7216459197787,9.140733064703468,0.2737550735473633,RBC
