{
  "total_cells": 8,
  "cell_counts": {
    "RBC": 5,
    "WBC": 1,
    "Platelets": 2
  },
  "cell_percentages": {
    "RBC": 62.5,
    "WBC": 12.5,
    "Platelets": 25.0
  },
  "feature_stats": {
    "RBC": {
      "avg_area": 2609.9,
      "avg_perimeter": 436.18662152290347,
      "avg_circularity": 0.18769126250596965,
      "avg_texture": 11.89268194136505
    },
    "WBC": {
      "avg_area": 9540.0,
      "avg_perimeter": 392.0,
      "avg_circularity": 0.7801643563943833,
      "avg_texture": 16.67885178911335
    },
    "Platelets": {
      "avg_area": 516.75,
      "avg_perimeter": 162.16295033693314,
      "avg_circularity": 0.256479702342929,
      "avg_texture": 17.10488063834041
    }
  },
  "warnings": []
}