{
  "total_cells": 10,
  "cell_counts": {
    "WBC": 1,
    "RBC": 7,
    "Platelets": 2
  },
  "cell_percentages": {
    "WBC": 10.0,
    "RBC": 70.0,
    "Platelets": 20.0
  },
  "feature_stats": {
    "WBC": {
      "avg_area": 28727.0,
      "avg_perimeter": 682.4852812290192,
      "avg_circularity": 0.7750211585090221,
      "avg_texture": 5.9479405427427645
    },
    "RBC": {
      "avg_area": 2507.9285714285716,
      "avg_perimeter": 284.34620583057404,
      "avg_circularity": 0.4288798039519119,
      "avg_texture": 8.76715940942024
    },
    "Platelets": {
      "avg_area": 967.5,
      "avg_perimeter": 124.0,
      "avg_circularity": 0.7835384513597093,
      "avg_texture": 7.788902181614647
    }
  },
  "warnings": []
}