area,perimeter,circularity,mean_b,mean_g,mean_r,mean_h,mean_s,mean_v,texture_laplacian_var,det_confidence,predicted_label
12870.0,458.0,0.7710054623615232,180.62614364135408,162.8475526075023,170.53865507776763,108.55077767612077,29.66456999085087,182.22312442817932,11.833978503583706,0.8302943110466003,WBC
6248.0,318.0,0.7764198765724865,191.0020025031289,192.20425531914893,190.36520650813515,72.53141426783479,6.044555694618272,193.4525657071339,5.2287293816561995,0.7515271306037903,RBC
1323.5,306.4680366516113,0.17707752264181495,187.5872420262664,191.2151344590369,191.2332707942464,63.635397123202004,10.12445278298937,193.66103814884303,8.357909455894406,0.6810450553894043,RBC
754.0,110.0,0.783061441588993,194.66434782608695,191.3008695652174,190.13739130434783,85.19826086956522,10.146086956521739,196.55478260869566,12.284444444444444,0.5930870771408081,Platelets
3348.5,645.1787127256393,0.10108811724796074,185.89897629310346,188.77289870689654,188.14035560344828,63.8135775862069,9.563038793103448,190.91621767241378,7.348094075060772,0.533266007900238,RBC
952.5,156.5269113779068,0.48853627525746535,183.8978444236176,186.6087160262418,186.75257731958763,62.384723523898785,9.73664479850047,189.27366447985005,10.520715713882993,0.399402379989624,RBC
935.0,253.53910386562347,0.18278122049297207,178.6813559322034,178.98248587570623,180.00508474576273,69.24576271186442,10.40677966101695,183.02824858757063,11.57989892589229,0.31329628825187683,RBC
4950.5,366.1248906850815,0.4640880853677095,177.97361535106847,179.61622328826866,181.71696467509813,62.744657653728744,9.198211949411252,182.8872655909289,6.772984894636041,0.31301456689834595,RBC
