{
  "total_cells": 11,
  "cell_counts": {
    "RBC": 9,
    "WBC": 2
  },
  "cell_percentages": {
    "RBC": 81.81818181818183,
    "WBC": 18.181818181818183
  },
  "feature_stats": {
    "RBC": {
      "avg_area": 2472.277777777778,
      "avg_perimeter": 420.0856402317683,
      "avg_circularity": 0.18131636754899993,
      "avg_texture": 5.589340669190029
    },
    "WBC": {
      "avg_area": 12936.0,
      "avg_perimeter": 460.0,
      "avg_circularity": 0.7682070358864332,
      "avg_texture": 5.996990233365383
    }
  },
  "warnings": [
    "\u26a0\ufe0f Platelets critically low: 0 cells (0.0%) - Could indicate thrombocytopenia"
  ]
}