area,perimeter,circularity,mean_b,mean_g,mean_r,mean_h,mean_s,mean_v,texture_laplacian_var,det_confidence,predicted_label
10622.0,414.0,0.778781235651492,201.27460724591216,190.59874959923053,193.8709522282783,106.76530939403655,15.166720102596987,201.65133055466495,10.02962821716292,0.8617883324623108,WBC
992.0,126.0,0.7852002802623015,205.70661672908864,200.04619225967542,199.02122347066168,100.98252184769039,9.478152309612984,206.19225967540575,8.12103994490358,0.744070291519165,Platelets
3338.0,655.4213529825211,0.09764612739774134,201.45291951604418,199.3695423461336,204.21830615465544,91.75644397685429,8.337453971593897,205.2448711204629,9.379776993227516,0.6428139209747314,RBC
1915.5,310.9533179998398,0.24894398070260912,200.118937287612,199.3778189681804,202.7463700957677,68.79548965091134,6.857275254865616,203.52177942539387,12.273349348940425,0.6222465634346008,RBC
856.5,165.84061920642853,0.3913410537268371,200.4957345971564,198.04170616113745,202.76777251184834,98.77914691943128,8.421800947867299,203.7924170616114,11.172050172839507,0.42253077030181885,RBC
461.5,173.01219248771667,0.19374395006022202,208.08655616942912,203.11602209944752,200.88397790055248,105.90055248618785,9.01657458563536,208.20810313075506,9.620471256278968,0.27991971373558044,Platelets
1362.5,324.12488985061646,0.16297523299459324,197.7447216890595,198.09277031349967,201.59373000639795,65.13371721049263,7.790786948176583,202.4395393474088,15.140927162844509,0.26631155610084534,RBC
2908.5,392.2670257091522,0.23752828175546237,199.37257939581718,198.83552801445907,201.41518202943453,82.2563903950426,5.663051897753679,202.08907823392718,4.442161877902111,0.2662845849990845,RBC
