{
  "total_cells": 8,
  "cell_counts": {
    "WBC": 1,
    "Platelets": 2,
    "RBC": 5
  },
  "cell_percentages": {
    "WBC": 12.5,
    "Platelets": 25.0,
    "RBC": 62.5
  },
  "feature_stats": {
    "WBC": {
      "avg_area": 10622.0,
      "avg_perimeter": 414.0,
      "avg_circularity": 0.778781235651492,
      "avg_texture": 10.02962821716292
    },
    "Platelets": {
      "avg_area": 726.75,
      "avg_perimeter": 149.50609624385834,
      "avg_circularity": 0.48947211516126177,
      "avg_texture": 8.870755600591274
    },
    "RBC": {
      "avg_area": 2076.2,
      "avg_perimeter": 369.7214411497116,
      "avg_circularity": 0.22768693531544865,
      "avg_texture": 10.481653111150814
    }
  },
  "warnings": []
}