{
  "total_cells": 10,
  "cell_counts": {
    "WBC": 1,
    "RBC": 8,
    "Platelets": 1
  },
  "cell_percentages": {
    "WBC": 10.0,
    "RBC": 80.0,
    "Platelets": 10.0
  },
  "feature_stats": {
    "WBC": {
      "avg_area": 9850.5,
      "avg_perimeter": 920.5756813287735,
      "avg_circularity": 0.1460660023437777,
      "avg_texture": 22.961923070567483
    },
    "RBC": {
      "avg_area": 1651.5,
      "avg_perimeter": 381.9238797724247,
      "avg_circularity": 0.14975813215129902,
      "avg_texture": 21.586055766426213
    },
    "Platelets": {
      "avg_area": 514.5,
      "avg_perimeter": 153.21320295333862,
      "avg_circularity": 0.27542468394945985,
      "avg_texture": 23.034073340079836
    }
  },
  "warnings": []
}