epoch,time,train/box_loss,train/cls_loss,train/dfl_loss,metrics/precision(B),metrics/recall(B),metrics/mAP50(B),metrics/mAP50-95(B),val/box_loss,val/cls_loss,val/dfl_loss,lr/pg0,lr/pg1,lr/pg2
1,143.371,1.42012,2.33821,1.44774,0.90926,0.52244,0.58412,0.38179,1.22597,2.05205,1.18969,0.00046641,0.00046641,0.00046641
1,297.875,1.42095,2.1639,1.50143,0.72106,0.81632,0.80103,0.49541,1.28215,1.21293,1.25881,0.000471372,0.000471372,0.000471372
2,299.587,1.28919,1.23656,1.33672,0.74106,0.75827,0.87292,0.53851,1.22511,1.40668,1.30443,0.000849411,0.000849411,0.000849411
3,476.735,1.24156,1.10864,1.30665,0.84021,0.88146,0.89302,0.57669,1.15034,1.30357,1.21711,0.0011381,0.0011381,0.0011381
