area,perimeter,circularity,mean_b,mean_g,mean_r,mean_h,mean_s,mean_v,texture_laplacian_var,det_confidence,predicted_label
3817.0,610.9360721111298,0.1285110545026807,207.3601108033241,189.7703139427516,197.17036011080333,112.09810710987996,25.689750692520775,208.82871652816252,9.566288003051023,0.8722249865531921,WBC
