area,perimeter,circularity,mean_b,mean_g,mean_r,mean_h,mean_s,mean_v,texture_laplacian_var,det_confidence,predicted_label
27264.0,668.0,0.7677971790622837,183.70375167914028,164.45015352139703,174.3892247169449,114.24947227019766,33.14656495874112,187.3531471886394,20.68217140724048,0.8609233498573303,WBC
924.0,225.0538227558136,0.22924984290991918,194.30668716372023,193.54189085318984,201.13758647194467,76.86010760953113,14.706764027671023,202.17524980784012,24.035456359230665,0.649960458278656,RBC
3633.0,400.5096660852432,0.28460941187589855,173.5514067841178,143.1143833815409,155.56008414409678,122.35498290823035,49.4265053904812,176.45095976860375,817.1278618685078,0.6466414928436279,WBC
1406.0,312.0832600593567,0.18140708161219166,198.48742514970058,200.51736526946107,206.10598802395208,59.83353293413174,15.99880239520958,208.24491017964073,30.357639596752225,0.5633563995361328,RBC
700.0,220.42640602588654,0.18104255274636358,181.34875444839858,180.88137603795968,192.55634638196918,74.16073546856465,19.706998813760382,193.0314353499407,26.720179015062577,0.5336564779281616,RBC
1197.0,282.22539496421814,0.188847758954179,193.65400843881858,192.45274261603376,200.21392405063293,76.57426160337553,16.17594936708861,202.2945147679325,19.36761970644137,0.5270164608955383,RBC
1416.0,386.79393661022186,0.118936129822466,188.5959947757945,187.48367435785806,202.25859817152806,82.6295167609926,24.51240748802786,202.90248149760555,20.69278123578402,0.5112804174423218,RBC
833.5,115.41421353816986,0.7863155696926792,191.17610062893084,184.71069182389937,182.33490566037736,90.79088050314466,19.861635220125788,194.52830188679246,40.01337292729591,0.4838218688964844,Platelets
1153.0,273.740114569664,0.19335806083901733,191.4797611147976,190.3178500331785,194.83742534837424,77.22694094226941,12.254810882548108,196.80225613802256,14.945150650734545,0.3251665532588959,RBC
