area,perimeter,circularity,mean_b,mean_g,mean_r,mean_h,mean_s,mean_v,texture_laplacian_var,det_confidence,predicted_label
16661.0,1067.7888839244843,0.18362852157243245,174.44239236091258,160.90897135342217,170.08302361484363,107.37069014809309,27.507633369546575,177.93361541540398,15.589185545713905,0.8882296681404114,WBC
2124.5,486.26702523231506,0.11290598375117378,205.54294217687075,210.78273809523807,213.21471088435374,34.12755102040816,9.62797619047619,213.42219387755102,9.54788534342888,0.7747951149940491,RBC
1080.0,281.19595777988434,0.17163880128200135,187.69421487603304,193.7578512396694,197.21157024793388,40.789256198347104,13.72809917355372,197.79999999999998,10.667715691233559,0.7639073133468628,RBC
1885.0,480.8528119325638,0.10244644639807585,197.88032166508987,203.081362346263,206.7147587511826,32.636234626300855,11.386944181646168,206.91721854304635,11.467874773007363,0.7262862920761108,RBC
894.0,123.65685415267944,0.7347016162424725,184.09408194233689,184.70561456752657,184.1638846737481,67.57207890743551,11.743550834597876,188.84370257966617,32.62416850722464,0.5333738923072815,Platelets
3528.5,634.977702498436,0.10997223096955894,187.30597797587833,190.81305715783955,193.89958049292082,51.99239643418983,11.245673833245936,194.77084425799686,11.346291471065864,0.42052847146987915,RBC
1957.5,359.63960886001587,0.19018514912630227,190.44340065758573,195.92202912165337,197.20150305307658,33.67402536402067,9.681070925317051,197.73226867073745,8.030596923249576,0.3432759940624237,RBC
918.0,122.0,0.7750556452554233,187.53453453453454,190.36186186186185,190.28978978978978,58.82282282282282,11.342342342342342,193.38288288288288,17.66586734693877,0.2980867922306061,RBC
1097.0,166.76955223083496,0.4956589655909093,195.29761904761904,198.82142857142856,200.59608843537416,50.30697278911565,8.600340136054422,201.34948979591837,13.78580536031067,0.25128573179244995,RBC
