{
  "total_cells": 9,
  "cell_counts": {
    "WBC": 1,
    "RBC": 7,
    "Platelets": 1
  },
  "cell_percentages": {
    "WBC": 11.11111111111111,
    "RBC": 77.77777777777779,
    "Platelets": 11.11111111111111
  },
  "feature_stats": {
    "WBC": {
      "avg_area": 16661.0,
      "avg_perimeter": 1067.7888839244843,
      "avg_circularity": 0.18362852157243245,
      "avg_texture": 15.589185545713905
    },
    "RBC": {
      "avg_area": 1798.642857142857,
      "avg_perimeter": 361.67180836200714,
      "avg_circularity": 0.27969474605334926,
      "avg_texture": 11.787433844176386
    },
    "Platelets": {
      "avg_area": 894.0,
      "avg_perimeter": 123.65685415267944,
      "avg_circularity": 0.7347016162424725,
      "avg_texture": 32.62416850722464
    }
  },
  "warnings": []
}