{
  "total_cells": 13,
  "cell_counts": {
    "RBC": 12,
    "WBC": 1
  },
  "cell_percentages": {
    "RBC": 92.3076923076923,
    "WBC": 7.6923076923076925
  },
  "feature_stats": {
    "RBC": {
      "avg_area": 2948.5833333333335,
      "avg_perimeter": 423.56973145405453,
      "avg_circularity": 0.27687901344193194,
      "avg_texture": 10.606883174917423
    },
    "WBC": {
      "avg_area": 17272.0,
      "avg_perimeter": 1137.2447282075882,
      "avg_circularity": 0.16782035241374038,
      "avg_texture": 9.402026516602616
    }
  },
  "warnings": [
    "\u26a0\ufe0f Platelets critically low: 0 cells (0.0%) - Could indicate thrombocytopenia"
  ]
}