area,perimeter,circularity,mean_b,mean_g,mean_r,mean_h,mean_s,mean_v,texture_laplacian_var,det_confidence,predicted_label
7657.0,792.6761864423752,0.15313585528209012,213.49046966488103,200.9525351937212,206.56160458452723,119.67422449233835,17.565840289024543,214.0313940450978,8.72347222523793,0.7955507040023804,WBC
1746.5,497.72286903858185,0.08859378617542604,209.7090909090909,212.58097251585622,214.29344608879492,61.03086680761099,9.547568710359407,215.7906976744186,7.046065972222221,0.42096588015556335,RBC
1513.5,307.1543278694153,0.2015946541176316,214.59778968519757,215.25050234427326,212.6892163429337,86.68117883456128,7.591091761553918,217.16577361018085,6.381770284206344,0.39431697130203247,RBC
1115.0,303.25483310222626,0.15235940541258497,216.84139571768438,217.89373513084854,218.7327517842982,76.91118160190325,7.43695479777954,220.87470261697067,21.593715140783846,0.296613484621048,RBC
3404.0,258.0,0.6426285315077013,210.44114318053198,210.5073571024335,209.55432937181664,91.34323712507074,5.881154499151104,212.50339558573856,5323.916567739046,0.2595517039299011,RBC
