area,perimeter,circularity,mean_b,mean_g,mean_r,mean_h,mean_s,mean_v,texture_laplacian_var,det_confidence,predicted_label
8747.5,387.0710676908493,0.7336896528810543,222.1718875502008,222.19317269076305,223.06767068273092,82.44477911646587,6.351807228915663,225.2467871485944,4.92587535939063,0.8808343410491943,RBC
1889.5,473.92387986183167,0.10571572090304576,227.33163481953292,228.9031847133758,229.99787685774947,66.99447983014862,5.657749469214438,231.23906581740977,7.477218761557616,0.8592535257339478,RBC
17442.0,534.0,0.7686411517052163,221.5915877347889,207.6571680847648,215.52070958420293,116.79860330711189,17.899341788409053,222.13501364585005,7.004392035431242,0.788320004940033,WBC
2584.5,566.4091613292694,0.10123387527528685,225.3135359116022,226.64537292817678,228.4281767955801,70.71132596685082,6.548687845303867,229.64261049723757,4.577935257416991,0.7089254260063171,RBC
3978.5,650.0071396827698,0.11832948449164511,224.53673723536738,226.67040265670403,228.21544209215443,49.38522208385222,5.734952262349522,228.88127853881278,4.780957239143758,0.5891797542572021,RBC
2165.5,415.92387986183167,0.1573042080999946,219.53901789113058,222.1937571374191,221.91929958127142,66.63189950513895,7.99771602588504,224.52150742291587,13.699811687654266,0.5838263034820557,RBC
1610.0,265.39696884155273,0.2872392759294225,216.93557325943888,217.70072739868377,220.62071354347074,77.70072739868375,9.539314166955316,222.36681676480777,4.676212589291242,0.5077551007270813,RBC
2237.5,450.6101711988449,0.13847485758681777,220.1102687801516,217.5551343900758,219.04272915230874,108.31633356305996,6.5782219159200555,221.69641626464508,5.381905943904769,0.36547669768333435,RBC
1679.5,272.12488996982574,0.2850055644797159,224.20909926470588,223.79044117647058,224.92876838235293,91.48759191176471,5.486213235294118,226.72748161764704,9.706298562303978,0.264609694480896,RBC
