{
  "total_cells": 17,
  "cell_counts": {
    "RBC": 15,
    "WBC": 1,
    "Platelets": 1
  },
  "cell_percentages": {
    "RBC": 88.23529411764706,
    "WBC": 5.88235294117647,
    "Platelets": 5.88235294117647
  },
  "feature_stats": {
    "RBC": {
      "avg_area": 1939.9666666666667,
      "avg_perimeter": 314.91933982372285,
      "avg_circularity": 0.27081509302395107,
      "avg_texture": 355.8893998484285
    },
    "WBC": {
      "avg_area": 19444.0,
      "avg_perimeter": 1294.180801987648,
      "avg_circularity": 0.14588329705910502,
      "avg_texture": 10.920834891486901
    },
    "Platelets": {
      "avg_area": 628.5,
      "avg_perimeter": 228.32590079307556,
      "avg_circularity": 0.15149726294180685,
      "avg_texture": 29.802478022341205
    }
  },
  "warnings": []
}