area,perimeter,circularity,mean_b,mean_g,mean_r,mean_h,mean_s,mean_v,texture_laplacian_var,det_confidence,predicted_label
8820.0,376.0,0.7839759847403229,239.69773554387382,236.20986655883542,233.87727456530527,84.68479579458148,8.322887181560857,240.98847553578648,6.398806210994023,0.7235349416732788,WBC
9790.0,398.0,0.7766519047156404,236.1353985381135,229.6971806474069,226.45945005221026,95.55099199443092,11.786982248520712,237.0866689871215,7.698205953701447,0.6340979337692261,WBC
2740.0,403.88224971294403,0.21108185076874345,231.76235935901806,231.84282304807363,232.727241732015,78.54994885782475,6.148653256051824,235.35049437436072,1822.9075121389267,0.2690243422985077,RBC
