area,perimeter,circularity,mean_b,mean_g,mean_r,mean_h,mean_s,mean_v,texture_laplacian_var,det_confidence,predicted_label
12610.0,454.0,0.7687997702607714,244.0241337467979,233.62680328973977,240.5863556694081,119.80841310502899,12.48280976135904,244.67412700552782,6.829178702539812,0.705260694026947,WBC
1866.0,401.19595766067505,0.1456828424059744,241.31280615815257,241.13692558898998,242.52834149755074,89.0853743876837,5.002099370188944,243.96501049685097,4.253576711975658,0.46382761001586914,RBC
1661.0,281.7401143312454,0.2629554179452009,242.79052924791088,244.91754874651812,244.4289693593315,67.50417827298051,4.472980501392758,245.99944289693593,3.507517128960385,0.4403996467590332,RBC
1133.0,193.4558435678482,0.3804311486868818,243.26323119777157,243.84401114206128,244.84679665738162,78.27089136490251,4.203342618384401,246.0766016713092,4.205917022479541,0.32184886932373047,RBC
