area,perimeter,circularity,mean_b,mean_g,mean_r,mean_h,mean_s,mean_v,texture_laplacian_var,det_confidence,predicted_label
2102.5,444.4091613292694,0.13377651011295774,222.36730660643704,223.37690570299264,226.28119706380573,58.36645962732919,6.279503105590062,226.68577075098813,5.592328193630013,0.742908239364624,RBC
6844.5,328.3847756385803,0.7976007670785398,221.8728308728309,222.06086506086507,225.2841232841233,78.6871276871277,5.752395752395753,225.6013986013986,4.689198541223326,0.6372308731079102,RBC
26496.0,656.0,0.7737176434183071,224.45798128004046,215.34176574753351,219.7327093346825,105.49309385277004,12.564735643814824,225.65631166202883,7.257893721082332,0.621449887752533,WBC
2468.0,578.9360725879669,0.09253239395206007,219.14752370916753,220.8942746750966,222.86547242711626,45.075869336143306,5.280997541271514,223.2153143659993,4.902329973897703,0.5544248223304749,RBC
2252.5,500.2081503868103,0.11312878842516023,228.41922005571033,229.13091922005572,232.18050139275766,62.12562674094708,5.798607242339833,232.53342618384403,4.507984433709071,0.40206968784332275,RBC
1559.0,365.33809411525726,0.14677972224958924,219.1396117306898,219.17430813713344,224.8071045022718,76.98182569186287,8.932672449401075,225.17265592730277,2320.0393729463153,0.385613352060318,RBC
629.5,149.2132030725479,0.35529663312680976,221.44169884169884,221.76525096525097,224.94131274131274,72.94671814671814,7.04015444015444,225.75289575289574,4.052730696798493,0.37826868891716003,RBC
1041.5,260.4680360555649,0.19291245479280217,223.04025764895331,222.30394524959743,226.81561996779388,76.49114331723027,7.581723027375201,227.45169082125605,6.791918330269862,0.3572184443473816,RBC
2686.0,226.0,0.6608440651219504,220.33535714285713,216.92678571428573,223.87642857142856,96.46357142857143,9.304642857142857,224.27464285714285,3510.0224907551124,0.257867693901062,RBC
