area,perimeter,circularity,mean_b,mean_g,mean_r,mean_h,mean_s,mean_v,texture_laplacian_var,det_confidence,predicted_label
2770.0,542.4507911205292,0.11829569475940567,216.03935185185185,207.40906084656083,207.70800264550263,106.34656084656083,14.212962962962962,217.3687169312169,14.062690570250563,0.8123125433921814,RBC
1038.5,212.6690467596054,0.2885411749957558,209.90564903846155,209.06370192307693,216.7391826923077,78.9969951923077,13.264423076923078,218.16646634615387,5.78271470979081,0.6850869655609131,RBC
1641.0,362.8528116941452,0.1566236929079904,211.67763157894737,206.36951754385964,215.53234649122805,116.11019736842104,13.520833333333332,216.75,13.143462751382929,0.49732714891433716,RBC
3786.5,526.7766919136047,0.17147259639303153,207.88149164950812,204.74124914207277,213.25806451612905,103.7872340425532,13.002059025394647,214.05879661404714,6.1885910835820805,0.46760833263397217,RBC
1846.5,451.296462893486,0.1139292705221091,213.23897237033447,212.97430925836161,220.25399903053807,82.24818225884634,11.167716917111004,220.54095976732916,5.5394418550857205,0.46748799085617065,RBC
1832.0,299.74011504650116,0.2562392143204441,216.38852867830423,213.2294264339152,222.0708229426434,112.51271820448876,11.738154613466333,222.50723192019947,3350.0087281718925,0.25840726494789124,RBC
