area,perimeter,circularity,mean_b,mean_g,mean_r,mean_h,mean_s,mean_v,texture_laplacian_var,det_confidence,predicted_label
14348.0,1222.2985512018204,0.12068315019429969,204.08977539389875,204.04726785115653,204.6284277572913,59.77861213543412,9.78954073080791,208.2483405967147,3.6015795003474893,0.8329348564147949,WBC
2869.5,495.92387986183167,0.14661758135449401,194.91406458500134,204.06805444355484,207.43661595943422,29.499599679743795,16.0322925006672,207.8382706164932,2238.2712874352965,0.7288590669631958,RBC
2998.5,501.2375878095627,0.1499776880772826,198.84330244313395,206.32715529345688,211.9401853411963,43.57174950856501,17.132266217354676,212.27014883459702,5.301170329207713,0.339262992143631,RBC
2868.5,362.46803617477417,0.2743628392805739,194.14064015518915,201.479793081151,207.39864209505336,31.57032007759457,16.965082444228905,207.67151632719043,3482.5654970044384,0.32716378569602966,RBC
