area,perimeter,circularity,mean_b,mean_g,mean_r,mean_h,mean_s,mean_v,texture_laplacian_var,det_confidence,predicted_label
9434.0,390.0,0.7794289308077872,232.0604600219058,230.94983570646224,226.2105147864184,82.25761226725082,12.95487404162103,236.17831325301205,10.061980948252529,0.7065606713294983,WBC
2110.0,462.8528116941452,0.12376746811213002,224.721071863581,230.67844092570036,229.11205846528622,49.77182298010556,9.587088915956151,232.53065367438083,12.857504448400945,0.6393885016441345,RBC
3401.5,583.3797231912613,0.12559654109723528,239.22083220016316,242.5817242317106,240.68969268425346,62.68670111503943,7.213217296709273,244.48327440848516,11.929008649663814,0.6117064356803894,RBC
1832.5,283.4385983943939,0.2866393853266632,225.9880611270296,232.54106972301815,230.83715377268385,52.599331423113654,11.544890162368672,234.80276981852913,7.809333819267148,0.5000410079956055,RBC
1720.0,301.3380934000015,0.23802920094642016,231.48636953699696,236.8450887061878,237.27087840761575,47.617914322803976,9.393768931198615,239.7018606663782,10.54934960531731,0.44503429532051086,RBC
1282.0,226.56854128837585,0.31383304605734486,234.20066765578636,237.58197329376856,235.76001483679525,64.1053412462908,9.141320474777448,240.23775964391692,10.106885126400401,0.3982914090156555,RBC
234.0,76.14213526248932,0.5071957645250676,232.60355029585799,229.10650887573965,220.0147928994083,89.16863905325444,17.09467455621302,235.22781065088756,11.037367485324285,0.34204694628715515,Platelets
1143.0,241.88224971294403,0.24549807771677484,233.4334661354582,236.24701195219126,233.40478087649404,72.5195219123506,6.964940239043825,237.8796812749004,22.130006929835872,0.2507523000240326,RBC
