{
  "total_cells": 19,
  "cell_counts": {
    "WBC": 1,
    "RBC": 16,
    "Platelets": 2
  },
  "cell_percentages": {
    "WBC": 5.263157894736842,
    "RBC": 84.21052631578947,
    "Platelets": 10.526315789473683
  },
  "feature_stats": {
    "WBC": {
      "avg_area": 10854.5,
      "avg_perimeter": 838.4924211502075,
      "avg_circularity": 0.19400878861890303,
      "avg_texture": 23.1362064924284
    },
    "RBC": {
      "avg_area": 1361.90625,
      "avg_perimeter": 295.5971621796489,
      "avg_circularity": 0.23739629202872728,
      "avg_texture": 332.2084010437262
    },
    "Platelets": {
      "avg_area": 1032.75,
      "avg_perimeter": 131.1213203072548,
      "avg_circularity": 0.7545333173185496,
      "avg_texture": 35.083827426325584
    }
  },
  "warnings": []
}