{
  "total_cells": 9,
  "cell_counts": {
    "WBC": 1,
    "RBC": 6,
    "Platelets": 2
  },
  "cell_percentages": {
    "WBC": 11.11111111111111,
    "RBC": 66.66666666666666,
    "Platelets": 22.22222222222222
  },
  "feature_stats": {
    "WBC": {
      "avg_area": 16046.0,
      "avg_perimeter": 510.0,
      "avg_circularity": 0.77524022636681,
      "avg_texture": 4.892027611997393
    },
    "RBC": {
      "avg_area": 2134.6666666666665,
      "avg_perimeter": 381.54316794872284,
      "avg_circularity": 0.1996441541009726,
      "avg_texture": 584.0923596303567
    },
    "Platelets": {
      "avg_area": 674.75,
      "avg_perimeter": 138.43502855300903,
      "avg_circularity": 0.4905664845641585,
      "avg_texture": 24.337895318074324
    }
  },
  "warnings": []
}