area,perimeter,circularity,mean_b,mean_g,mean_r,mean_h,mean_s,mean_v,texture_laplacian_var,det_confidence,predicted_label
16046.0,510.0,0.77524022636681,211.52404771065795,209.16211363344877,208.29139412594589,66.7629857637553,11.95087854302937,215.1680133384635,4.892027611997393,0.7900530695915222,WBC
3598.5,577.865004658699,0.13541868182292555,207.03088521400778,212.39810311284046,214.47130350194553,50.83171206225681,11.727869649805447,215.66974708171207,5.299918039537555,0.7513713836669922,RBC
2077.5,383.9238797426224,0.177117162120963,198.92431720960843,205.1102336294834,209.1954590325765,43.44817374136229,14.629154327081277,210.18361303060217,5.593603614043582,0.6630357503890991,RBC
2175.5,423.0954524278641,0.15271870643643548,203.46673095467693,209.5760205721633,211.1407907425265,48.14014786242365,11.77242044358727,212.33461909353903,4.4617675305416284,0.6542800068855286,RBC
1630.0,317.0538226366043,0.20376588776218366,197.35717858929462,205.42221110555275,206.79989994997499,38.93746873436718,13.165082541270634,207.67883941970985,5.533222070656967,0.5276732444763184,RBC
986.0,126.0,0.7804510850187796,207.11228533685602,206.82430647291943,206.82562747688243,65.61955085865257,8.62879788639366,210.5667107001321,5.317953741496599,0.4286084473133087,Platelets
1193.0,209.740114569664,0.3407903636037697,198.08812392426853,201.01755593803787,206.12667814113598,63.56110154905336,13.627882960413082,206.87986230636835,5.21469122085048,0.42027395963668823,RBC
363.5,150.87005710601807,0.20068188410953752,212.28669724770643,204.7637614678899,205.94036697247708,93.7637614678899,14.027522935779817,214.28899082568807,43.357836894652046,0.2947569489479065,Platelets
2133.5,377.58073365688324,0.18805412285955855,193.376786487657,193.81507145950627,199.0394110004331,71.33044608055435,15.123863144218276,200.98224339540926,3478.45095530651,0.26109689474105835,RBC
