area,perimeter,circularity,mean_b,mean_g,mean_r,mean_h,mean_s,mean_v,texture_laplacian_var,det_confidence,predicted_label
15512.5,495.55634891986847,0.7937899012162953,233.01480484522207,210.94134140870344,219.6624046657694,116.59230596680125,29.269964109466127,233.72218483624943,12.998478362117535,0.771871030330658,WBC
2271.0,386.02438509464264,0.19151267328740254,199.65854616895874,201.95559921414537,208.82357563850687,85.1516699410609,27.89666011787819,214.2196463654224,19.777152315007637,0.6350210309028625,RBC
3890.5,415.4385986328125,0.28327066000671697,217.29997553217518,222.98409591387326,221.05725471005627,80.55346219721066,21.114998776608758,229.52948372889648,12.50786710976318,0.5007030367851257,RBC
1292.0,264.568541765213,0.2319508511241904,182.4558521560575,200.60095824777548,202.652977412731,57.23682409308692,34.61806981519507,206.58932238193017,11.581201709361729,0.459493488073349,RBC
4743.5,673.4041078090668,0.13144898783713588,212.34322856034146,220.30519984478073,225.5601474582848,77.06480403570042,27.024253007372913,229.98040357004268,19.93540627995847,0.32553863525390625,WBC
6172.5,674.2081509828568,0.1706408340623991,206.71791521486642,208.54427990708479,212.70818815331012,88.15331010452962,21.774970963995354,217.90664924506387,17.229988245338433,0.31229743361473083,WBC
1476.0,154.0,0.7820864828299098,226.43613707165107,210.31879543094496,204.84319833852544,108.32191069574247,26.417445482866043,226.99169262720665,16.725314255237034,0.30472755432128906,Platelets
