area,perimeter,circularity,mean_b,mean_g,mean_r,mean_h,mean_s,mean_v,texture_laplacian_var,det_confidence,predicted_label
1846.5,444.6101715564728,0.1173816981003269,175.14342431761787,184.20347394540943,182.57022332506205,37.6287841191067,14.315632754342431,185.5106699751861,10.036015381535664,0.9143640398979187,RBC
13830.0,990.8183220624924,0.17702882480853285,157.5963459696182,144.28459011906392,161.425071848912,115.0478308471329,35.31941973450117,164.28903790885454,13.88613730044995,0.8931577205657959,WBC
1698.0,478.16652023792267,0.09332311363846606,183.5296257796258,192.24844074844077,191.17723492723493,38.66424116424117,13.063409563409564,193.26975051975052,8.910097879309745,0.8533124923706055,RBC
2173.0,469.33809328079224,0.1239646849614184,166.7416807670615,173.52989283699947,173.48448956570786,50.084602368866335,15.067399887196842,176.15764241398762,11.51936333552296,0.7648857235908508,RBC
1176.0,140.0,0.7539822368615504,165.73729863692688,171.44981412639405,169.33209417596035,64.85254027261462,16.096654275092938,174.0532837670384,16.295164851135908,0.5656232833862305,RBC
1749.0,397.4802280664444,0.13911328715398044,167.16227180527383,175.05983772819474,175.20081135902637,48.261156186612574,15.770283975659229,177.52028397565923,9.352988027533137,0.5130426287651062,RBC
961.5,124.24264061450958,0.7827405015915431,169.44827586206895,171.6071964017991,171.89205397301347,73.3688155922039,14.50824587706147,175.96401799100448,13.262365647500783,0.384321928024292,Platelets
5886.0,326.0,0.6959770544254402,160.1285950413223,166.20380165289257,172.85950413223142,41.64561983471075,21.10892561983471,173.89652892561986,2353.287589162845,0.31903186440467834,RBC
