area,perimeter,circularity,mean_b,mean_g,mean_r,mean_h,mean_s,mean_v,texture_laplacian_var,det_confidence,predicted_label
4178.5,454.2670257091522,0.2544531570735667,237.09604005461995,223.75853436504323,227.0527992717342,101.45220755575785,16.467228038233955,237.89576695493855,7.957802609097209,0.9592570662498474,WBC
8434.0,366.8284270763397,0.787621374429342,230.6971727748691,214.47937172774868,214.92125654450263,109.94345549738219,21.911204188481676,231.39560209424084,12.660754609283837,0.7944710850715637,WBC
1479.5,153.41421353816986,0.7899391483624738,234.47826086956522,227.80656610470277,225.50488021295476,107.65749778172139,14.109139307897072,236.40017746228926,6.4235788287211975,0.6829038262367249,Platelets
2882.5,480.5512969493866,0.15685547151842177,227.59532526049,227.5877217685159,230.34384680371724,79.0168966488313,7.829907068431427,232.22528865108418,6.84926740230633,0.5808069705963135,RBC
1200.0,272.5685410499573,0.20297364503473342,230.23076923076923,230.10695468914645,229.4762908324552,87.01791359325605,5.344046364594309,232.5263435194942,5.802873079739316,0.5400180220603943,RBC
2173.5,361.3797233104706,0.20914233211999617,224.89093242087253,225.6988879384089,225.52395209580837,70.696749358426,7.8477331052181345,228.9606501283148,7.823084088995576,0.3562682271003723,RBC
1578.0,387.3380934000015,0.13217108096913252,226.69580078125,223.982421875,227.19677734375,98.982421875,9.6552734375,230.4267578125,5.343718706984628,0.3533971607685089,RBC
1161.0,200.9116872549057,0.3614362286438749,214.2617414248021,209.39313984168865,219.7635883905013,116.1868073878628,14.67862796833773,221.01477572559367,6.286307738132811,0.34462758898735046,RBC
2055.5,447.9238793849945,0.12874160332280915,222.58094397882664,225.46757829730922,226.66563740626378,62.777238641376265,9.338332598147332,228.90163211292457,6.98512640859668,0.29803091287612915,RBC
