{
  "total_cells": 128,
  "cell_counts": {
    "WBC": 4,
    "Platelets": 109,
    "RBC": 15
  },
  "cell_percentages": {
    "WBC": 3.125,
    "Platelets": 85.15625,
    "RBC": 11.71875
  },
  "feature_stats": {
    "WBC": {
      "avg_area": 7435.75,
      "avg_perimeter": 448.0477262735367,
      "avg_circularity": 0.5513102716753788,
      "avg_texture": 472.34068340680085
    },
    "Platelets": {
      "avg_area": 1665.151376146789,
      "avg_perimeter": 216.09656722173779,
      "avg_circularity": 0.4973068519158409,
      "avg_texture": 137.28653494981285
    },
    "RBC": {
      "avg_area": 1749.6333333333334,
      "avg_perimeter": 323.9222541332245,
      "avg_circularity": 0.23677451014289957,
      "avg_texture": 146.37396505050592
    }
  },
  "warnings": [
    "RBC th\u1ea5p: 15 t\u1ebf b\u00e0o (11.7%) - C\u00f3 th\u1ec3 l\u00e0 d\u1ea5u hi\u1ec7u thi\u1ebfu m\u00e1u ho\u1eb7c r\u1ed1i lo\u1ea1n m\u00e1u",
    "Ti\u1ec3u c\u1ea7u cao: 109 t\u1ebf b\u00e0o (85.2%) - C\u00f3 th\u1ec3 l\u00e0 d\u1ea5u hi\u1ec7u t\u0103ng ti\u1ec3u c\u1ea7u"
  ]
}