{
  "total_cells": 11,
  "cell_counts": {
    "WBC": 2,
    "RBC": 8,
    "Platelets": 1
  },
  "cell_percentages": {
    "WBC": 18.181818181818183,
    "RBC": 72.72727272727273,
    "Platelets": 9.090909090909092
  },
  "feature_stats": {
    "WBC": {
      "avg_area": 8759.5,
      "avg_perimeter": 860.2741652727127,
      "avg_circularity": 0.17473431393577915,
      "avg_texture": 9.560120017242633
    },
    "RBC": {
      "avg_area": 1767.9375,
      "avg_perimeter": 340.122734695673,
      "avg_circularity": 0.22251452315339298,
      "avg_texture": 10.726853617443433
    },
    "Platelets": {
      "avg_area": 1155.0,
      "avg_perimeter": 136.0,
      "avg_circularity": 0.784718753221499,
      "avg_texture": 7.16083490858217
    }
  },
  "warnings": []
}