area,perimeter,circularity,mean_b,mean_g,mean_r,mean_h,mean_s,mean_v,texture_laplacian_var,det_confidence,predicted_label
1158.5,308.81118178367615,0.15265810513244407,233.56796536796537,235.35974025974025,234.07359307359306,70.84632034632034,4.947186147186147,236.61991341991342,6.941330057661726,0.8536891937255859,RBC
2570.5,497.580734372139,0.13046690463779886,245.17860815906755,246.44737744257802,247.13781282139186,52.716146726088446,4.351045594789167,248.24511484401785,4.0475127438486425,0.8155748844146729,RBC
3207.0,545.1370829343796,0.13561176617365758,236.23816397228637,236.84728637413394,236.60767898383372,85.39953810623557,6.432448036951501,239.5040415704388,3.9835173180964674,0.8036350607872009,RBC
1778.5,385.78174448013306,0.1501690344346743,235.58138613861388,237.48871287128713,238.08396039603963,69.28831683168318,7.094653465346535,240.2221782178218,6.487656881546541,0.5693032145500183,RBC
16024.5,507.89949464797974,0.7806184111459743,240.35207326380055,235.50101755278556,237.4521750190791,99.73098448232003,8.81671330450267,241.90396845586363,4.262144513463109,0.47594377398490906,WBC
1840.5,395.09545278549194,0.1481636345892431,241.62981243830205,245.9422507403751,245.426456071076,49.19447186574531,5.856860809476801,247.0360315893386,4.813459240992813,0.3734190762042999,RBC
16009.0,508.4852811098099,0.7780675380916001,240.30011469351345,235.4831145660762,237.39543774690964,99.59959220084109,8.851280744233465,241.88199311838918,4.29094389255133,0.28747808933258057,WBC
1399.5,244.66904628276825,0.29378167904642866,235.39709762532982,238.88192612137203,236.25725593667545,63.64248021108179,5.7097625329815305,239.6352242744063,3.5552633501351445,0.2679763436317444,RBC
