{
  "total_cells": 87,
  "cell_counts": {
    "WBC": 4,
    "Platelets": 73,
    "RBC": 10
  },
  "cell_percentages": {
    "WBC": 4.597701149425287,
    "Platelets": 83.9080459770115,
    "RBC": 11.494252873563218
  },
  "feature_stats": {
    "WBC": {
      "avg_area": 6773.25,
      "avg_perimeter": 454.15432783961296,
      "avg_circularity": 0.4436718530813047,
      "avg_texture": 526.4569417235264
    },
    "Platelets": {
      "avg_area": 1726.63698630137,
      "avg_perimeter": 208.36166405187893,
      "avg_circularity": 0.5542325555047669,
      "avg_texture": 131.25692545259668
    },
    "RBC": {
      "avg_area": 1427.8,
      "avg_perimeter": 346.3807342529297,
      "avg_circularity": 0.1506391101128702,
      "avg_texture": 150.36865033610425
    }
  },
  "warnings": [
    "\u26a0\ufe0f RBC low: 10 cells (11.5%) - Could indicate anemia or blood disorder",
    "\u26a0\ufe0f Platelets high: 73 cells (83.9%) - Could indicate thrombocytosis"
  ]
}