area,perimeter,circularity,mean_b,mean_g,mean_r,mean_h,mean_s,mean_v,texture_laplacian_var,det_confidence,predicted_label
2561.5,516.409160733223,0.12070252318531184,208.97673202614382,212.78928104575166,211.24313725490197,58.35450980392157,8.563398692810459,214.53281045751635,6.571223027393044,0.8398531079292297,RBC
1503.5,341.0954535007477,0.1623908051476415,203.42825410928475,206.76454908929364,209.6677032430031,60.62461128387383,13.708129720124388,212.44024877832072,13.009308717527235,0.8393019437789917,RBC
11026.0,430.1421353816986,0.7488655955075701,212.2197962154294,205.8673782953259,206.24292414685428,92.8688338994016,15.71971534853631,214.91088468381045,6.924876700523238,0.7973511219024658,WBC
3503.5,562.6934312582016,0.13904913616359776,201.47145822522054,206.65230928905032,206.88349766476387,52.64141152049818,10.756357031655423,209.25921120913335,1626.6741501783292,0.7825009226799011,RBC
1835.0,392.0243858098984,0.15004439145266035,212.21178188899708,213.94888023369037,216.20691333982475,66.58617332035054,9.548685491723466,217.77896786757546,12.619538665989745,0.5288122892379761,RBC
3971.0,503.2792180776596,0.19701158101080413,209.6839365980601,215.27631890229478,214.63662171753018,49.08942512420156,9.83226874852141,217.34658149988172,7.78176154863347,0.5181565284729004,RBC
1327.5,204.6690467596054,0.39823558090984457,203.56869973190348,205.70576407506704,209.389745308311,66.78652815013405,11.360924932975871,211.0083780160858,1815.2980292974385,0.3428652882575989,RBC
1373.0,298.2253956794739,0.19399527591664897,203.64545454545456,205.66796536796537,210.27142857142857,65.55584415584416,12.502164502164502,211.82077922077923,8.076972543920041,0.32221195101737976,RBC
2206.0,433.82337486743927,0.14729549864976688,207.81610626816106,212.6305520963055,212.55624740556246,51.91407222914072,10.5475300954753,215.2544624325446,7.7542146240234375,0.2638947367668152,RBC
