area,perimeter,circularity,mean_b,mean_g,mean_r,mean_h,mean_s,mean_v,texture_laplacian_var,det_confidence,predicted_label
10222.0,1218.9848413467407,0.0864468416051708,210.8565205301696,203.32329224209843,200.85754008712578,95.84780795254426,14.537677263879877,211.80989897117433,7.17505544519072,0.8135510683059692,WBC
1334.5,244.81118202209473,0.27981174540693504,205.1220362622036,208.64191073919108,210.07496513249652,46.46513249651325,8.31276150627615,211.1492329149233,6.706832132963989,0.6958640813827515,RBC
2475.5,527.3797231912613,0.1118474118130307,203.65304151915032,207.20212423559704,207.4518828451883,50.35500482780818,7.177341486964918,208.75024139040877,6.095479924086813,0.6396737694740295,RBC
1560.0,255.74011433124542,0.2997345127374346,211.51886094674555,215.70710059171597,216.49704142011834,47.078402366863905,7.887204142011834,217.65199704142012,6.600857491106956,0.6264982223510742,RBC
949.5,223.01219284534454,0.23990959464552297,212.30092845439648,215.95903877662477,217.7209175314036,46.25832878208629,7.748771163298743,218.3615510649918,11.308830228143178,0.5911229252815247,RBC
1038.0,131.74011397361755,0.7515729620013977,205.6968253968254,210.04007936507938,211.7829365079365,47.41547619047619,8.59484126984127,212.31031746031746,7.6060259311184195,0.40369072556495667,RBC
