{
  "total_cells": 15,
  "cell_counts": {
    "RBC": 14,
    "WBC": 1
  },
  "cell_percentages": {
    "RBC": 93.33333333333333,
    "WBC": 6.666666666666667
  },
  "feature_stats": {
    "RBC": {
      "avg_area": 1976.7142857142858,
      "avg_perimeter": 308.8517922588757,
      "avg_circularity": 0.2844864068302704,
      "avg_texture": 15.688382129857903
    },
    "WBC": {
      "avg_area": 12047.0,
      "avg_perimeter": 786.2497808933258,
      "avg_circularity": 0.24488811004514838,
      "avg_texture": 15.967171399886343
    }
  },
  "warnings": [
    "\u26a0\ufe0f Platelets critically low: 0 cells (0.0%) - Could indicate thrombocytopenia"
  ]
}