{
  "total_cells": 17,
  "cell_counts": {
    "RBC": 15,
    "WBC": 1,
    "Platelets": 1
  },
  "cell_percentages": {
    "RBC": 88.23529411764706,
    "WBC": 5.88235294117647,
    "Platelets": 5.88235294117647
  },
  "feature_stats": {
    "RBC": {
      "avg_area": 2361.3333333333335,
      "avg_perimeter": 386.0227592945099,
      "avg_circularity": 0.2734381299116867,
      "avg_texture": 20.74570385776217
    },
    "WBC": {
      "avg_area": 10118.0,
      "avg_perimeter": 1132.2985513210297,
      "avg_circularity": 0.09917053034197769,
      "avg_texture": 21.619712900123215
    },
    "Platelets": {
      "avg_area": 1320.0,
      "avg_perimeter": 146.0,
      "avg_circularity": 0.7781764501292037,
      "avg_texture": 20.930390338589856
    }
  },
  "warnings": []
}