area,perimeter,circularity,mean_b,mean_g,mean_r,mean_h,mean_s,mean_v,texture_laplacian_var,det_confidence,predicted_label
4614.5,631.3797233104706,0.1454632389108071,192.95706145706146,192.46153846153845,194.7136752136752,72.73097273097272,13.923280423280422,199.23300773300772,5.248106871745216,0.6521665453910828,RBC
7920.0,358.0,0.7765492280650156,197.83719419787832,185.63758389261744,187.61723316735223,104.91729811647542,21.137908638233384,199.05066031608573,7.486146075293401,0.637443482875824,WBC
8739.5,703.4629830121994,0.22192894676509023,193.20213843556556,193.51029825548676,196.5037703995498,75.00157568936409,11.4564997186269,199.18255486775465,8.893578909072337,0.2922656536102295,WBC
2248.0,354.56854116916656,0.22470139564717592,195.84342810053565,195.2031314379893,201.26988051091882,80.9200659250103,12.664194478780388,203.03625875566544,8.477670067640016,0.27283021807670593,RBC
