area,perimeter,circularity,mean_b,mean_g,mean_r,mean_h,mean_s,mean_v,texture_laplacian_var,det_confidence,predicted_label
8505.0,372.0,0.7723218152035262,225.87512310419538,214.39846365964152,216.90328934410084,104.99527279889699,18.296040969076227,227.51644672050423,5.896211696533346,0.4862811267375946,WBC
5245.5,653.0365772247314,0.15456876642657078,220.75913591359134,220.98667866786678,222.64896489648964,72.59585958595859,12.67056705670567,227.2972097209721,5.760429637373251,0.46406325697898865,RBC
5305.0,654.0487697124481,0.15583858137935086,217.6235465116279,217.58230377906978,223.9000726744186,78.02997819767442,14.060319767441861,226.2797965116279,7.244334443288242,0.36866888403892517,RBC
