area,perimeter,circularity,mean_b,mean_g,mean_r,mean_h,mean_s,mean_v,texture_laplacian_var,det_confidence,predicted_label
844.0,205.25483334064484,0.2517477080106584,175.7809939923539,183.69579464773346,182.85800109229928,53.33151283451665,16.704533042053523,186.43637356635716,21.619766046275604,0.6975685954093933,RBC
779.0,201.9411245584488,0.24004782807910724,184.31506849315068,183.2374429223744,173.7054794520548,87.23744292237443,19.503424657534246,187.38698630136986,15.172694999798178,0.6646230816841125,Platelets
11656.0,436.0,0.7705244501776498,186.75697137580792,190.15383194829178,183.3477377654663,73.24192059095105,15.68753462603878,193.03120960295473,18.969171068808862,0.6056889891624451,WBC
1044.0,246.9116872549057,0.21519246892222008,192.7031154551008,198.0323762981063,196.87049480757483,58.03787416004887,10.444715943799634,199.92791692119732,9.871657847023107,0.508525013923645,RBC
1838.0,322.8528115749359,0.2215879937499769,184.42045966651645,190.96755295178008,192.28616493916178,47.99053627760252,13.521856692203695,193.87246507435782,12.397884222278392,0.3964802324771881,RBC
654.5,183.01219236850739,0.2455610420529879,168.70508474576272,181.76271186440678,179.0949152542373,41.40112994350282,21.783050847457627,183.74689265536725,20.688348703433164,0.39493104815483093,RBC
11328.0,428.0,0.7770975976038339,187.11371237458192,190.3930749557348,183.47668699586856,73.9252409994098,15.8178241196144,193.3488097580169,19.616735495283432,0.3718634247779846,WBC
