area,perimeter,circularity,mean_b,mean_g,mean_r,mean_h,mean_s,mean_v,texture_laplacian_var,det_confidence,predicted_label
16837.0,524.0,0.7705698314272383,218.92103101252823,214.0988909426987,216.56911070034914,84.17056890531937,9.646950092421442,220.99897309509137,5.729337228548955,0.7829174995422363,WBC
2808.5,539.8650045394897,0.12109157826517043,216.0675355450237,218.38270142180096,220.5308056872038,41.95971563981043,6.175651658767773,220.89780805687207,4.778539941602103,0.6791306734085083,RBC
1807.0,359.05382227897644,0.17613631573559874,212.5625995539981,213.478177763619,217.71455877668046,62.50716788786238,7.747690347244346,217.9598598279707,5.011230071698637,0.6554122567176819,RBC
3545.0,597.0782080888748,0.12495788388944963,214.48155898509023,216.31284331676693,218.98901386345798,50.78655506147005,6.610776876798325,219.3076118231755,5.022084681844609,0.39370158314704895,RBC
1336.5,321.9827548265457,0.16199947365575837,214.2014500258933,216.15069911962712,219.02226825479025,53.661833247022265,7.486276540652511,219.56084930088036,5.288922969291183,0.3077697157859802,RBC
2492.0,481.27921867370605,0.13519595034442433,214.36427255985268,216.01141804788213,219.12044198895026,55.32670349907919,7.058931860036832,219.45598526703498,4.727208754185451,0.28952574729919434,RBC
