area,perimeter,circularity,mean_b,mean_g,mean_r,mean_h,mean_s,mean_v,texture_laplacian_var,det_confidence,predicted_label
4811.5,641.119837641716,0.14709974637748569,173.8282102131879,178.4241447694596,189.02131879028258,65.41187407040158,31.452404561229546,191.4799206742687,25.595603294350703,0.8717044591903687,RBC
2413.5,593.0365775823593,0.08623711231686937,168.0793397231097,177.75479233226838,180.9733759318424,54.87220447284346,23.851970181043665,183.22630457933974,27.528482928475878,0.7162847518920898,RBC
1570.5,356.75230634212494,0.15506515795954373,160.62836185819071,169.22563744324134,174.903597624869,60.167656304575615,28.50716032134125,176.87600419140762,17.29657025441122,0.4604378342628479,RBC
739.5,175.35533893108368,0.3022108526357138,154.0643879173291,165.86248012718602,168.8314785373609,57.52225755166932,28.565977742448332,171.01907790143085,18.72555156587451,0.4246390163898468,RBC
1118.0,255.53910434246063,0.21514781064221605,149.74640423921272,168.03028009084028,170.19454958364875,38.08705526116578,34.64269492808479,172.42316426949282,14.1625770685699,0.35972845554351807,RBC
711.0,111.65685415267944,0.7166526138515327,171.25590551181102,171.16732283464566,169.58661417322836,76.2775590551181,27.072834645669293,180.86811023622047,130.28761341222878,0.3269256055355072,Platelets
884.5,238.81118190288544,0.19489396236739465,165.18683544303798,181.05974683544304,186.74177215189874,50.84253164556962,37.60050632911393,189.8313924050633,19.584071920949956,0.27284717559814453,RBC
613.0,216.91168701648712,0.16372101726140229,144.09942270686335,163.08338678640152,177.89801154586272,44.737652341244385,53.31045542014111,178.90057729313662,17.473418865488583,0.2617194652557373,RBC
1402.0,275.0538229942322,0.23287480616292497,162.1420518602029,177.04434423149192,178.32581736189402,44.7076287110109,27.93987222848553,180.97519729425028,17.094280990939527,0.25782108306884766,RBC
