area,perimeter,circularity,mean_b,mean_g,mean_r,mean_h,mean_s,mean_v,texture_laplacian_var,det_confidence,predicted_label
5892.0,607.5634888410568,0.2005807577134499,227.30165355594798,212.82244340985713,219.1215283352063,112.88505378070316,20.51533151388666,229.36988280622893,8.927220490664523,0.8286874890327454,WBC
1762.5,405.86500442028046,0.13445463486139322,223.50210589651024,222.09115523465704,227.25180505415165,90.78760529482551,14.20367027677497,230.60860409145607,7.360213430613392,0.676760196685791,RBC
2516.5,534.4091612100601,0.11072839623605739,224.13766730401528,223.6287444231995,226.1599745060548,82.0742511153601,11.712874442319949,229.71988527724665,7.511778863638614,0.6423912048339844,RBC
2838.5,519.6639930009842,0.1320850030372549,229.18077291600127,232.25135739380391,235.0408815075056,61.680613222612585,9.344298946023635,236.40689875439156,8.803819869398941,0.3929845690727234,RBC
1511.0,322.36753129959106,0.1827139647432647,224.42925787506672,226.56700480512546,229.54938601174584,70.56006406833956,11.88788040576615,232.020288307528,8.268794992476318,0.34300118684768677,RBC
999.0,202.7695517539978,0.30533027582129385,220.15591397849462,226.34066471163246,226.58162267839688,58.77712609970674,12.299120234604105,229.38856304985336,10.411217105263157,0.3110786974430084,RBC
