area,perimeter,circularity,mean_b,mean_g,mean_r,mean_h,mean_s,mean_v,texture_laplacian_var,det_confidence,predicted_label
8080.0,362.0,0.7748258185344015,238.07478491065518,231.71233178910214,231.3192146481359,96.26671078755791,10.270902272225898,239.12971542025147,6.347835628389325,0.8140590786933899,WBC
3426.0,582.1076446771622,0.12705466546726224,225.51473371181402,225.764801297648,228.20600162206003,71.94457961611246,6.40551500405515,229.69018653690188,5.818999617693859,0.7259221076965332,RBC
1956.5,385.2964632511139,0.16561500087427272,228.6126168224299,229.12616822429908,231.33504672897197,76.55373831775701,7.3355140186915895,233.49906542056075,5.835339612410813,0.6616305112838745,RBC
9646.0,394.0,0.7808447199496803,235.12973436161096,226.73796058269065,225.35732647814908,100.8860325621251,12.564524421593829,235.96418166238215,7.158645243696835,0.5776269435882568,WBC
1567.5,271.78174459934235,0.26667165076522004,220.65293602103418,219.68843120070113,224.71779141104295,77.54688869412796,9.057843996494304,226.0416301489921,5.37685514997583,0.5603557825088501,RBC
5141.0,705.0193320512772,0.12997368026210965,229.7125252896818,228.86886150450616,230.13352951995586,87.71730733860585,6.3877138127643915,232.65642817730364,4.853218111782812,0.34318050742149353,RBC
