area,perimeter,circularity,mean_b,mean_g,mean_r,mean_h,mean_s,mean_v,texture_laplacian_var,det_confidence,predicted_label
6786.0,330.0,0.7830614415889932,219.64654615881213,217.5048418334409,214.06036152356359,98.53615235635894,12.786313750806972,222.68269851517107,13.152455486313514,0.8352705836296082,RBC
1227.5,303.296462893486,0.16768594928778577,216.17675741568468,214.49085737505078,212.57415684681024,87.40065014221861,9.21820398212109,218.26208858187726,13.099517824899397,0.7180619835853577,RBC
2621.0,544.1665196418762,0.11122777487420221,229.56736111111113,231.35659722222223,230.64027777777778,80.94722222222222,8.144791666666666,233.94305555555556,13.766405544641076,0.6484949588775635,RBC
1107.5,308.61017084121704,0.14612789524581585,209.1622701838529,219.90407673860912,217.10151878497203,52.88329336530775,18.743405275779377,222.4036770583533,15.02329902379503,0.5607888102531433,RBC
1658.5,314.1248906850815,0.21121299696684231,229.55702479338842,227.87107438016528,224.56639118457298,88.03801652892561,9.661707988980716,231.31349862258952,15.270723211987761,0.5553937554359436,RBC
2944.5,561.7228693962097,0.11726737707759967,219.71744548286605,211.0348909657321,204.3482866043614,101.0361370716511,20.714018691588787,221.27445482866045,23.596107857042533,0.5474696159362793,WBC
2189.5,469.0365779399872,0.12506661291704993,213.0829212628376,220.0878661087866,218.04640547736784,59.29136553822747,13.262837580829213,222.14986686953216,10.649968218239191,0.5453836917877197,RBC
6586.0,326.0,0.7787470065317618,219.34517589690006,210.06060606060606,203.0299547196099,101.01288749564613,22.37687216997562,221.2473005921282,21.958956949245543,0.2517800033092499,WBC
