{
  "total_cells": 13,
  "cell_counts": {
    "RBC": 12,
    "WBC": 1
  },
  "cell_percentages": {
    "RBC": 92.3076923076923,
    "WBC": 7.6923076923076925
  },
  "feature_stats": {
    "RBC": {
      "avg_area": 1831.0833333333333,
      "avg_perimeter": 405.14283150434494,
      "avg_circularity": 0.15913637326729432,
      "avg_texture": 10.084314463308473
    },
    "WBC": {
      "avg_area": 11646.5,
      "avg_perimeter": 1080.6589415073395,
      "avg_circularity": 0.1253221949188422,
      "avg_texture": 10.923995928672126
    }
  },
  "warnings": [
    "\u26a0\ufe0f Platelets critically low: 0 cells (0.0%) - Could indicate thrombocytopenia"
  ]
}