area,perimeter,circularity,mean_b,mean_g,mean_r,mean_h,mean_s,mean_v,texture_laplacian_var,det_confidence,predicted_label
15221.5,1270.5411915779114,0.11849221467565282,169.55509675828918,153.9206828546777,174.09885369160608,109.17946505608283,41.04184641932701,178.5415382719093,18.959746754248155,0.8360423445701599,WBC
2571.0,566.450790643692,0.10069028405476782,189.96369404300316,204.2781106802961,201.98202326401127,40.19703912583715,20.489601691928094,206.36869933027845,18.22893338372173,0.8236216306686401,RBC
1205.0,211.5979789495468,0.3382002158024147,188.07044410413476,197.3384379785605,197.6998468606432,52.41883614088821,16.546707503828486,200.23047473200614,15.572810257135405,0.6622767448425293,RBC
6699.5,351.5563488006592,0.681180747531182,200.60286591606962,215.44387581030367,213.08461276015012,36.820197884681,18.79802115319004,216.4953940634596,13.905041973701303,0.6498308777809143,RBC
1250.0,290.50966680049896,0.18612242421972813,176.69326856349755,192.75433726578763,191.99236641221373,34.899375433726576,24.4205412907703,195.27827897293545,19.620517817128253,0.5617276430130005,RBC
1928.5,383.29646277427673,0.1649528731130576,182.43391757460918,193.29085741354808,191.37138796778777,43.397441970630034,16.926101373756513,195.02036949313123,9.37054190137467,0.42339426279067993,RBC
3392.0,614.7350614070892,0.1127949717975332,179.3878222709819,190.02386176631927,190.25534832693364,47.20680197476687,20.00575973669775,193.60230389467912,16.088113806153828,0.32504260540008545,RBC
