{
  "total_cells": 11,
  "cell_counts": {
    "Platelets": 2,
    "WBC": 1,
    "RBC": 8
  },
  "cell_percentages": {
    "Platelets": 18.181818181818183,
    "WBC": 9.090909090909092,
    "RBC": 72.72727272727273
  },
  "feature_stats": {
    "Platelets": {
      "avg_area": 586.25,
      "avg_perimeter": 136.8492420911789,
      "avg_circularity": 0.4885179554197158,
      "avg_texture": 8.729418474345636
    },
    "WBC": {
      "avg_area": 12540.0,
      "avg_perimeter": 454.0,
      "avg_circularity": 0.7645320475075397,
      "avg_texture": 9.935735696344558
    },
    "RBC": {
      "avg_area": 3284.125,
      "avg_perimeter": 436.93859837949276,
      "avg_circularity": 0.25052767429814393,
      "avg_texture": 7.3004936746602365
    }
  },
  "warnings": []
}