area,perimeter,circularity,mean_b,mean_g,mean_r,mean_h,mean_s,mean_v,texture_laplacian_var,det_confidence,predicted_label
4953.5,636.492421746254,0.15365105868305265,151.7640513013957,126.84251225952471,138.63372312334968,117.25575254620898,48.29781214635987,154.13353451527726,385.22231011160557,0.949478268623352,WBC
2543.0,518.9949486255646,0.11863967885432436,144.5820363164721,144.39753566796367,146.8709468223087,81.76070038910505,24.565823605706875,152.2986381322957,15.926543791761778,0.7899547219276428,RBC
2418.0,384.8528127670288,0.2051525079451213,154.72791519434628,159.64458186101294,160.9949941107185,63.8133097762073,19.10512367491166,164.45082449941106,15.258694855153383,0.6888226270675659,RBC
2603.0,518.3086558580399,0.12176069230047955,151.10186160871092,150.9364243062873,152.0860554970144,91.60063224446786,21.742887249736565,157.56796628029505,9.696006028023053,0.5024301409721375,RBC
857.0,211.94112491607666,0.23975088321671656,138.73489167616876,148.68643101482326,149.24344355758268,58.625997719498294,28.817559863169897,153.19441277080958,22.40472248475053,0.3690793216228485,RBC
1012.0,191.4558436870575,0.34693900079249573,154.67782805429866,158.13031674208145,154.9158371040724,73.46968325791856,16.930316742081448,160.93846153846155,9.016135046611236,0.3180897533893585,RBC
1689.5,394.4091606140137,0.13648159000494609,147.87700045724736,158.25743026977594,162.16323731138544,52.136716963877454,30.473251028806583,165.25743026977594,14.296221165084003,0.2583235502243042,RBC
