{
  "total_cells": 13,
  "cell_counts": {
    "Platelets": 1,
    "WBC": 1,
    "RBC": 11
  },
  "cell_percentages": {
    "Platelets": 7.6923076923076925,
    "WBC": 7.6923076923076925,
    "RBC": 84.61538461538461
  },
  "feature_stats": {
    "Platelets": {
      "avg_area": 952.0,
      "avg_perimeter": 124.0,
      "avg_circularity": 0.7780427175383671,
      "avg_texture": 20.69412409910456
    },
    "WBC": {
      "avg_area": 8160.0,
      "avg_perimeter": 364.0,
      "avg_circularity": 0.7739221124650619,
      "avg_texture": 18.42261848603696
    },
    "RBC": {
      "avg_area": 1488.8636363636363,
      "avg_perimeter": 300.89627968181264,
      "avg_circularity": 0.21905906144911286,
      "avg_texture": 16.299441523568905
    }
  },
  "warnings": []
}