{
  "total_cells": 12,
  "cell_counts": {
    "RBC": 11,
    "WBC": 1
  },
  "cell_percentages": {
    "RBC": 91.66666666666666,
    "WBC": 8.333333333333332
  },
  "feature_stats": {
    "RBC": {
      "avg_area": 1731.3636363636363,
      "avg_perimeter": 341.5961417718367,
      "avg_circularity": 0.22924785140795992,
      "avg_texture": 19.68120527571274
    },
    "WBC": {
      "avg_area": 9915.5,
      "avg_perimeter": 403.899494767189,
      "avg_circularity": 0.7637968501873379,
      "avg_texture": 12.300046784238694
    }
  },
  "warnings": [
    "\u26a0\ufe0f Platelets critically low: 0 cells (0.0%) - Could indicate thrombocytopenia"
  ]
}