area,perimeter,circularity,mean_b,mean_g,mean_r,mean_h,mean_s,mean_v,texture_laplacian_var,det_confidence,predicted_label
2601.0,449.4802280664444,0.16178156457059267,181.717225433526,186.39398843930636,185.637225433526,70.89618497109826,15.76693641618497,190.01040462427744,14.300415903926273,0.5435190796852112,RBC
12405.0,447.3137083053589,0.7790802899847384,179.51932712956335,170.61667859699355,173.50232641374373,99.81496062992126,25.010021474588402,183.60468861846815,14.781116790771485,0.5344913601875305,WBC
2777.0,527.2792183160782,0.12551754439012894,186.7416473701621,189.65431690373802,188.2173337743963,73.0400264637777,19.446576248759513,195.53754548461794,11.03657510638,0.46779903769493103,RBC
12315.0,445.3137083053589,0.7803908188004878,179.52283063489176,170.37147535019102,173.33709295979625,100.29725304711661,25.122612334000365,183.51064216845552,14.596310893421787,0.37901613116264343,WBC
1050.0,231.5979789495468,0.245996899137666,189.02794022092266,196.6094866796621,193.40090968161144,67.31838856400259,19.786874593892136,200.30409356725144,21.443418238194766,0.36425596475601196,RBC
