area,perimeter,circularity,mean_b,mean_g,mean_r,mean_h,mean_s,mean_v,texture_laplacian_var,det_confidence,predicted_label
12051.5,953.7472540140152,0.16648854887916584,224.8840695263913,212.97352894275232,215.9099027268378,105.12414287992345,18.761919948971453,226.97887099346195,28.743888259342135,0.9393736124038696,WBC
1924.0,399.33809423446655,0.1516119556247084,218.04253578732107,223.5079754601227,229.22167689161554,48.519836400817994,15.914928425357873,230.6118609406953,29.05929050734911,0.4395827651023865,RBC
1627.0,368.85281205177307,0.15027655114226876,204.31843267108167,210.5733995584989,214.94812362030905,50.27317880794702,16.759933774834437,216.58333333333334,29.258380719496696,0.4222150444984436,RBC
804.5,259.49747347831726,0.15013074675918547,204.65700141442716,207.21782178217822,215.91371994342293,84.13578500707214,18.98868458274399,216.76803394625176,42.16104434366339,0.38845115900039673,RBC
1942.0,227.3969680070877,0.47194321868458416,213.99705940011762,216.1107625955695,216.387375024505,73.02764163889434,11.988433640462654,220.66379141344834,19.599617841596473,0.36424869298934937,RBC
2330.0,445.622363448143,0.14744560428606182,228.4318600368324,230.1672805402087,232.06906077348066,64.85236341313689,7.666052793124615,233.5586249232658,22.170633176638724,0.34311580657958984,RBC
