area,perimeter,circularity,mean_b,mean_g,mean_r,mean_h,mean_s,mean_v,texture_laplacian_var,det_confidence,predicted_label
16061.5,517.899494767189,0.7524973786274337,223.38501082251082,221.44615800865802,220.2150974025974,89.10484307359307,5.597537878787879,224.41734307359306,6.878470854492233,0.737242579460144,WBC
3061.5,584.0071401596069,0.11279966607832848,230.52958236658932,230.8053944315545,231.8254060324826,65.0568445475638,3.443445475638051,232.63196055684455,6.211189058956917,0.7224803566932678,RBC
2264.5,550.894441485405,0.09376600402216718,224.3914927136668,224.7983458054352,224.83851910200866,75.10791650256006,4.359984245766049,226.6762504923198,4.738500068323641,0.5942813754081726,RBC
1760.0,289.39696848392487,0.2640794318342403,221.4940762087736,220.7483189241114,222.28850464297147,81.39193083573487,6.169068203650336,224.3218059558117,4.251123018601073,0.4168025553226471,RBC
