area,perimeter,circularity,mean_b,mean_g,mean_r,mean_h,mean_s,mean_v,texture_laplacian_var,det_confidence,predicted_label
28080.0,678.0,0.7676222945571426,211.75984866398676,198.36145660912746,212.3570584062426,119.42052494679594,22.87590446914164,216.31042799716244,9.80890114032946,0.7342629432678223,WBC
840.5,229.154327750206,0.20113676207972564,203.50309917355372,208.70867768595042,213.76342975206612,52.55681818181818,15.802685950413224,214.4426652892562,18.813130502717133,0.6947596073150635,RBC
7030.0,338.0,0.7732711163732449,209.7725344644751,216.22136797454934,219.26829268292684,51.10259809119831,13.51352067868505,220.19194061505834,9.317777469135802,0.651695966720581,RBC
1833.0,297.396968126297,0.26043494404193923,204.3779648048967,209.56720224432541,213.1514919663351,51.55751083907166,13.830400408059168,214.03698036215252,12.174855764609767,0.42197418212890625,RBC
2282.5,439.237588763237,0.14866942189745144,208.19390979603563,212.93019247342718,217.93622522263718,55.993679977018104,14.374604998563631,218.57512209135308,9.558825678163565,0.3997252881526947,RBC
1988.5,445.2375876903534,0.1260526026746887,206.65519096288327,211.72807961269498,216.25632060247443,51.33727810650887,14.792899408284022,217.19096288327057,11.0692018804879,0.37819164991378784,RBC
977.5,264.6101715564728,0.1754339174785854,209.01524090462144,211.0344149459194,217.93559488692233,66.50491642084563,15.682890855457227,219.04523107177977,8.759183673469389,0.3382895886898041,RBC
1832.5,336.95331740379333,0.2028216793693389,207.30236062280264,211.9909593169262,213.76896032144654,51.01456554495229,10.454545454545455,214.74334505273734,2799.8401980657113,0.31053388118743896,RBC
342.0,118.97056245803833,0.30363857212136186,224.1,217.25,219.7775,102.1925,11.98,226.1975,10.693686121570737,0.2940346598625183,Platelets
