{
  "total_cells": 11,
  "cell_counts": {
    "RBC": 9,
    "WBC": 1,
    "Platelets": 1
  },
  "cell_percentages": {
    "RBC": 81.81818181818183,
    "WBC": 9.090909090909092,
    "Platelets": 9.090909090909092
  },
  "feature_stats": {
    "RBC": {
      "avg_area": 3498.5555555555557,
      "avg_perimeter": 420.33865495522815,
      "avg_circularity": 0.2920875724071685,
      "avg_texture": 258.14632563071495
    },
    "WBC": {
      "avg_area": 24012.0,
      "avg_perimeter": 624.0,
      "avg_circularity": 0.7749416789735177,
      "avg_texture": 6.206043104626562
    },
    "Platelets": {
      "avg_area": 859.5,
      "avg_perimeter": 234.66904771327972,
      "avg_circularity": 0.1961300427981382,
      "avg_texture": 9.816642257175223
    }
  },
  "warnings": []
}