area,perimeter,circularity,mean_b,mean_g,mean_r,mean_h,mean_s,mean_v,texture_laplacian_var,det_confidence,predicted_label
21222.0,586.0,0.7766063587750887,222.96754721879665,206.0745764912053,220.59855909651458,106.71642759784514,23.336210813266696,225.27487505679238,8.246736394151016,0.8939887881278992,WBC
5195.5,771.2619743347168,0.10975728954418447,214.860085106383,218.6832340425532,220.87353191489362,54.27608510638298,9.56408510638298,221.73582978723405,5.389682875601996,0.6525239944458008,RBC
1349.5,323.98275458812714,0.1615619051465431,212.71193666260658,218.90255785627284,219.88915956151035,40.28014616321559,10.007917174177832,220.77101096224115,5.440975741067136,0.5901077389717102,RBC
3617.0,650.1076447963715,0.10754440637049657,216.52064220183487,219.125127420999,221.1113659531091,58.27446483180429,7.6368501529051995,221.99388379204893,4.8137150345980455,0.49872344732284546,RBC
1263.5,303.63960921764374,0.1722139240479572,216.37494242284663,217.70428374021188,220.86734223859972,66.23998157531092,8.256103178258867,221.7392906494703,4.955018160566879,0.49723294377326965,RBC
3686.0,672.8771983385086,0.10230422541545915,217.1378968253968,220.25421626984127,222.43229166666666,65.30431547619047,8.827380952380953,223.47073412698413,5.369251939368195,0.4672190546989441,RBC
1931.5,397.43859827518463,0.1536612959414501,210.99953959484347,217.30386740331494,219.05294659300185,36.82504604051565,10.597605893186005,220.00644567219155,4.714013698925772,0.4036950469017029,RBC
1278.5,208.18376529216766,0.37069512801459453,220.83368569415083,222.5095137420719,224.38689217758986,49.27202255109232,6.400986610288936,225.29880197322058,4.029326127313065,0.39237159490585327,RBC
1038.5,125.49747347831726,0.8286028057932114,210.76435495898582,214.64653243847874,216.93512304250558,48.402684563758385,8.806860551826993,217.65212527964204,5.349215008662217,0.36798375844955444,RBC
