area,perimeter,circularity,mean_b,mean_g,mean_r,mean_h,mean_s,mean_v,texture_laplacian_var,det_confidence,predicted_label
606.0,100.82842707633972,0.749059823111856,212.67342342342343,183.3536036036036,185.49774774774775,115.92567567567568,45.88513513513514,215.07432432432432,6594.472088040032,0.26641231775283813,Platelets
1114.0,147.3137083053589,0.6450728011706105,201.4164882226981,189.82119914346896,202.45182012847968,127.81263383297646,33.388650963597435,211.91434689507497,5498.3855020408155,0.18413256108760834,RBC
94559.0,4163.777018547058,0.06853900685108158,213.82999587762802,219.30755393436684,204.1295549087457,84.67355810670698,21.486289990131294,221.09901187992656,2098.8473926246584,0.13597092032432556,Platelets
