{
  "total_cells": 21,
  "cell_counts": {
    "RBC": 20,
    "WBC": 1
  },
  "cell_percentages": {
    "RBC": 95.23809523809523,
    "WBC": 4.761904761904762
  },
  "feature_stats": {
    "RBC": {
      "avg_area": 1769.85,
      "avg_perimeter": 341.3042841255665,
      "avg_circularity": 0.24382647935637553,
      "avg_texture": 9.284114208010234
    },
    "WBC": {
      "avg_area": 10918.0,
      "avg_perimeter": 910.3330405950546,
      "avg_circularity": 0.16555882766497626,
      "avg_texture": 15.034264293569313
    }
  },
  "warnings": [
    "\u26a0\ufe0f Platelets critically low: 0 cells (0.0%) - Could indicate thrombocytopenia"
  ]
}