area,perimeter,circularity,mean_b,mean_g,mean_r,mean_h,mean_s,mean_v,texture_laplacian_var,det_confidence,predicted_label
1180.5,370.1248906850815,0.1082877353208189,213.97352941176467,226.47588235294117,229.36941176470586,42.309999999999995,19.210588235294114,230.73,18.81846006446656,0.8485928177833557,RBC
13390.0,466.0,0.7748517311346189,228.83178521440385,224.20269754421682,231.94503117444967,88.81422572846418,14.738134622725537,234.30830894515842,18.55626533617922,0.8053514957427979,WBC
928.5,224.81118190288544,0.23086386090508226,209.67155664221679,220.98614506927464,221.8842705786471,50.428687856560714,17.702526487367564,224.29136104319477,16.83718624568941,0.7978949546813965,RBC
1975.5,526.5512965917587,0.08953761562504453,216.36392262708054,226.3630229419703,226.31039136302294,46.8110661268556,14.634278002699055,228.79757085020245,37.641339711688076,0.7859741449356079,RBC
1397.0,354.71067678928375,0.13952683673041877,219.1297539149888,224.6208053691275,227.84955257270693,71.40044742729306,14.244407158836689,229.38534675615213,12.608279267589387,0.5744350552558899,RBC
2436.0,200.0,0.7652919704144736,214.3125739061884,215.9243200630666,221.73433188805674,68.89988175009854,11.569176192353172,222.54197871501773,4098.679961554967,0.5278303623199463,RBC
3049.0,545.0782073736191,0.12895840424708127,211.3606923506421,222.4173646007817,227.3863763260748,37.145449469570075,20.09854829704076,228.47599106644333,16.0560351452252,0.2611556351184845,RBC
