{
  "total_cells": 17,
  "cell_counts": {
    "RBC": 15,
    "WBC": 1,
    "Platelets": 1
  },
  "cell_percentages": {
    "RBC": 88.23529411764706,
    "WBC": 5.88235294117647,
    "Platelets": 5.88235294117647
  },
  "feature_stats": {
    "RBC": {
      "avg_area": 2563.133333333333,
      "avg_perimeter": 362.35250453948976,
      "avg_circularity": 0.3205015132319405,
      "avg_texture": 217.31487245463552
    },
    "WBC": {
      "avg_area": 26218.0,
      "avg_perimeter": 659.3137081861496,
      "avg_circularity": 0.757923219397244,
      "avg_texture": 9.617364887783367
    },
    "Platelets": {
      "avg_area": 651.0,
      "avg_perimeter": 104.0,
      "avg_circularity": 0.7563523733309746,
      "avg_texture": 11.496053396177686
    }
  },
  "warnings": []
}