area,perimeter,circularity,mean_b,mean_g,mean_r,mean_h,mean_s,mean_v,texture_laplacian_var,det_confidence,predicted_label
10163.0,402.8284270763397,0.7870305099159196,239.05699647774574,233.71966058277295,234.28738392571245,92.3589497278258,8.342138968940121,240.0949407620877,4.367489345406927,0.41083604097366333,WBC
