{
  "total_cells": 16,
  "cell_counts": {
    "RBC": 14,
    "WBC": 1,
    "Platelets": 1
  },
  "cell_percentages": {
    "RBC": 87.5,
    "WBC": 6.25,
    "Platelets": 6.25
  },
  "feature_stats": {
    "RBC": {
      "avg_area": 2732.785714285714,
      "avg_perimeter": 367.96941716330394,
      "avg_circularity": 0.32462261873341525,
      "avg_texture": 218.1569430643099
    },
    "WBC": {
      "avg_area": 23842.0,
      "avg_perimeter": 626.0,
      "avg_circularity": 0.7645464590522292,
      "avg_texture": 6.716373357015027
    },
    "Platelets": {
      "avg_area": 736.0,
      "avg_perimeter": 110.0,
      "avg_circularity": 0.7643676671213513,
      "avg_texture": 9.783898007856342
    }
  },
  "warnings": []
}