area,perimeter,circularity,mean_b,mean_g,mean_r,mean_h,mean_s,mean_v,texture_laplacian_var,det_confidence,predicted_label
8931.0,380.8284270763397,0.7738401080493944,205.738531019729,209.2947468504873,209.98074637508913,56.19087235559781,8.277632517233183,211.50463513192298,4.909087837959425,0.8727903366088867,RBC
26576.0,654.0,0.7808075111691155,209.96013520764032,198.3169331473334,204.306631612834,105.74643202060308,19.966037128447258,213.3205279536431,8.646186428244025,0.8460980653762817,WBC
795.5,199.01219248771667,0.2524007722951925,200.9462481962482,203.12770562770564,205.82323232323233,65.21753246753246,9.295815295815295,206.97330447330447,5.966231464971684,0.7178928852081299,RBC
2394.0,445.82337474823,0.1513590314636658,200.84512485136742,204.3219381688466,208.35344827586206,53.902794292508915,11.378121284185493,209.07491082045183,5.238446585184487,0.71743243932724,RBC
2506.0,454.65180134773254,0.15234671651811776,203.34781413252682,206.69315369810286,208.17981853175695,56.50756117679406,8.954632939235635,209.6521858674732,6.3357600064773765,0.6649987697601318,RBC
1063.5,194.66904664039612,0.35265784901200603,198.62006578947367,201.22409539473682,203.18421052631578,62.84991776315789,8.890625,204.45723684210526,7.0383712282035535,0.5267366170883179,RBC
1577.0,335.88224959373474,0.17565780472337106,208.1588427947598,210.08897379912662,212.7980349344978,59.15884279475982,10.665665938864628,214.68613537117903,7.710717714937267,0.5117462873458862,RBC
935.5,201.01219284534454,0.29094363009193047,197.8357178095708,203.14997533300445,207.19782930439075,43.1672422298964,14.007893438579183,208.0907745436606,8.011300144699511,0.3982618749141693,RBC
1495.5,281.29646265506744,0.23750225618827667,203.64303030303032,209.61818181818182,211.71363636363637,41.11181818181818,11.00909090909091,212.3318181818182,6.6501912405866035,0.3912721872329712,RBC
