area,perimeter,circularity,mean_b,mean_g,mean_r,mean_h,mean_s,mean_v,texture_laplacian_var,det_confidence,predicted_label
22378.0,602.0,0.7759578856969834,162.30181747873164,146.70114720288734,154.032031451405,97.85357050786286,31.359113173498326,164.57031451405,13.963103372121596,0.7629296183586121,WBC
1364.0,329.8822498321533,0.1575093497765775,152.81656441717791,152.7122699386503,157.6776073619632,76.6812883435583,13.833435582822087,158.5935582822086,14.662924934108222,0.5846657156944275,RBC
1566.5,327.78174448013306,0.18321909714906354,152.9132290184922,155.86273115220484,161.20376955903274,60.144381223328594,19.471194879089616,162.7660028449502,13.405965510428674,0.5529563426971436,RBC
1155.5,210.6690467596054,0.32717367595013186,145.79835986493006,150.09310178485288,152.91027496382057,49.326097443318865,17.24553786782441,154.25711529184758,13.755128512132822,0.4659450948238373,RBC
1210.5,259.1543289422989,0.22649453227375616,160.7661996497373,158.77145359019264,163.13704028021016,76.75481611208406,12.219352014010507,164.74912434325745,19.016163269562917,0.35250359773635864,RBC
1466.0,313.39696848392487,0.18756605836326906,160.29411764705884,159.84458204334365,163.66501547987616,77.02352941176471,13.009907120743035,165.2136222910217,9.91515950122277,0.3094896376132965,RBC
1920.0,452.5096665620804,0.11782986240859068,151.1237623762376,154.13591359135913,157.93429342934292,52.17236723672367,14.67011701170117,158.7029702970297,13.192582110969388,0.29230746626853943,RBC
