{
  "total_cells": 12,
  "cell_counts": {
    "WBC": 1,
    "RBC": 11
  },
  "cell_percentages": {
    "WBC": 8.333333333333332,
    "RBC": 91.66666666666666
  },
  "feature_stats": {
    "WBC": {
      "avg_area": 28420.0,
      "avg_perimeter": 813.8233746290207,
      "avg_circularity": 0.5392294691954197,
      "avg_texture": 11.674931834954302
    },
    "RBC": {
      "avg_area": 2423.5,
      "avg_perimeter": 373.656964302063,
      "avg_circularity": 0.23151974018005375,
      "avg_texture": 12.384758446409101
    }
  },
  "warnings": [
    "\u26a0\ufe0f Platelets critically low: 0 cells (0.0%) - Could indicate thrombocytopenia"
  ]
}