{
  "total_cells": 14,
  "cell_counts": {
    "RBC": 11,
    "WBC": 1,
    "Platelets": 2
  },
  "cell_percentages": {
    "RBC": 78.57142857142857,
    "WBC": 7.142857142857142,
    "Platelets": 14.285714285714285
  },
  "feature_stats": {
    "RBC": {
      "avg_area": 2815.409090909091,
      "avg_perimeter": 390.5994670282711,
      "avg_circularity": 0.2955813644537096,
      "avg_texture": 286.68193884342804
    },
    "WBC": {
      "avg_area": 10807.0,
      "avg_perimeter": 423.65685415267944,
      "avg_circularity": 0.756635199673661,
      "avg_texture": 10.762618693310948
    },
    "Platelets": {
      "avg_area": 685.0,
      "avg_perimeter": 147.38477581739426,
      "avg_circularity": 0.5024205861494939,
      "avg_texture": 7.7608354950471075
    }
  },
  "warnings": []
}