area,perimeter,circularity,mean_b,mean_g,mean_r,mean_h,mean_s,mean_v,texture_laplacian_var,det_confidence,predicted_label
1974.0,468.16652059555054,0.11317651212813302,215.36462970457305,223.28692836908135,224.49615540267098,48.891541885876165,13.093889113719142,225.91703763658438,6.949454445862268,0.6064932942390442,RBC
2230.5,539.3797245025635,0.09634359714122913,221.04048295454547,226.47975852272728,226.98757102272728,54.43536931818182,9.150568181818182,228.53089488636365,5.528672520661156,0.4032093286514282,RBC
15517.0,1273.6955196857452,0.1201949944800091,225.37015693967632,217.87665522314862,229.54505885237865,105.87027954879844,16.515203531142717,230.52452182442374,7.043263058264598,0.39024636149406433,WBC
2192.0,556.6518018245697,0.0888961956366174,223.06952380952382,228.0222222222222,227.50698412698412,46.23714285714286,7.36,229.23714285714286,5.166757646762409,0.33055925369262695,RBC
9427.5,397.55634891986847,0.7495645143910505,219.00176616036737,225.592370187213,225.4789826916284,46.457258919109854,9.967149417167079,227.30095372659838,7.057875088009683,0.306715726852417,RBC
2108.5,449.03657829761505,0.1314074626749306,216.63341968911917,223.59758203799655,224.37564766839378,40.83333333333333,10.7793609671848,225.75647668393782,6.56795717881128,0.2541457712650299,RBC
