{
  "total_cells": 15,
  "cell_counts": {
    "RBC": 14,
    "WBC": 1
  },
  "cell_percentages": {
    "RBC": 93.33333333333333,
    "WBC": 6.666666666666667
  },
  "feature_stats": {
    "RBC": {
      "avg_area": 2968.6428571428573,
      "avg_perimeter": 409.0422264933586,
      "avg_circularity": 0.26577677765702573,
      "avg_texture": 6.820902222007303
    },
    "WBC": {
      "avg_area": 6745.5,
      "avg_perimeter": 879.7472543716431,
      "avg_circularity": 0.10952371599933602,
      "avg_texture": 7.97105559294589
    }
  },
  "warnings": [
    "\u26a0\ufe0f Platelets critically low: 0 cells (0.0%) - Could indicate thrombocytopenia"
  ]
}