{
  "total_cells": 8,
  "cell_counts": {
    "WBC": 1,
    "RBC": 7
  },
  "cell_percentages": {
    "WBC": 12.5,
    "RBC": 87.5
  },
  "feature_stats": {
    "WBC": {
      "avg_area": 4364.5,
      "avg_perimeter": 699.8305144309998,
      "avg_circularity": 0.11198467965628936,
      "avg_texture": 6.762862252428809
    },
    "RBC": {
      "avg_area": 1911.7142857142858,
      "avg_perimeter": 349.3465038878577,
      "avg_circularity": 0.22984322466594923,
      "avg_texture": 297.9917120373999
    }
  },
  "warnings": [
    "\u26a0\ufe0f Platelets critically low: 0 cells (0.0%) - Could indicate thrombocytopenia"
  ]
}