area,perimeter,circularity,mean_b,mean_g,mean_r,mean_h,mean_s,mean_v,texture_laplacian_var,det_confidence,predicted_label
4364.5,699.8305144309998,0.11198467965628936,208.27908320493066,200.90851309707242,203.27446070878275,119.15774268104776,11.447419106317412,209.3728813559322,6.762862252428809,0.7449319958686829,WBC
1613.0,292.3675308227539,0.2371296998160547,217.39769647696477,217.93970189701898,219.89363143631437,62.24390243902439,5.125338753387534,220.66632791327913,9.32413871527778,0.71507328748703,RBC
1370.5,242.32590067386627,0.2932845820245522,215.0285006195787,216.29151177199503,217.251239157373,61.85408921933085,4.958488228004956,218.34851301115242,4.932976359770327,0.5341634154319763,RBC
2878.0,538.6761860847473,0.12463645857779779,206.4379189275455,206.38110437280562,211.13309926587934,83.56878391318226,8.78838174273859,212.0124481327801,5.954867484717574,0.46499085426330566,RBC
3140.0,488.651801943779,0.16524963271143958,211.86681013868963,213.72740315638453,214.47250119560022,56.22788139646103,5.875896700143472,215.81085604973697,6.783094284182227,0.4499548077583313,RBC
1449.0,228.9116871356964,0.3474900047617994,214.24675324675326,214.50844155844155,214.0051948051948,79.52337662337662,5.246103896103896,216.3896103896104,2046.0289220864145,0.42650994658470154,RBC
1880.5,453.2375878095627,0.1150353618073361,215.32258064516128,216.12618595825427,216.9867172675522,68.41935483870968,5.537001897533207,218.6394686907021,6.129209078842697,0.3316175043582916,RBC
1051.0,201.2548327445984,0.3260768329626648,210.7742442088732,209.8201806046329,212.08598351001177,91.39693757361601,6.695327836670593,213.76128778955635,6.788776252594285,0.2706013321876526,RBC
