area,perimeter,circularity,mean_b,mean_g,mean_r,mean_h,mean_s,mean_v,texture_laplacian_var,det_confidence,predicted_label
13345.5,466.2426406145096,0.771473005103917,227.11943500804577,223.88592883962096,225.87537993920972,77.76399070266405,11.635437153584839,231.0722331485786,10.872928051734345,0.810682475566864,WBC
3053.5,550.8355674743652,0.1264631043815501,223.85693515556846,225.98924105844722,230.168944460599,61.47223029950567,9.633323640593195,230.903169526025,15.884607518671281,0.5678966641426086,RBC
2781.5,495.37972366809845,0.14243360787025164,228.85794888815136,230.74477265184203,233.34085628941256,53.65914371058746,6.571191503484899,233.84467308330568,7.759895402892563,0.5322879552841187,RBC
1573.5,279.29646348953247,0.25348119043560646,219.10419126328216,220.58441558441558,225.80017709563162,60.33323494687131,9.656434474616292,226.13016528925618,10.80583990042162,0.5321763753890991,RBC
2057.5,335.78174471855164,0.22931662701177583,227.06876456876458,229.0836247086247,231.41783216783216,53.2736013986014,8.974358974358974,233.31614219114218,7.557487970022898,0.3762064576148987,RBC
841.0,116.0,0.7853981633974483,225.17673716012084,226.2583081570997,223.1012084592145,68.9833836858006,7.5604229607250755,227.98791540785498,8.770433333333333,0.2625628709793091,Platelets
