area,perimeter,circularity,mean_b,mean_g,mean_r,mean_h,mean_s,mean_v,texture_laplacian_var,det_confidence,predicted_label
8904.0,380.0,0.7748681714006515,228.91847575057736,225.48314087759815,222.4905311778291,84.82009237875289,16.89284064665127,233.80808314087759,17.43737990141929,0.8098611235618591,WBC
3429.0,581.0782078504562,0.12761689457283124,210.42984590429847,218.6707218167072,217.48905109489053,62.701000270343336,16.95052716950527,222.38334685050015,12.77415185802212,0.7514240741729736,RBC
1642.0,309.5391038656235,0.21535352005517353,205.20478873239438,212.8025352112676,211.18281690140847,58.46253521126761,14.87380281690141,215.6467605633803,12.226243257119632,0.7156466245651245,RBC
2894.0,580.3086560964584,0.10799167899298114,221.15840959293155,227.20826759230042,227.5825181445251,66.50773114547177,14.482486588829284,231.36446828652572,17.836912849658827,0.5792967677116394,RBC
747.0,144.28427052497864,0.45091272309963026,212.16299019607843,219.9203431372549,216.9950980392157,56.96078431372549,15.911764705882353,222.90808823529412,19.40180121527778,0.4925028383731842,RBC
2955.5,307.29646277427673,0.39330159285134897,203.69309210526316,205.26184210526316,216.35460526315788,73.46875,20.50690789473684,217.66052631578947,21.155585579428266,0.387215256690979,RBC
868.0,278.5685410499573,0.14056119796408262,206.3056640625,214.12890625,216.3779296875,64.0546875,19.3994140625,220.0234375,32.514384303162856,0.37726715207099915,RBC
2447.0,377.3380935192108,0.21596458128277826,212.63634128350137,222.3560363904598,220.05360216375706,56.94738136218343,17.912957954266044,225.71231866240473,13.764332130781307,0.3716951608657837,RBC
