{
  "total_cells": 8,
  "cell_counts": {
    "WBC": 1,
    "RBC": 7
  },
  "cell_percentages": {
    "WBC": 12.5,
    "RBC": 87.5
  },
  "feature_stats": {
    "WBC": {
      "avg_area": 8904.0,
      "avg_perimeter": 380.0,
      "avg_circularity": 0.7748681714006515,
      "avg_texture": 17.43737990141929
    },
    "RBC": {
      "avg_area": 2140.3571428571427,
      "avg_perimeter": 368.34476224013736,
      "avg_circularity": 0.23595745554554656,
      "avg_texture": 18.524773027635828
    }
  },
  "warnings": [
    "\u26a0\ufe0f Platelets critically low: 0 cells (0.0%) - Could indicate thrombocytopenia"
  ]
}