area,perimeter,circularity,mean_b,mean_g,mean_r,mean_h,mean_s,mean_v,texture_laplacian_var,det_confidence,predicted_label
13268.0,462.0,0.7811444936906987,207.11257853570973,195.40043595332736,204.6818822926016,108.45018592127197,20.86870111552763,209.8340812924734,7.787246617283952,0.7792128324508667,WBC
1227.0,267.3969682455063,0.2156460308174778,200.66700507614215,203.12131979695434,205.01116751269038,77.32944162436549,14.196954314720813,208.10659898477158,2329.8645611522543,0.7271691560745239,RBC
1827.5,172.24264061450958,0.7740800946242249,205.65164319248825,199.7774647887324,198.96056338028168,104.64131455399061,12.981220657276994,206.95492957746478,9.486910190664037,0.6631937623023987,Platelets
2226.0,345.5391037464142,0.23428291507798504,216.26408163265307,216.80163265306123,216.26489795918368,84.30857142857143,6.8375510204081635,219.26938775510206,11.83654363392416,0.6133183836936951,RBC
943.5,192.32590067386627,0.32053556130861854,199.51136363636363,205.71052631578948,204.66626794258372,60.288277511961724,13.235645933014354,208.42464114832535,14.326869725293312,0.6099889278411865,RBC
1152.0,136.0,0.7826805226936508,202.19102564102565,198.36666666666667,195.53076923076924,93.84102564102564,15.311538461538461,205.43974358974359,13.183888825166468,0.4613932967185974,Platelets
5086.5,552.8355672359467,0.20913993118116234,206.42905405405406,205.3475975975976,206.06475225225225,92.85604354354355,10.338963963963964,209.92417417417417,13.397084036169566,0.39770373702049255,RBC
2186.5,323.29646265506744,0.2628799358342744,208.18479437229436,212.08685064935065,212.73133116883116,69.73593073593074,11.685876623376624,215.62012987012986,9.886165972222223,0.3661649823188782,RBC
1733.0,303.053822517395,0.237120386493767,203.06089162740122,203.325117796303,202.90757520840884,92.86589343965204,10.879304095686843,207.22943095324393,6.993450418449686,0.29937490820884705,RBC
