{
  "total_cells": 121,
  "cell_counts": {
    "RBC": 98,
    "WBC": 23
  },
  "cell_percentages": {
    "RBC": 80.99173553719008,
    "WBC": 19.00826446280992
  },
  "feature_stats": {
    "RBC": {
      "avg_area": 2973.433673469388,
      "avg_perimeter": 325.0367221187572,
      "avg_circularity": 0.32067509321771487,
      "avg_texture": 1426.6737738576019
    },
    "WBC": {
      "avg_area": 22899.108695652172,
      "avg_perimeter": 845.3219850011494,
      "avg_circularity": 0.5146640229207832,
      "avg_texture": 1721.9807875520758
    }
  },
  "warnings": [
    "Ph\u00e1t hi\u1ec7n 18 v\u00f9ng c\u00f3 k\u00edch th\u01b0\u1edbc b\u1ea5t th\u01b0\u1eddng l\u1edbn \u2014 c\u00f3 th\u1ec3 l\u00e0 c\u1ee5m t\u1ebf b\u00e0o ch\u01b0a t\u00e1ch \u0111\u01b0\u1ee3c, k\u1ebft qu\u1ea3 ph\u00e2n lo\u1ea1i c\u00f3 th\u1ec3 kh\u00f4ng ch\u00ednh x\u00e1c",
    "Ti\u1ec3u c\u1ea7u c\u1ef1c th\u1ea5p: 0 t\u1ebf b\u00e0o (0.0%) - C\u00f3 th\u1ec3 l\u00e0 d\u1ea5u hi\u1ec7u gi\u1ea3m ti\u1ec3u c\u1ea7u"
  ]
}