area,perimeter,circularity,mean_b,mean_g,mean_r,mean_h,mean_s,mean_v,texture_laplacian_var,det_confidence,predicted_label
14834.0,489.65685415267944,0.7774714724360361,205.81741349067133,200.37234890767022,197.3318450007973,85.57423058523361,18.266145750279062,209.45527029181946,6.576625402932625,0.8977829217910767,WBC
1578.5,358.6101710796356,0.15424434268034556,193.7083963691377,199.53706505295008,198.18003025718608,55.25756429652043,12.50302571860817,201.60249621785175,7.15035697487511,0.6728403568267822,RBC
1124.5,248.81118214130402,0.22825985366701962,191.94371584699454,191.70054644808744,198.55136612021857,77.50109289617487,21.407103825136613,203.29562841530054,8.033618105485429,0.5273175835609436,RBC
2186.5,400.89444184303284,0.17096187631078535,194.6498588140379,201.79588543767647,205.25050423557886,53.69705526421944,18.227107704719646,207.313836224284,5.936112101901504,0.49779337644577026,RBC
3387.5,513.2375875711441,0.16160405650236548,212.02379021357123,214.6823465801568,217.05785347391188,60.19086239524196,11.43390105433901,219.36144904028117,6.316713073050863,0.4643406867980957,RBC
974.0,188.08326089382172,0.3459939695386194,202.53201506591336,207.06497175141243,202.75612052730696,69.24670433145009,13.856873822975517,210.33615819209038,7.71585408351966,0.4409348964691162,RBC
1853.5,380.9533179998398,0.1604940488669436,204.80933682373472,207.3852530541012,209.75261780104714,65.72949389179756,13.346858638743456,212.9149214659686,7.242928225946341,0.42016538977622986,RBC
4390.0,574.7939363718033,0.16697445254492166,198.9339197597082,202.5878566831152,200.4486161767861,68.61596223986268,13.866981334477579,206.07144389615962,5.601185691569985,0.2875785529613495,RBC
