area,perimeter,circularity,mean_b,mean_g,mean_r,mean_h,mean_s,mean_v,texture_laplacian_var,det_confidence,predicted_label
27258.0,662.0,0.7816059779625102,232.29037008884032,219.3213929402822,226.98774288564778,109.94493800180531,17.85818803743646,234.24884792626727,5.237909743734991,0.794104814529419,WBC
9776.0,396.0,0.7833948010788139,227.37892518440464,229.74288724973658,229.70874604847208,66.05205479452056,6.352370916754479,231.81601685985248,4.1702936639845225,0.7275183200836182,RBC
1348.5,235.01219272613525,0.30681742844070947,232.26694045174537,234.28952772073922,232.88090349075975,78.93771389459275,7.793292265571527,236.89664613278575,4.028943730314191,0.43699607253074646,RBC
2227.5,358.6101715564728,0.21766187672269113,231.20768805309734,234.34568584070797,233.04646017699116,59.6208517699115,5.666758849557522,235.57826327433628,2.9547418698224854,0.28353190422058105,RBC
1523.0,260.4264061450958,0.2821887734232485,234.19829424307036,236.63113006396588,237.04307036247334,70.49381663113006,5.574840085287846,238.59744136460554,5.071655696810222,0.2695089876651764,RBC
2199.0,432.1665207147598,0.1479560927776963,225.15514380530973,227.87140486725664,226.59430309734512,69.21128318584071,6.728982300884955,229.52184734513273,3.8219092559478973,0.2581137418746948,RBC
