area,perimeter,circularity,mean_b,mean_g,mean_r,mean_h,mean_s,mean_v,texture_laplacian_var,det_confidence,predicted_label
22572.0,606.0,0.7723864694836978,213.35929355014395,192.5148214424648,194.01299307554658,104.80665992375322,34.65618921652533,216.79817941336654,14.699952181050998,0.8468685150146484,WBC
2192.0,466.0243856906891,0.12683325219249952,203.53686826843412,209.9076222038111,212.36081193040596,51.493371996685994,16.48218724109362,215.56669428334712,11.962758524737504,0.7294187545776367,RBC
1374.0,287.6812393665314,0.20862844190655536,217.48654331370898,220.00672834314548,228.22497897392765,65.89613120269134,16.701429772918416,229.4655172413793,20.913547847017742,0.6867143511772156,RBC
1088.0,132.0,0.78467695296274,205.5676741130092,205.03547963206307,191.7240473061761,80.16162943495401,26.31274638633377,211.49145860709592,21.633639549483703,0.5037289261817932,Platelets
930.5,184.18376505374908,0.3446859240633248,214.79930645860424,214.49631556133505,213.99869960988295,81.32899869960988,12.806675335934113,220.1001300390117,11.150314839140135,0.40967532992362976,RBC
2410.0,387.4213533401489,0.20177148896016928,209.2268274302939,205.92501883948756,210.12584777694047,107.32441597588546,13.101733232856066,213.85003767897513,21.758543952162835,0.3832364082336426,RBC
901.0,198.28427076339722,0.2879772141908916,218.55739299610894,215.40175097276264,218.96206225680933,96.0612840466926,14.558365758754864,223.89494163424123,3503.004920978307,0.3661031126976013,RBC
944.0,231.39696884155273,0.22154733333716153,201.42621145374451,200.28359030837007,205.8661894273128,83.6773127753304,17.16409691629956,209.8491189427313,17.763347012422088,0.3223293125629425,RBC
1114.0,238.91168677806854,0.24525635291078604,209.46015218261914,211.04805766920305,213.95114136964358,75.30236283540248,15.261113336003204,218.15258309971966,17.110174726769838,0.3183835744857788,RBC
