{
  "total_cells": 9,
  "cell_counts": {
    "WBC": 1,
    "RBC": 7,
    "Platelets": 1
  },
  "cell_percentages": {
    "WBC": 11.11111111111111,
    "RBC": 77.77777777777779,
    "Platelets": 11.11111111111111
  },
  "feature_stats": {
    "WBC": {
      "avg_area": 22572.0,
      "avg_perimeter": 606.0,
      "avg_circularity": 0.7723864694836978,
      "avg_texture": 14.699952181050998
    },
    "RBC": {
      "avg_area": 1409.357142857143,
      "avg_perimeter": 284.8433814048767,
      "avg_circularity": 0.23381428679448407,
      "avg_texture": 514.8090868400795
    },
    "Platelets": {
      "avg_area": 1088.0,
      "avg_perimeter": 132.0,
      "avg_circularity": 0.78467695296274,
      "avg_texture": 21.633639549483703
    }
  },
  "warnings": []
}