area,perimeter,circularity,mean_b,mean_g,mean_r,mean_h,mean_s,mean_v,texture_laplacian_var,det_confidence,predicted_label
12042.5,1154.8843375444412,0.11346176522245349,159.66091138442133,147.4320403658152,161.61140018921475,87.69157994323557,40.432276884263636,167.96751813308106,12.904554783695387,0.7608814239501953,WBC
1163.0,263.19595777988434,0.2109750744146791,139.031881454872,150.14503816793894,156.38886394252356,54.516838796587336,36.251010327795235,157.9533004041311,14.886097726127488,0.6456241011619568,RBC
2338.0,476.6518015861511,0.1293158900034002,140.87164107485603,146.96737044145874,151.43785988483685,52.47384836852207,23.33349328214971,152.71257197696735,12.93226842697138,0.5706849694252014,RBC
718.0,131.4558436870575,0.5221250316567249,128.35030198446938,138.58412424503882,149.25539257981018,52.80241587575497,42.89042277825712,150.22778257118205,11.855519173595365,0.44099143147468567,RBC
1344.0,300.22539508342743,0.1873761376703318,161.9426877470356,165.65480895915678,170.7509881422925,68.52766798418972,22.456521739130437,172.79841897233203,14.810514248047518,0.40801385045051575,RBC
1329.0,338.85281252861023,0.14544964163980653,144.07170731707316,152.61560975609757,155.86,55.04243902439024,26.824878048780487,158.43365853658537,10.910353200344218,0.37263742089271545,RBC
1040.0,127.88224995136261,0.7991396260767949,139.55716586151368,147.27979066022544,156.38325281803543,58.02536231884058,32.40016103059581,157.02898550724638,12.883492120652507,0.33841273188591003,RBC
1155.0,218.42640614509583,0.30421566105792786,143.7521722704949,155.14129202871175,157.51718927087268,49.716282584057424,29.600680015111447,160.51378919531544,9.091531618564584,0.2687743902206421,RBC
