{
  "total_cells": 14,
  "cell_counts": {
    "RBC": 11,
    "Platelets": 2,
    "WBC": 1
  },
  "cell_percentages": {
    "RBC": 78.57142857142857,
    "Platelets": 14.285714285714285,
    "WBC": 7.142857142857142
  },
  "feature_stats": {
    "RBC": {
      "avg_area": 3945.4545454545455,
      "avg_perimeter": 392.93974696506154,
      "avg_circularity": 0.37132626312444167,
      "avg_texture": 6.190504054456029
    },
    "Platelets": {
      "avg_area": 934.0,
      "avg_perimeter": 119.6984840631485,
      "avg_circularity": 0.797431676588017,
      "avg_texture": 7.919309643078102
    },
    "WBC": {
      "avg_area": 25530.0,
      "avg_perimeter": 653.4558434486389,
      "avg_circularity": 0.7513256001507367,
      "avg_texture": 8.297799889321928
    }
  },
  "warnings": []
}