{
  "total_cells": 10,
  "cell_counts": {
    "WBC": 1,
    "RBC": 9
  },
  "cell_percentages": {
    "WBC": 10.0,
    "RBC": 90.0
  },
  "feature_stats": {
    "WBC": {
      "avg_area": 32039.0,
      "avg_perimeter": 720.0,
      "avg_circularity": 0.7766472764534211,
      "avg_texture": 8.77428134430727
    },
    "RBC": {
      "avg_area": 2107.722222222222,
      "avg_perimeter": 339.68969700071546,
      "avg_circularity": 0.26439673585036216,
      "avg_texture": 6.753967154941465
    }
  },
  "warnings": [
    "\u26a0\ufe0f Platelets critically low: 0 cells (0.0%) - Could indicate thrombocytopenia"
  ]
}