area,perimeter,circularity,mean_b,mean_g,mean_r,mean_h,mean_s,mean_v,texture_laplacian_var,det_confidence,predicted_label
14508.0,482.0,0.7847355627189738,201.0398234527034,182.73909118266627,196.84682515798977,113.86197211355201,30.375363627244457,204.4302337245461,9.485762155702385,0.5523374080657959,WBC
3916.0,575.5634887218475,0.1485477487509389,201.23287671232876,200.18639921722112,200.54378669275928,90.88209393346379,9.73972602739726,204.4858121330724,6.964928400492836,0.5300540328025818,RBC
4669.0,677.7644990682602,0.1277250566481237,201.5404031232976,202.61249319048483,204.43254040312328,82.13836934810242,13.2001089522426,207.84728527328852,9.273008473478543,0.4837765097618103,RBC
3186.5,636.3502856492996,0.09888520086349471,189.44406196213424,192.53901319563968,194.23694779116465,71.10384394721744,14.364027538726333,197.29575444635682,8.2547917523751,0.2952907085418701,RBC
3675.5,599.8061298131943,0.12838210478588108,205.02779168753128,206.49674511767648,209.23835753630445,83.56334501752627,11.390836254381572,211.41887831747619,11.389944510033619,0.2904258370399475,RBC
1593.5,348.4680360555649,0.1649058401236063,207.3145622525297,204.7479102507699,204.36779586449626,95.22921249450067,7.92608886933568,208.67355917289927,6.447125121741913,0.26730427145957947,RBC
