{
  "total_cells": 17,
  "cell_counts": {
    "WBC": 1,
    "RBC": 13,
    "Platelets": 3
  },
  "cell_percentages": {
    "WBC": 5.88235294117647,
    "RBC": 76.47058823529412,
    "Platelets": 17.647058823529413
  },
  "feature_stats": {
    "WBC": {
      "avg_area": 27714.0,
      "avg_perimeter": 670.0,
      "avg_circularity": 0.7758173205755182,
      "avg_texture": 12.567065285125556
    },
    "RBC": {
      "avg_area": 1810.8461538461538,
      "avg_perimeter": 351.0594498652678,
      "avg_circularity": 0.27076854433006364,
      "avg_texture": 14.895678173601508
    },
    "Platelets": {
      "avg_area": 729.8333333333334,
      "avg_perimeter": 130.56616135438284,
      "avg_circularity": 0.5815164758825649,
      "avg_texture": 18.99415415746712
    }
  },
  "warnings": []
}