area,perimeter,circularity,mean_b,mean_g,mean_r,mean_h,mean_s,mean_v,texture_laplacian_var,det_confidence,predicted_label
9827.0,757.0782076120377,0.21545140450567266,207.28645879339282,191.5468598180373,208.6878367635368,118.88614080028266,25.644554367988693,211.34254924476636,9.431168264153138,0.8457266688346863,WBC
22950.0,610.0,0.7750556452554233,195.99117647058824,182.08061497326204,197.05695187165776,110.47185828877005,27.851136363636364,201.18643048128342,8.66638974821638,0.8035321235656738,WBC
1352.5,241.8406196832657,0.29059533877342103,195.46006825938568,196.9788395904437,196.85733788395905,84.82798634812286,13.363139931740614,201.52013651877132,8.355336672967864,0.6366885900497437,RBC
1090.0,132.48528122901917,0.7803709572067494,209.2377142857143,205.98628571428574,205.12800000000001,94.94514285714287,11.258285714285716,211.7154285714286,8.76186976696997,0.45962849259376526,Platelets
1370.5,153.78174448013306,0.7282480619674908,184.83752981712163,189.73442883646965,190.38324940365754,62.15504903260005,15.30956798303737,193.91094619666046,8.926398520850137,0.41687312722206116,RBC
2019.0,380.85281205177307,0.17491693138715864,197.80594949844345,203.04150812867522,203.6904185402975,76.86751988931167,16.40989277066759,207.7101349014182,8.5274606429173,0.3619537949562073,RBC
