area,perimeter,circularity,mean_b,mean_g,mean_r,mean_h,mean_s,mean_v,texture_laplacian_var,det_confidence,predicted_label
837.0,116.0,0.7816626192195769,227.6671875,222.9921875,219.94375000000002,103.609375,9.9328125,228.36406250000002,6.7505966497927306,0.3758683502674103,Platelets
2170.0,369.1959578990936,0.2000579078493441,226.48197115384616,227.18179086538464,229.5096153846154,83.7881610576923,7.248197115384616,230.8329326923077,8.967062836153746,0.37172284722328186,RBC
3105.5,572.6934312582016,0.1189863093291099,226.52602126468943,226.73503077783997,228.16088416340236,82.46446558477896,6.383603805260213,229.86066032456634,5.706215060081101,0.32493558526039124,RBC
6887.0,336.0,0.7665868978625604,228.63894389438943,225.6937293729373,225.4963696369637,81.64851485148515,10.257755775577557,231.97722772277228,12.725093787278706,0.28242507576942444,RBC
1490.5,291.58073377609253,0.22030491953263479,226.70645709430755,226.40654205607478,228.20645709430755,80.42225998300765,5.98768054375531,229.77272727272728,6.8312947116770175,0.2759323716163635,RBC
2275.5,514.7523066997528,0.10791705892922443,224.5515873015873,224.76071428571427,225.8218253968254,76.41230158730158,6.614285714285714,227.77698412698413,6.773327517411737,0.27294617891311646,RBC
2291.0,527.7644989490509,0.10336050123424272,225.5366719242902,225.65694006309147,228.7326498422713,72.74566246056781,7.733832807570978,230.02957413249212,6.99060021386889,0.26635587215423584,RBC
