{
  "total_cells": 12,
  "cell_counts": {
    "RBC": 11,
    "WBC": 1
  },
  "cell_percentages": {
    "RBC": 91.66666666666666,
    "WBC": 8.333333333333332
  },
  "feature_stats": {
    "RBC": {
      "avg_area": 3419.5454545454545,
      "avg_perimeter": 368.02530389482325,
      "avg_circularity": 0.36922057062475255,
      "avg_texture": 204.22551601159995
    },
    "WBC": {
      "avg_area": 24026.5,
      "avg_perimeter": 677.4974735975266,
      "avg_circularity": 0.6577865886277531,
      "avg_texture": 9.573050479218097
    }
  },
  "warnings": [
    "\u26a0\ufe0f Platelets critically low: 0 cells (0.0%) - Could indicate thrombocytopenia"
  ]
}