area,perimeter,circularity,mean_b,mean_g,mean_r,mean_h,mean_s,mean_v,texture_laplacian_var,det_confidence,predicted_label
11172.0,424.0,0.7809245533531767,209.55367318650855,207.70491298321267,199.2826120437394,80.99245341136609,16.16371476975204,212.01078084090557,5.866311593142091,0.777337908744812,WBC
1125.0,240.08326017856598,0.2452667219512219,208.2429590687195,210.85054449868568,211.01314307172362,59.86105895606459,7.975966954562524,213.25835523845288,9.061801433116525,0.6460477709770203,RBC
2846.0,274.3675307035446,0.4750937645374226,205.47049298308744,208.13098236775818,207.18082043900682,65.58600215905001,8.870456998920474,210.4802087081684,8.076801093449552,0.4730878472328186,RBC
967.5,267.49747335910797,0.16991098954985484,206.91506849315067,201.96164383561643,193.86301369863014,86.2958904109589,19.190867579908677,209.0091324200913,9.293209497900381,0.3642657399177551,Platelets
1704.0,328.2253956794739,0.19876279417616427,203.3752688172043,203.1220430107527,203.92795698924732,81.41935483870968,8.768279569892472,207.09086021505377,2405.5764602934305,0.3542252480983734,RBC
823.0,214.42640614509583,0.22493299490316956,202.4627986348123,205.01911262798635,205.86348122866895,61.137883959044366,10.279180887372014,208.39317406143346,8.931727813566113,0.34491440653800964,RBC
2019.0,352.71067678928375,0.20394307841257453,203.86164761529363,207.01734331888056,206.96491919590065,62.93180922349231,9.250295624753646,209.5585337012219,6.417902439515115,0.3293439447879791,RBC
3520.0,256.0,0.6749515466696822,183.96684023020006,178.96684023020006,191.9728692792546,116.40915319265554,20.170731707317074,192.71553850369966,3786.484631872788,0.30939728021621704,RBC
