area,perimeter,circularity,mean_b,mean_g,mean_r,mean_h,mean_s,mean_v,texture_laplacian_var,det_confidence,predicted_label
11374.0,430.0,0.7730118949038466,200.05259852410109,184.62882713141778,192.97880357983985,121.4432406971267,22.004239284032028,200.60778772177736,13.574428887179973,0.8282060027122498,WBC
1781.0,299.74011409282684,0.24910591900038126,198.86846543001687,197.1804384485666,198.36396852164137,94.63603147835863,8.543563799887577,201.38532883642495,6.27091860636179,0.7454248070716858,RBC
1753.0,466.99494791030884,0.10101070809967577,207.22112537018754,208.20039486673247,210.02714708785783,70.88845014807502,7.279861796643632,211.40572556762092,19.14518770198523,0.4789186716079712,RBC
2313.5,432.06601452827454,0.15573246364252816,195.62741999209797,196.67364677992887,197.54721453970762,71.10272619517977,8.282892137495061,199.6819438956934,9.415056124925565,0.3946850597858429,RBC
2399.5,501.37972342967987,0.11994912532405377,195.70084307859668,195.83491977155288,198.0160456894207,83.41474027740006,10.632036986673919,200.53086755507206,2509.5058051106766,0.39114418625831604,RBC
2182.5,474.8944432735443,0.12161018258158147,202.0723388305847,203.80584707646176,205.41191904047975,68.17128935532233,7.52623688155922,206.70614692653672,12.023108416550475,0.3896750509738922,RBC
2546.5,487.7228697538376,0.1345263328147517,202.77333333333334,205.44504504504505,206.85405405405405,58.810810810810814,7.603603603603604,207.9383783783784,8.176990598535332,0.36022722721099854,RBC
2109.5,444.7523066997528,0.13401486564317133,199.45314505776636,200.1604621309371,200.4445870774497,82.90286692340608,8.431322207958921,202.98202824133506,7.315843317177333,0.2912876307964325,RBC
