{
  "total_cells": 8,
  "cell_counts": {
    "WBC": 1,
    "RBC": 7
  },
  "cell_percentages": {
    "WBC": 12.5,
    "RBC": 87.5
  },
  "feature_stats": {
    "WBC": {
      "avg_area": 11374.0,
      "avg_perimeter": 430.0,
      "avg_circularity": 0.7730118949038466,
      "avg_texture": 13.574428887179973
    },
    "RBC": {
      "avg_area": 2155.0714285714284,
      "avg_perimeter": 443.93577424117495,
      "avg_circularity": 0.1451356567294491,
      "avg_texture": 367.40755855374465
    }
  },
  "warnings": [
    "\u26a0\ufe0f Platelets critically low: 0 cells (0.0%) - Could indicate thrombocytopenia"
  ]
}