{
  "total_cells": 12,
  "cell_counts": {
    "WBC": 1,
    "RBC": 9,
    "Platelets": 2
  },
  "cell_percentages": {
    "WBC": 8.333333333333332,
    "RBC": 75.0,
    "Platelets": 16.666666666666664
  },
  "feature_stats": {
    "WBC": {
      "avg_area": 10917.0,
      "avg_perimeter": 422.14213514328003,
      "avg_circularity": 0.7698316628763177,
      "avg_texture": 13.680519621302816
    },
    "RBC": {
      "avg_area": 2616.3888888888887,
      "avg_perimeter": 388.0987233983146,
      "avg_circularity": 0.2505221084251828,
      "avg_texture": 11.019762672029076
    },
    "Platelets": {
      "avg_area": 737.25,
      "avg_perimeter": 142.43502855300903,
      "avg_circularity": 0.5410812213257865,
      "avg_texture": 9.533298645514115
    }
  },
  "warnings": []
}