{
  "total_cells": 9,
  "cell_counts": {
    "RBC": 8,
    "WBC": 1
  },
  "cell_percentages": {
    "RBC": 88.88888888888889,
    "WBC": 11.11111111111111
  },
  "feature_stats": {
    "RBC": {
      "avg_area": 3945.4375,
      "avg_perimeter": 473.47502510249615,
      "avg_circularity": 0.24890457060061,
      "avg_texture": 7.111542088173956
    },
    "WBC": {
      "avg_area": 3558.5,
      "avg_perimeter": 586.6934317350388,
      "avg_circularity": 0.12991352950583138,
      "avg_texture": 8.086169207682467
    }
  },
  "warnings": [
    "\u26a0\ufe0f Platelets critically low: 0 cells (0.0%) - Could indicate thrombocytopenia"
  ]
}