area,perimeter,circularity,mean_b,mean_g,mean_r,mean_h,mean_s,mean_v,texture_laplacian_var,det_confidence,predicted_label
8829.5,385.899494767189,0.7450708199402666,226.42839597150575,231.24293785310732,232.55490051584377,61.54040776222058,10.703267010562515,234.80225988700565,11.025907169321657,0.7340614795684814,RBC
3558.5,586.6934317350388,0.12991352950583138,232.68873826903024,218.3978102189781,228.50964546402503,113.06517205422315,18.893899895724715,233.99739311783108,8.086169207682467,0.6497434973716736,WBC
1102.5,250.66904664039612,0.22048905878806643,230.84084880636604,235.2785145888594,235.0281167108753,65.22015915119363,8.726259946949602,237.57931034482758,6.6620870989406145,0.4928480088710785,RBC
2310.5,489.03657817840576,0.12140404272130445,232.64854215918047,234.8672182821119,235.05516154452326,71.62214342001576,6.02876280535855,236.79826635145787,7.533198473089375,0.47140347957611084,RBC
4152.5,764.9188276529312,0.08918438126530016,232.1039133318594,235.06478001326553,235.34269290294054,63.58832633208048,7.885474242759231,237.61330975016583,5.5478780813463935,0.4668148159980774,RBC
8994.0,555.6223640441895,0.3661030199336271,232.33959243085883,235.82707423580788,237.85414847161573,44.08486171761281,7.4024745269286765,238.8066957787482,5.112650310269629,0.29076454043388367,RBC
1483.0,365.0538226366043,0.13984186718446545,225.21303560651782,232.87688593844297,232.03077851538927,49.11345805672903,10.273385636692819,234.19553409776705,6.661526177853953,0.28427428007125854,RBC
1872.5,322.40916109085083,0.22636899527750864,224.5729659922514,230.6719758932415,231.58588032716315,41.52303056392596,9.795092552733534,232.91390443392166,8.037213421644836,0.26702356338500977,RBC
2819.0,654.1909058094025,0.08277437969434145,229.4218603194488,235.65768869401816,237.44190416536173,57.57594738490448,11.25994362668337,238.73160037582213,6.31187597292519,0.26595959067344666,RBC
