{
  "total_cells": 14,
  "cell_counts": {
    "RBC": 10,
    "WBC": 2,
    "Platelets": 2
  },
  "cell_percentages": {
    "RBC": 71.42857142857143,
    "WBC": 14.285714285714285,
    "Platelets": 14.285714285714285
  },
  "feature_stats": {
    "RBC": {
      "avg_area": 1561.45,
      "avg_perimeter": 334.47219905853274,
      "avg_circularity": 0.19670431201710833,
      "avg_texture": 11.00273453755219
    },
    "WBC": {
      "avg_area": 9693.0,
      "avg_perimeter": 396.0,
      "avg_circularity": 0.7765572486513056,
      "avg_texture": 8.892832585712764
    },
    "Platelets": {
      "avg_area": 781.0,
      "avg_perimeter": 112.0,
      "avg_circularity": 0.782246653600928,
      "avg_texture": 9.96749290340647
    }
  },
  "warnings": []
}