area,perimeter,circularity,mean_b,mean_g,mean_r,mean_h,mean_s,mean_v,texture_laplacian_var,det_confidence,predicted_label
6776.0,330.0,0.7819075048934597,211.201871657754,214.91176470588235,214.78364527629233,44.35071301247772,5.646613190730838,215.70766488413545,4.7279525020292015,0.7355897426605225,RBC
3290.0,510.5096665620804,0.15863456503755763,216.82926102502978,220.4201430274136,221.96573301549464,40.86680572109654,7.058104886769964,222.47794994040524,5.988634024579681,0.695292055606842,RBC
2036.5,427.5807340145111,0.13997743190756037,212.31595521343596,216.32645206438067,216.70083974807557,37.63575927221833,6.665850244926522,217.57802659202238,5.745894698444401,0.5124974250793457,RBC
791.0,257.8822498321533,0.1494663560312338,203.55626715462031,208.6235132662397,212.9981701738335,38.51646843549863,12.85910338517841,213.42726440988108,5.343662706135002,0.4504370391368866,RBC
2789.5,455.4385985136032,0.16899605279184818,214.60993508326277,218.67513406717472,219.52977702511996,40.93621224950607,6.945526390064917,220.18966977138018,6.350928773961924,0.423735648393631,RBC
7904.5,728.8355666399002,0.18699291523347766,212.9373325567851,206.60780430984275,214.01560861968548,91.95818287711124,12.588584740827024,215.64076878276063,5.221192468567146,0.33404016494750977,WBC
7773.0,739.4213531017303,0.17865474511860885,213.09882964889468,206.6442841943492,214.01193994562007,92.79725735902589,12.579028253930725,215.69771840643102,5.239275373833708,0.29089105129241943,WBC
