{
  "total_cells": 6,
  "cell_counts": {
    "WBC": 1,
    "RBC": 5
  },
  "cell_percentages": {
    "WBC": 16.666666666666664,
    "RBC": 83.33333333333334
  },
  "feature_stats": {
    "WBC": {
      "avg_area": 32020.5,
      "avg_perimeter": 726.7279214859009,
      "avg_circularity": 0.7618935206558047,
      "avg_texture": 13.954678261170628
    },
    "RBC": {
      "avg_area": 1962.6,
      "avg_perimeter": 434.3606327533722,
      "avg_circularity": 0.13840972660067416,
      "avg_texture": 11.440314179067474
    }
  },
  "warnings": [
    "\u26a0\ufe0f Platelets critically low: 0 cells (0.0%) - Could indicate thrombocytopenia"
  ]
}