area,perimeter,circularity,mean_b,mean_g,mean_r,mean_h,mean_s,mean_v,texture_laplacian_var,det_confidence,predicted_label
32020.5,726.7279214859009,0.7618935206558047,137.2487933304081,124.71505046072839,126.77446248354542,92.93470820535323,37.69521720052655,141.65419043440107,13.954678261170628,0.8661447763442993,WBC
2314.5,515.865004658699,0.10929364619209721,134.335873015873,139.7825396825397,139.6473015873016,57.70666666666666,18.76222222222222,143.21904761904761,10.998082219300167,0.5096481442451477,RBC
1656.0,454.4507905244827,0.10076192828749583,129.13981615868408,131.50556361877116,136.37977745524915,61.14368650217707,23.327527818093856,138.95984518626028,9.357069416403142,0.4280155897140503,RBC
1533.5,304.1248903274536,0.20834818125065324,146.41949434464405,150.68363273453093,155.83965402528278,48.000665335994675,20.302727877578178,157.33632734530937,14.598100892857142,0.3298599421977997,RBC
1932.0,396.02438521385193,0.15480077449813065,128.04376784015224,131.6305106248018,132.00856327307326,68.58705994291151,18.331113225499525,135.26133840786554,11.420269114689157,0.28017565608024597,RBC
2377.0,501.33809304237366,0.11884410277499385,129.59659913169318,135.1031114327062,135.33791606367583,54.48227206946454,20.585383502170764,138.75036179450072,10.828049252087766,0.2542130947113037,RBC
