{
  "total_cells": 16,
  "cell_counts": {
    "WBC": 1,
    "RBC": 14,
    "Platelets": 1
  },
  "cell_percentages": {
    "WBC": 6.25,
    "RBC": 87.5,
    "Platelets": 6.25
  },
  "feature_stats": {
    "WBC": {
      "avg_area": 9639.5,
      "avg_perimeter": 1266.340180158615,
      "avg_circularity": 0.07553767227638403,
      "avg_texture": 13.925431356865213
    },
    "RBC": {
      "avg_area": 2602.0,
      "avg_perimeter": 406.46659250770296,
      "avg_circularity": 0.2683642322669091,
      "avg_texture": 382.7030753493934
    },
    "Platelets": {
      "avg_area": 463.0,
      "avg_perimeter": 139.79898953437805,
      "avg_circularity": 0.297702711566112,
      "avg_texture": 20.777704188292965
    }
  },
  "warnings": []
}