area,perimeter,circularity,mean_b,mean_g,mean_r,mean_h,mean_s,mean_v,texture_laplacian_var,det_confidence,predicted_label
10687.5,750.0071398019791,0.23875649585358258,184.04191567744576,163.18444535407286,172.4242325010233,115.85427752762996,33.976340564879244,187.32934916086776,11.534329571669273,0.9273516535758972,WBC
23736.0,620.0,0.7759505018273395,172.95002280576009,154.51808170978043,161.91646575878022,109.93607871245194,37.51632240828827,177.72906757020917,10.582452784513777,0.8739825487136841,WBC
754.0,110.0,0.783061441588993,186.2128712871287,179.3118811881188,173.16996699669969,96.86633663366337,21.191419141914192,188.17326732673268,13.271763450693493,0.7499749660491943,Platelets
2135.0,443.68123948574066,0.13629050865589315,177.68528784648186,176.03710021321962,182.01194029850745,87.67164179104478,20.37142857142857,186.34840085287846,10.896289574759946,0.6576979160308838,RBC
1049.5,240.66904664039612,0.2276941285160076,178.1168384879725,180.08848797250857,178.2946735395189,83.88917525773196,13.164089347079038,183.8556701030928,11.382229685742578,0.5698294043540955,RBC
1121.5,144.81118214130402,0.6720551976474932,160.4359595959596,159.84121212121212,165.0149494949495,89.18949494949494,18.806868686868686,168.1579797979798,9.494509260616017,0.3932684659957886,RBC
926.0,202.2253955602646,0.2845440204333832,161.24046076313894,154.8682505399568,177.01223902087833,130.82577393808495,34.659467242620586,177.92656587473002,9.718735955642543,0.3307730555534363,RBC
2800.5,530.0660153627396,0.12525224518660066,175.93313667649952,177.65290068829893,179.0753851196329,79.89937725335956,20.089151098000656,185.32055063913472,8.750554150409398,0.3251177668571472,RBC
1841.5,406.7523068189621,0.13986902191939796,169.78937007874015,167.61318897637796,178.1126968503937,102.96358267716535,26.781988188976378,182.5349409448819,10.587925311531338,0.2670174241065979,RBC
