area,perimeter,circularity,mean_b,mean_g,mean_r,mean_h,mean_s,mean_v,texture_laplacian_var,det_confidence,predicted_label
35776.0,760.0,0.7783491604905017,219.5861196382643,203.46594208910645,220.85646726955943,125.48788683315357,26.572927901767194,225.3610304488509,10.757545367614751,0.9089527726173401,WBC
1921.0,509.62236428260803,0.09294804770360897,218.55413313825898,221.61192392099488,219.72713972201902,72.3555230431602,8.857351865398684,224.01682516459402,7.579979601445512,0.668522298336029,RBC
1889.5,385.9238804578781,0.15942390926187136,215.43492647058824,220.24375,220.91764705882352,57.08897058823529,10.672426470588235,223.57941176470587,8.227684360841987,0.33829987049102783,RBC
1202.5,263.2964630126953,0.21797410290152677,216.91374513077352,223.05954368391764,225.44296048970506,46.25542570951586,12.824151363383416,227.35392320534226,13.54584933128057,0.32735443115234375,RBC
1144.5,275.9827548265457,0.1888259899439977,219.45794392523365,223.43364485981309,226.55046728971965,56.831308411214955,12.229906542056074,228.78971962616822,10.88389494949495,0.3081645965576172,RBC
935.5,197.84061980247498,0.3003466055411663,213.10650224215246,220.679932735426,220.12892376681614,44.82567264573991,11.857062780269057,222.90190582959642,17.574306789310032,0.27712592482566833,RBC
1910.0,389.7644990682602,0.15799330056023267,215.4533667921372,213.52404851526558,224.70472605604348,103.08322877457131,15.72103722291928,225.27770807193642,16.26435149496652,0.2553883492946625,RBC
1287.0,243.05382227897644,0.27376851517813067,223.6339603457041,227.96187086934418,230.22775800711744,54.126080325368584,9.816471784443316,231.33096085409252,11.88931318969464,0.2514287531375885,RBC
