{
  "total_cells": 16,
  "cell_counts": {
    "RBC": 13,
    "WBC": 1,
    "Platelets": 2
  },
  "cell_percentages": {
    "RBC": 81.25,
    "WBC": 6.25,
    "Platelets": 12.5
  },
  "feature_stats": {
    "RBC": {
      "avg_area": 1386.576923076923,
      "avg_perimeter": 299.5804127638157,
      "avg_circularity": 0.23521773693893147,
      "avg_texture": 23.46336465098253
    },
    "WBC": {
      "avg_area": 10465.0,
      "avg_perimeter": 412.0,
      "avg_circularity": 0.7747376548170701,
      "avg_texture": 14.356676249230148
    },
    "Platelets": {
      "avg_area": 761.0,
      "avg_perimeter": 111.0,
      "avg_circularity": 0.7739367163318613,
      "avg_texture": 15.274177100682174
    }
  },
  "warnings": []
}