area,perimeter,circularity,mean_b,mean_g,mean_r,mean_h,mean_s,mean_v,texture_laplacian_var,det_confidence,predicted_label
2691.5,618.1492741107941,0.08851513192787012,243.88904363974,245.419452181987,247.57242339832868,54.879294336118846,5.152274837511606,248.13277623026926,5.864105681352533,0.8086662292480469,RBC
1246.5,332.95331704616547,0.14129781792371646,237.8089539007092,237.87189716312056,240.92154255319147,75.94015957446808,6.122340425531915,241.71409574468083,1445.3966020935145,0.7571391463279724,RBC
2982.0,645.0782072544098,0.0900518755493154,242.69625112917794,242.85140018066846,246.1849593495935,63.67570009033423,6.1106594399277325,246.9053748870822,4.115039250277535,0.7501682043075562,RBC
2134.0,393.8822498321533,0.17285082601267215,247.99272286234083,250.10582171012734,251.12886597938146,48.03123104912068,4.051546391752577,251.46513038204972,4.3322338531809175,0.7365272641181946,RBC
2233.0,544.3086559772491,0.09471267559722672,237.38393084159674,237.5433511314518,239.84795321637424,70.13551995931859,5.070429697431985,240.67226036104753,6.501855237988296,0.5794550776481628,RBC
29253.0,692.0,0.7676585410092404,240.32125105505017,225.5373253305824,232.21438619525463,120.4773046984901,16.90574885116759,241.27018662665293,6.197162048027757,0.5036481022834778,WBC
1152.5,270.6690468788147,0.19768495164110952,241.8861154446178,242.34789391575663,243.2269890795632,63.161466458658346,4.150546021840873,244.35959438377537,2297.033659434773,0.48209571838378906,RBC
2741.5,565.3208483457565,0.10779735634834335,237.75669824086606,237.90527740189447,241.55236806495265,73.19052774018945,6.941001353179973,242.37564276048715,6.060414483752927,0.3280465006828308,RBC
