{
  "total_cells": 15,
  "cell_counts": {
    "RBC": 14,
    "WBC": 1
  },
  "cell_percentages": {
    "RBC": 93.33333333333333,
    "WBC": 6.666666666666667
  },
  "feature_stats": {
    "RBC": {
      "avg_area": 1912.0357142857142,
      "avg_perimeter": 327.7213392768587,
      "avg_circularity": 0.2544105849204545,
      "avg_texture": 178.66115510417785
    },
    "WBC": {
      "avg_area": 4674.0,
      "avg_perimeter": 636.1076446771622,
      "avg_circularity": 0.14515678552462047,
      "avg_texture": 17.689328820382954
    }
  },
  "warnings": [
    "\u26a0\ufe0f Platelets critically low: 0 cells (0.0%) - Could indicate thrombocytopenia"
  ]
}