{
  "total_cells": 12,
  "cell_counts": {
    "RBC": 11,
    "WBC": 1
  },
  "cell_percentages": {
    "RBC": 91.66666666666666,
    "WBC": 8.333333333333332
  },
  "feature_stats": {
    "RBC": {
      "avg_area": 2190.5454545454545,
      "avg_perimeter": 351.75211692940104,
      "avg_circularity": 0.3152635044732339,
      "avg_texture": 221.4591805016603
    },
    "WBC": {
      "avg_area": 27112.5,
      "avg_perimeter": 679.0710676908493,
      "avg_circularity": 0.7388375749486336,
      "avg_texture": 7.472149090996314
    }
  },
  "warnings": [
    "\u26a0\ufe0f Platelets critically low: 0 cells (0.0%) - Could indicate thrombocytopenia"
  ]
}