area,perimeter,circularity,mean_b,mean_g,mean_r,mean_h,mean_s,mean_v,texture_laplacian_var,det_confidence,predicted_label
1969.0,478.99494755268097,0.10784343567854081,222.178686265503,224.96738631143776,226.17914561322922,65.51538814882866,8.356913183279742,227.92696371152962,8.925643669232398,0.7790709733963013,RBC
11524.0,444.1421352624893,0.7341235588967063,219.54788937409026,211.79694323144108,215.418922852984,104.96550218340612,13.0037845705968,220.93333333333337,14.062820469726962,0.7721655964851379,WBC
7860.5,369.0710676908493,0.725170341357422,213.23478023478026,217.12994812994813,218.10537810537812,58.293748293748294,9.33988533988534,219.97652197652198,21.333500384203163,0.7696139812469482,RBC
2015.0,548.3086556196213,0.08422377654814835,209.1922486569455,213.16615502686108,215.6922486569455,54.920184190330005,10.052570990023023,216.54604758250193,9.23708028268836,0.6179445385932922,RBC
1102.5,333.296462893486,0.1247174012077133,206.05088195386702,210.56919945725915,211.15196743554952,56.25305291723202,11.419267299864314,213.67164179104475,17.367200694077514,0.5958592891693115,RBC
2914.0,580.3086557388306,0.10873799342550569,208.63593603010347,209.40545625587959,208.64691125744747,80.22013170272812,7.331138287864534,211.73314518657887,12.260787024830739,0.5137883424758911,RBC
5146.5,298.8700568675995,0.724030778986286,209.5724436206364,212.34599938214396,213.0228606734631,63.35897435897436,7.58078467717022,214.5088044485635,17.33172277422984,0.49258723855018616,RBC
1596.0,333.740114569664,0.1800636003830689,213.7125748502994,216.2436665131276,214.44127130354676,77.77337632427454,10.248272685398435,218.83740211883924,12.630451302244301,0.37347307801246643,RBC
1308.0,249.88224959373474,0.2632369158504484,210.86820652173913,215.00917119565216,214.54177989130434,64.66270380434783,10.882133152173912,217.6569293478261,25.82137048773536,0.27238035202026367,RBC
