{
  "total_cells": 9,
  "cell_counts": {
    "RBC": 8,
    "WBC": 1
  },
  "cell_percentages": {
    "RBC": 88.88888888888889,
    "WBC": 11.11111111111111
  },
  "feature_stats": {
    "RBC": {
      "avg_area": 2988.9375,
      "avg_perimeter": 399.0590263158083,
      "avg_circularity": 0.2897530304296417,
      "avg_texture": 15.61346957740521
    },
    "WBC": {
      "avg_area": 11524.0,
      "avg_perimeter": 444.1421352624893,
      "avg_circularity": 0.7341235588967063,
      "avg_texture": 14.062820469726962
    }
  },
  "warnings": [
    "\u26a0\ufe0f Platelets critically low: 0 cells (0.0%) - Could indicate thrombocytopenia"
  ]
}