area,perimeter,circularity,mean_b,mean_g,mean_r,mean_h,mean_s,mean_v,texture_laplacian_var,det_confidence,predicted_label
17079.0,524.1421353816986,0.781221442697503,236.82050714206622,234.1476027018049,235.21459417561732,62.9612446019267,17.958476359207175,244.39154025024916,6.546735136890122,0.944934606552124,WBC
2447.5,391.2964633703232,0.2008726084478015,225.6389521640091,229.08086560364467,239.27980258162492,35.01708428246014,15.288154897494305,239.31776765375855,8.307268888184877,0.6044722199440002,RBC
1736.0,389.6812390089035,0.14366156395291155,229.96727272727273,233.56,243.71454545454546,37.75272727272727,15.35590909090909,243.7790909090909,7.200871028534447,0.5179600715637207,RBC
5864.5,664.977702498436,0.1666582005694597,235.73845657087503,235.96754924120114,247.16661285114625,66.09299321924443,14.384404262189214,247.20229254116887,1159.8483433136155,0.45234355330467224,RBC
1552.5,291.7817442417145,0.2291528381968957,229.64672268907563,232.43327731092438,241.84873949579833,42.529411764705884,16.089747899159665,243.08605042016808,5.61376970409563,0.30806273221969604,RBC
2775.0,554.2497807741165,0.11351723166234742,230.28941330711243,231.91445427728613,241.08554572271387,57.59521468371026,13.15339233038348,241.15142576204522,7.985661026965225,0.30691635608673096,RBC
