{
  "total_cells": 16,
  "cell_counts": {
    "WBC": 1,
    "RBC": 14,
    "Platelets": 1
  },
  "cell_percentages": {
    "WBC": 6.25,
    "RBC": 87.5,
    "Platelets": 6.25
  },
  "feature_stats": {
    "WBC": {
      "avg_area": 15040.0,
      "avg_perimeter": 508.0,
      "avg_circularity": 0.7323695441439408,
      "avg_texture": 6.80714741926807
    },
    "RBC": {
      "avg_area": 2019.4285714285713,
      "avg_perimeter": 345.8349707382066,
      "avg_circularity": 0.2657915305333552,
      "avg_texture": 117.49074842730433
    },
    "Platelets": {
      "avg_area": 858.0,
      "avg_perimeter": 118.0,
      "avg_circularity": 0.7743425730479869,
      "avg_texture": 7.974966893075313
    }
  },
  "warnings": []
}