{
  "total_cells": 19,
  "cell_counts": {
    "RBC": 18,
    "WBC": 1
  },
  "cell_percentages": {
    "RBC": 94.73684210526315,
    "WBC": 5.263157894736842
  },
  "feature_stats": {
    "RBC": {
      "avg_area": 1840.7222222222222,
      "avg_perimeter": 373.3721566994985,
      "avg_circularity": 0.19304492899475892,
      "avg_texture": 126.6266046213293
    },
    "WBC": {
      "avg_area": 27081.5,
      "avg_perimeter": 711.0121920108795,
      "avg_circularity": 0.673175782643232,
      "avg_texture": 11.967746031352196
    }
  },
  "warnings": [
    "\u26a0\ufe0f Platelets critically low: 0 cells (0.0%) - Could indicate thrombocytopenia"
  ]
}