{
  "total_cells": 162,
  "cell_counts": {
    "RBC": 136,
    "Platelets": 18,
    "WBC": 8
  },
  "cell_percentages": {
    "RBC": 83.9506172839506,
    "Platelets": 11.11111111111111,
    "WBC": 4.938271604938271
  },
  "feature_stats": {
    "RBC": {
      "avg_area": 2084.176470588235,
      "avg_perimeter": 310.5574960068745,
      "avg_circularity": 0.3434107090834272,
      "avg_texture": 143.41726820658386
    },
    "Platelets": {
      "avg_area": 2069.3333333333335,
      "avg_perimeter": 201.94766657882266,
      "avg_circularity": 0.5768593397086127,
      "avg_texture": 163.2682247252575
    },
    "WBC": {
      "avg_area": 14538.0,
      "avg_perimeter": 903.113741710782,
      "avg_circularity": 0.23533262894150936,
      "avg_texture": 110.29906850242753
    }
  },
  "warnings": [
    "Ph\u00e1t hi\u1ec7n 4 v\u00f9ng c\u00f3 k\u00edch th\u01b0\u1edbc b\u1ea5t th\u01b0\u1eddng l\u1edbn \u2014 c\u00f3 th\u1ec3 l\u00e0 c\u1ee5m t\u1ebf b\u00e0o ch\u01b0a t\u00e1ch \u0111\u01b0\u1ee3c, k\u1ebft qu\u1ea3 ph\u00e2n lo\u1ea1i c\u00f3 th\u1ec3 kh\u00f4ng ch\u00ednh x\u00e1c"
  ]
}