area,perimeter,circularity,mean_b,mean_g,mean_r,mean_h,mean_s,mean_v,texture_laplacian_var,det_confidence,predicted_label
12800.0,456.0,0.7735531310778192,214.91391545819192,212.28556001234188,215.53903116322124,75.618327676643,12.493366244986115,219.19932119716137,9.228473549098963,0.793207585811615,WBC
2958.5,500.20815122127533,0.14858669009507122,204.42307692307693,210.0808293269231,212.41646634615387,44.23677884615385,11.491586538461538,213.1853966346154,9.688339183010838,0.71022629737854,RBC
2857.0,476.50966572761536,0.15811631178190555,218.63683360258483,223.57059773828757,225.75088852988694,39.6891760904685,9.465266558966075,226.45492730210017,8.270595640164846,0.5470089316368103,RBC
2242.0,432.5096666812897,0.15061000929249965,208.50963455149503,215.83588039867112,219.02491694352162,27.36345514950166,12.9890365448505,219.64019933554817,6.754910741502821,0.381975382566452,RBC
2143.0,422.7939363718033,0.15065187278109096,204.54495159059474,210.2591977869986,212.74993084370678,34.8716459197787,10.533333333333333,213.15850622406637,5.254168668801887,0.3584241569042206,RBC
930.0,246.9116872549057,0.19169444070657535,193.51641414141415,198.2064393939394,206.31502525252526,58.0044191919192,19.08270202020202,206.6003787878788,16.909018621798207,0.3106243908405304,RBC
