{
  "total_cells": 10,
  "cell_counts": {
    "RBC": 9,
    "WBC": 1
  },
  "cell_percentages": {
    "RBC": 90.0,
    "WBC": 10.0
  },
  "feature_stats": {
    "RBC": {
      "avg_area": 2600.1666666666665,
      "avg_perimeter": 393.18750005298193,
      "avg_circularity": 0.24269152803203406,
      "avg_texture": 10.418411262658616
    },
    "WBC": {
      "avg_area": 18380.0,
      "avg_perimeter": 546.4852812290192,
      "avg_circularity": 0.773389786365038,
      "avg_texture": 8.474367934513504
    }
  },
  "warnings": [
    "\u26a0\ufe0f Platelets critically low: 0 cells (0.0%) - Could indicate thrombocytopenia"
  ]
}