area,perimeter,circularity,mean_b,mean_g,mean_r,mean_h,mean_s,mean_v,texture_laplacian_var,det_confidence,predicted_label
9401.0,396.0,0.7533443662992971,143.73471933471933,132.31226611226612,124.24698544698545,89.67671517671518,42.16860706860707,147.09417879417882,12.300090972222222,0.9131526350975037,WBC
4437.5,515.5807334184647,0.2097755508387578,123.6289691170074,123.19725967812091,127.16507177033493,97.69791213571118,30.926707264027836,133.7579382340148,18.073173646619594,0.7133601903915405,RBC
3451.0,312.76955211162567,0.4433083248199254,115.15319628273726,115.78597578147,123.89186144747957,79.54801464376231,30.31596733314559,126.4719797240214,21.971374882274002,0.4742250144481659,RBC
1717.5,249.8406194448471,0.345764589169296,125.17699999999999,119.51233333333333,122.74333333333333,97.63133333333333,37.91266666666667,133.34199999999998,11.441008859365581,0.4390072226524353,RBC
956.5,283.63960886001587,0.1494036070475308,111.64516129032259,103.1805411030177,121.89542143600417,125.67898022892821,51.01404786680541,125.81945889698233,10.470951372400478,0.40606406331062317,RBC
4496.0,557.8233746290207,0.18156943795816147,119.82468415937804,113.0326530612245,118.96112730806608,118.43828960155491,34.17084548104956,126.44023323615161,9.789478329720048,0.35065165162086487,WBC
807.0,191.94112491607666,0.27526267575672364,121.21545157780196,118.44069640914037,115.45048966267683,93.94015233949946,25.659412404787812,125.07834602829162,11.86550282627799,0.28422224521636963,RBC
3451.5,435.9238792657852,0.22824245100408339,112.07161526398326,105.66989022477783,113.83638264506011,106.68191322530058,38.36095138525875,120.22373235755357,9.694722909139912,0.2625105381011963,RBC
