{
  "total_cells": 11,
  "cell_counts": {
    "Platelets": 1,
    "WBC": 1,
    "RBC": 9
  },
  "cell_percentages": {
    "Platelets": 9.090909090909092,
    "WBC": 9.090909090909092,
    "RBC": 81.81818181818183
  },
  "feature_stats": {
    "Platelets": {
      "avg_area": 1044.0,
      "avg_perimeter": 130.0,
      "avg_circularity": 0.7762894036326021,
      "avg_texture": 19.65934907880854
    },
    "WBC": {
      "avg_area": 10248.0,
      "avg_perimeter": 412.0,
      "avg_circularity": 0.7586728606369167,
      "avg_texture": 16.449502582290574
    },
    "RBC": {
      "avg_area": 1831.4444444444443,
      "avg_perimeter": 344.52004010147516,
      "avg_circularity": 0.2235936328587637,
      "avg_texture": 27.921289550714963
    }
  },
  "warnings": []
}