{
  "total_cells": 16,
  "cell_counts": {
    "RBC": 14,
    "WBC": 1,
    "Platelets": 1
  },
  "cell_percentages": {
    "RBC": 87.5,
    "WBC": 6.25,
    "Platelets": 6.25
  },
  "feature_stats": {
    "RBC": {
      "avg_area": 1756.142857142857,
      "avg_perimeter": 314.29153653553556,
      "avg_circularity": 0.33216022099166326,
      "avg_texture": 9.115419200371097
    },
    "WBC": {
      "avg_area": 10750.0,
      "avg_perimeter": 790.7350614070892,
      "avg_circularity": 0.21605102763713188,
      "avg_texture": 13.75420273539188
    },
    "Platelets": {
      "avg_area": 957.0,
      "avg_perimeter": 124.0,
      "avg_circularity": 0.7821290763489678,
      "avg_texture": 16.64907631680123
    }
  },
  "warnings": []
}