area,perimeter,circularity,mean_b,mean_g,mean_r,mean_h,mean_s,mean_v,texture_laplacian_var,det_confidence,predicted_label
1199.5,285.1543276309967,0.18537458094794795,203.67774086378736,206.76799557032115,208.0908084163898,67.33499446290143,13.084717607973422,211.640642303433,14.524934297499628,0.8445322513580322,RBC
1561.5,360.7523065805435,0.150776486705387,197.25195822454307,198.30385117493472,199.07930809399477,77.21344647519582,12.580287206266318,203.1367493472585,11.795861532707946,0.8122480511665344,RBC
20034.0,570.0,0.7748681714006515,203.40106090109447,189.0449204324179,195.16081380514336,116.96756865641576,20.985630833277376,204.48841737729134,8.74921162967326,0.7094897627830505,WBC
1524.5,230.32590115070343,0.3611201604456049,211.31294642857142,213.51517857142858,213.83883928571427,61.43080357142857,7.085267857142857,215.7473214285714,9.758919993671393,0.6159521341323853,RBC
1129.5,272.3259016275406,0.19138954012505063,199.48451151707704,205.15091342335185,204.20413026211278,58.30420969023034,11.282764098490865,207.2327243844321,3786.707578402055,0.5414367914199829,RBC
828.0,118.82842707633972,0.7368846399557322,202.09298780487805,195.22713414634148,192.1692073170732,108.63262195121952,15.283536585365853,202.8582317073171,10.897454964792173,0.4054354131221771,Platelets
1692.0,352.0243843793869,0.17157923509207146,196.99725058915948,200.43047918303222,200.818931657502,68.40494893951296,11.908091123330715,203.68460329929303,10.498802356380692,0.2775231599807739,RBC
