area,perimeter,circularity,mean_b,mean_g,mean_r,mean_h,mean_s,mean_v,texture_laplacian_var,det_confidence,predicted_label
1188.0,138.0,0.7839134787785496,224.5801104972376,215.62872928176796,216.44972375690608,100.64972375690608,12.606629834254145,225.14917127071826,9.117394304432555,0.8183401823043823,Platelets
11684.0,438.0,0.7653378487634357,219.45120405576677,203.8148148148148,213.48711449091675,116.42233488241092,20.722010984368396,220.84790874524714,10.8584339972355,0.7367883920669556,WBC
1402.0,282.71067702770233,0.22043139870007344,212.36387049300956,213.91427520235467,219.61736571008095,71.11883738042678,13.642384105960264,220.7512877115526,21.011460360339736,0.6782193183898926,RBC
3214.5,648.8355671167374,0.09595199240210865,212.2984623833059,212.64387699066447,221.28830313014828,82.11641954969797,16.64277869302581,222.51784733662822,19.691402341527965,0.5092856884002686,RBC
2634.0,465.68123948574066,0.1526328980241511,216.3987603305785,214.62750885478158,220.78955135773316,91.39935064935065,11.610094451003542,222.3845926800472,6.656997495536601,0.49184560775756836,RBC
453.5,177.01219236850739,0.18187826110293506,226.94785847299815,216.89571694599627,217.15642458100558,107.57169459962756,14.649906890130353,227.56238361266293,22.739417360285373,0.47827017307281494,Platelets
770.5,183.84062004089355,0.28648346109790845,211.57716701902748,210.58245243128965,219.67336152219875,90.3276955602537,15.457716701902749,220.69027484143763,38.84816692390545,0.3783726096153259,RBC
