area,perimeter,circularity,mean_b,mean_g,mean_r,mean_h,mean_s,mean_v,texture_laplacian_var,det_confidence,predicted_label
5989.5,538.551295876503,0.2595053303051872,227.41474581622987,233.65266814019577,235.46116198294916,60.87053994316388,13.440164193242817,237.70997789706345,10.941975403489534,0.5797850489616394,RBC
1857.5,345.58073353767395,0.19545178549932937,215.5930296377607,222.87843029637762,227.5087815587267,64.56366630076839,18.571350164654227,229.29226125137214,7.928907988985231,0.5527428388595581,RBC
2949.5,317.63960909843445,0.36735754051013925,225.3183870967742,224.49548387096775,227.18032258064517,86.9541935483871,10.243870967741936,230.2606451612903,5.881590219881433,0.5410051941871643,RBC
1596.5,206.5269113779068,0.4703546983416369,231.70118343195267,228.50828402366864,230.33727810650888,96.25502958579882,9.942603550295859,234.798224852071,1924.8738443180134,0.4100455939769745,RBC
13334.0,462.0,0.785030198889944,229.09407744874716,218.85660592255127,227.02482915717542,110.31628701594533,19.251936218678818,232.5010250569476,8.975860883704955,0.3954169750213623,WBC
1472.0,352.9949473142624,0.14845016885951084,212.5018137847642,219.19790407093916,229.30390971382508,57.248286981056026,21.541717049576786,229.6082224909311,8.651352237470155,0.340724915266037,RBC
1044.0,130.0,0.7762894036326021,237.59549071618036,232.2944297082228,225.94031830238725,100.86737400530504,13.039787798408488,238.01989389920422,6.664491518545573,0.25493648648262024,Platelets
