area,perimeter,circularity,mean_b,mean_g,mean_r,mean_h,mean_s,mean_v,texture_laplacian_var,det_confidence,predicted_label
12864.0,460.0,0.7639593175005501,214.97401086113265,209.78549262994568,211.17817429531937,73.84380656839927,8.386992500646496,215.93858288078613,10.134629433541507,0.9010879397392273,WBC
2096.0,488.30865609645844,0.11046184592227848,211.75503000352984,212.23720437698552,216.28203318037416,65.38722202612072,7.347334980585951,216.82668549241086,6.529788617272772,0.836638867855072,RBC
2188.0,479.6223638057709,0.11952488413345369,216.09124844462877,217.17544587308169,220.25383658233096,55.36333471588552,6.238905018664454,220.6669431771049,4.901038141853266,0.7162213325500488,RBC
1627.5,383.78174448013306,0.13885522804757192,222.01603095632944,221.2669983416252,224.14483139856273,75.92150359314537,5.034273079049198,224.69707020453288,2315.7405176348966,0.7156385183334351,RBC
4362.5,591.1787127256393,0.1568583812899338,219.194278471845,219.8232844468586,223.191381495564,61.348904580843744,6.062466051059206,223.47709578127828,6.304024978328083,0.5184454917907715,RBC
574.5,131.3553386926651,0.4184122970847436,211.93766233766235,210.4008658008658,213.9774891774892,94.77922077922078,7.051082251082251,215.22337662337662,6.071014979214724,0.5080304741859436,RBC
1282.5,296.8111822605133,0.18293917666965173,213.71357888949973,216.05112699285323,220.20395821880155,51.53655854865311,8.936228697086312,220.565145684442,5.299719161310071,0.46027159690856934,RBC
2816.0,535.0782076120377,0.1235970164403051,208.76101860920664,210.08945478289257,211.85830884753508,45.416258570029385,5.176950701926216,212.40156709108717,5.07790866755885,0.4500671923160553,RBC
