{
  "total_cells": 13,
  "cell_counts": {
    "RBC": 12,
    "WBC": 1
  },
  "cell_percentages": {
    "RBC": 92.3076923076923,
    "WBC": 7.6923076923076925
  },
  "feature_stats": {
    "RBC": {
      "avg_area": 2084.7083333333335,
      "avg_perimeter": 357.4281909863154,
      "avg_circularity": 0.23184161758113078,
      "avg_texture": 195.68253360255724
    },
    "WBC": {
      "avg_area": 7991.5,
      "avg_perimeter": 911.5462445020676,
      "avg_circularity": 0.12085948950675122,
      "avg_texture": 6.316847180852615
    }
  },
  "warnings": [
    "\u26a0\ufe0f Platelets critically low: 0 cells (0.0%) - Could indicate thrombocytopenia"
  ]
}