{
  "total_cells": 22,
  "cell_counts": {
    "RBC": 19,
    "WBC": 1,
    "Platelets": 2
  },
  "cell_percentages": {
    "RBC": 86.36363636363636,
    "WBC": 4.545454545454546,
    "Platelets": 9.090909090909092
  },
  "feature_stats": {
    "RBC": {
      "avg_area": 1958.9736842105262,
      "avg_perimeter": 333.247947943838,
      "avg_circularity": 0.3506610778258688,
      "avg_texture": 173.5160432776338
    },
    "WBC": {
      "avg_area": 27412.0,
      "avg_perimeter": 664.0,
      "avg_circularity": 0.781293890806026,
      "avg_texture": 11.79611684963604
    },
    "Platelets": {
      "avg_area": 955.25,
      "avg_perimeter": 123.70710676908493,
      "avg_circularity": 0.7747388356963183,
      "avg_texture": 17.409623592143102
    }
  },
  "warnings": []
}