area,perimeter,circularity,mean_b,mean_g,mean_r,mean_h,mean_s,mean_v,texture_laplacian_var,det_confidence,predicted_label
3961.0,451.8233742713928,0.24382448591025377,170.3219754151391,173.23032132844511,168.16778089281863,53.079577312917834,23.739055423765365,178.34850118611172,11.258487273470699,0.9027117490768433,RBC
9947.5,405.899494767189,0.7587291859788451,159.08948589099342,152.17935833011208,158.12214920757634,97.91495941244685,24.44994201778121,164.50425202937765,20.65044246820763,0.8657003045082092,WBC
426.0,135.4558435678482,0.2917588057576762,166.1914460285132,172.142566191446,164.30549898167004,65.020366598778,16.824847250509162,173.0672097759674,27.843526225393052,0.5607545971870422,Platelets
2449.0,391.5391037464142,0.200746676707578,149.39464411557435,155.85130373502466,164.61451726568006,50.54122621564482,25.88830162085976,165.15151515151516,15.251423994123424,0.48044851422309875,RBC
889.5,119.41421353816986,0.7838695079796855,161.60951008645532,165.18011527377521,158.43948126801152,64.15561959654178,16.828530259365994,167.1123919308357,14.845339974224984,0.405017226934433,Platelets
1505.5,276.9533175230026,0.24664793303716218,155.69363032434546,160.71043376318875,172.12231340367333,48.63149667839,27.092223524814383,172.6295427901524,12.938821778376644,0.3987745940685272,RBC
2007.0,482.1665210723877,0.10848336108535077,165.85244444444444,170.9448888888889,182.83466666666666,45.961333333333336,25.24177777777778,183.13022222222224,29.38558928297667,0.2999541461467743,RBC
