{
  "total_cells": 15,
  "cell_counts": {
    "RBC": 14,
    "WBC": 1
  },
  "cell_percentages": {
    "RBC": 93.33333333333333,
    "WBC": 6.666666666666667
  },
  "feature_stats": {
    "RBC": {
      "avg_area": 2343.1071428571427,
      "avg_perimeter": 439.4272141797202,
      "avg_circularity": 0.16795602831805898,
      "avg_texture": 6.223931280849009
    },
    "WBC": {
      "avg_area": 25684.0,
      "avg_perimeter": 827.5391035079956,
      "avg_circularity": 0.4712978691053329,
      "avg_texture": 8.487852878621437
    }
  },
  "warnings": [
    "\u26a0\ufe0f Platelets critically low: 0 cells (0.0%) - Could indicate thrombocytopenia"
  ]
}