area,perimeter,circularity,mean_b,mean_g,mean_r,mean_h,mean_s,mean_v,texture_laplacian_var,det_confidence,predicted_label
4911.0,566.7939373254776,0.1921009027450941,158.5138308682398,158.46008806593653,159.8186744947499,77.02325843965225,20.492830529524667,165.31590832110194,9.777703405529659,0.8525078892707825,RBC
2848.0,457.4802290201187,0.17100357478043562,144.5773137697517,153.43999247554552,149.6662904439428,57.425319789315274,19.244544770504138,154.94018058690745,7.54066104774264,0.615357518196106,RBC
1536.5,363.58073472976685,0.14606316356446297,143.12255920232656,153.77565434150395,151.57000415454922,49.555463232239305,21.498961362692146,155.45949314499376,9.04198259115007,0.5332052111625671,RBC
6840.0,334.0,0.770500690256165,151.89735364875702,162.9628441593157,160.11547714514836,45.86901897888265,19.69633787757284,164.1082598235766,8.958815414477387,0.5299455523490906,RBC
2981.0,616.8771975040436,0.09844063485250162,139.6052236565596,149.95797057940558,147.94626238366857,50.40828580006004,22.64124887421195,152.23596517562294,6.553688493637865,0.49614420533180237,RBC
2172.0,488.10764503479004,0.11456144032169288,146.43929058663028,155.53171896316508,154.34276944065485,56.212482946794,22.387789904502046,158.56514324693043,10.610296078669263,0.3781709671020508,RBC
1201.5,325.78174436092377,0.14225913067523469,144.61641791044775,155.48308457711443,153.45124378109452,52.276616915422885,23.18009950248756,157.90895522388058,23.036606678809264,0.3413652777671814,RBC
1932.5,472.06601560115814,0.10897425129570587,145.60714285714286,154.0299003322259,154.02117940199335,54.5406976744186,21.129152823920265,157.16943521594683,8.82899280935946,0.2730007767677307,RBC
