area,perimeter,circularity,mean_b,mean_g,mean_r,mean_h,mean_s,mean_v,texture_laplacian_var,det_confidence,predicted_label
3102.5,422.4680360555649,0.21844089265433983,182.06717095310134,153.642965204236,165.95854765506806,120.51013615733736,47.21633888048411,185.20786686838122,19.539562053211505,0.913270115852356,WBC
1085.0,132.0,0.7825133216586148,191.1689655172414,181.23563218390805,176.6689655172414,100.48965517241379,20.495402298850575,191.97816091954022,17.197530110677082,0.7575052380561829,Platelets
3227.5,632.2914108037949,0.10144754702548735,184.47585227272725,183.90767045454544,193.11164772727273,81.63948863636364,20.769318181818182,195.43494318181817,18.14997825064087,0.7112388610839844,RBC
883.5,186.52691102027893,0.3191048621792152,170.72871287128714,167.46534653465346,181.63498349834984,95.48118811881189,26.035643564356437,182.94917491749175,13.839820880029828,0.6472145915031433,RBC
3183.5,311.0121924877167,0.413580342518914,189.8377324535093,184.5362927414517,194.65566886622673,102.78254349130174,17.703359328134372,196.33443311337732,13.134095249326036,0.6296301484107971,RBC
1055.0,189.7401144504547,0.36825106137067637,186.05391432791728,184.22968980797637,194.89217134416546,76.54579025110783,20.64549483013294,196.0096011816839,33.0187753932775,0.38194704055786133,RBC
3016.0,607.9066337347031,0.10255750243096103,185.69127924642964,183.69735642661803,193.74050440595562,86.48890914615617,17.71254937708903,195.18505013673655,8.758782427613795,0.32028043270111084,RBC
