{
  "total_cells": 11,
  "cell_counts": {
    "RBC": 10,
    "WBC": 1
  },
  "cell_percentages": {
    "RBC": 90.9090909090909,
    "WBC": 9.090909090909092
  },
  "feature_stats": {
    "RBC": {
      "avg_area": 3740.45,
      "avg_perimeter": 335.26143476963045,
      "avg_circularity": 0.4626485805825252,
      "avg_texture": 9.693163855510841
    },
    "WBC": {
      "avg_area": 8961.0,
      "avg_perimeter": 1021.5878736972809,
      "avg_circularity": 0.10789836976211443,
      "avg_texture": 13.146676562413973
    }
  },
  "warnings": [
    "\u26a0\ufe0f Platelets critically low: 0 cells (0.0%) - Could indicate thrombocytopenia"
  ]
}