area,perimeter,circularity,mean_b,mean_g,mean_r,mean_h,mean_s,mean_v,texture_laplacian_var,det_confidence,predicted_label
24640.0,632.0,0.7752047246480183,224.57461836409203,203.384996582365,213.62491455912507,111.38203463203463,27.632547277284118,226.8813511050353,9.28700932217992,0.8872097134590149,WBC
2610.5,646.0071400403976,0.07860658432546765,220.2264927934111,216.24296499656828,220.8002745367193,89.90219629375429,11.824982841455045,224.72855181880576,7.053490885725318,0.46742284297943115,RBC
1864.5,416.26702558994293,0.13521604600258164,218.21740890688258,216.58623481781376,219.67773279352227,75.51214574898785,9.782591093117409,222.48340080971658,7.278458152236224,0.38784536719322205,RBC
2802.5,529.0365775823593,0.12582996763926066,221.71125034050667,220.4429310814492,223.07709071097793,82.68727867066194,7.4418414600926175,224.87986924543722,9.678954753211219,0.3757432997226715,RBC
1786.0,378.02438509464264,0.15705497112904257,215.33409523809524,215.71961904761906,219.51238095238097,73.03961904761906,7.808380952380952,220.2175238095238,4.994437015798055,0.330631285905838,RBC
562.0,137.79898953437805,0.37192392267630964,213.98092209856918,215.38632750397457,213.71701112877585,61.38473767885533,9.608903020667727,218.7488076311606,9.376608977825851,0.2925366461277008,RBC
