area,perimeter,circularity,mean_b,mean_g,mean_r,mean_h,mean_s,mean_v,texture_laplacian_var,det_confidence,predicted_label
24047.0,624.0,0.7760712374761028,220.8513561741613,196.07494646680942,209.0585296216988,110.47828931715442,33.99803711634547,224.02819414703785,16.172402461975675,0.8541116714477539,WBC
1699.5,383.09545278549194,0.14551810776520363,212.45725434551258,209.8467541681447,214.9389854558354,83.1496984746364,12.736076622915927,217.9886484568996,12.434127709079334,0.5861527323722839,RBC
2067.0,394.85281205177307,0.16660186933215756,210.99379096240082,212.03345981372885,215.24870645050015,68.48637461193515,9.059675750258709,216.43221800620904,12.518936631630433,0.5460792779922485,RBC
2153.0,604.9360725879669,0.07393242118347128,218.42675420599096,214.346327451785,218.99589659417316,85.63848994665572,14.78867459991793,224.08124743537135,16.925608537762983,0.5109081864356995,RBC
535.5,133.21320295333862,0.3792056488053177,209.14000000000001,209.88000000000002,208.37166666666667,58.19666666666667,12.701666666666668,214.8816666666667,17.475823914336704,0.3287133574485779,RBC
1461.0,225.7401144504547,0.36028202756407074,208.84155951887183,210.3380340107839,216.62173372044793,57.56822895064288,16.848610535047698,218.95810866860222,49.974277903345076,0.326122522354126,RBC
2287.5,518.5512962341309,0.10690241549139069,222.65080906148867,220.99449838187704,224.25857605177993,89.08446601941748,9.944660194174757,227.1145631067961,10.782860785101105,0.289257287979126,RBC
825.5,185.6984840631485,0.3008224367010684,199.6052631578947,200.1142490372272,206.2374839537869,70.71951219512195,13.564826700898587,207.28690629011552,12.076677016039206,0.27053385972976685,RBC
857.5,170.18376553058624,0.3720555053731569,211.87098393574294,211.58032128514054,216.40411646586344,82.19879518072288,11.490461847389557,217.9563253012048,13.68143220032278,0.25923579931259155,RBC
