area,perimeter,circularity,mean_b,mean_g,mean_r,mean_h,mean_s,mean_v,texture_laplacian_var,det_confidence,predicted_label
15746.5,534.5269114971161,0.6925557685734883,159.65124328263047,143.93496675471354,156.63402860005465,112.04290008197468,35.476363967574464,163.42490208580017,11.322906289060336,0.8290047645568848,WBC
1441.5,367.0954521894455,0.134420808215247,148.03696236559142,151.59778225806454,153.73655913978496,69.17036290322581,19.2741935483871,156.66330645161293,11.174533677519396,0.4968663156032562,RBC
4428.5,665.5218579769135,0.12564403223584797,163.07568893922235,164.66383540958853,166.422234805587,82.18988297470743,16.520951302378254,169.73725934314837,14.779295413430592,0.4579760432243347,RBC
4181.5,586.9777022600174,0.15251015323427536,162.28629856850716,160.88798000454443,161.97614178595774,88.19950011361054,12.304476255396501,165.63485571461032,11.04047307449954,0.3348142206668854,RBC
