{
  "total_cells": 18,
  "cell_counts": {
    "RBC": 17,
    "WBC": 1
  },
  "cell_percentages": {
    "RBC": 94.44444444444444,
    "WBC": 5.555555555555555
  },
  "feature_stats": {
    "RBC": {
      "avg_area": 3261.0,
      "avg_perimeter": 381.712408675867,
      "avg_circularity": 0.35888194174948973,
      "avg_texture": 12.73259468907099
    },
    "WBC": {
      "avg_area": 26224.0,
      "avg_perimeter": 648.1421352624893,
      "avg_circularity": 0.7844554582022903,
      "avg_texture": 12.680895800722247
    }
  },
  "warnings": [
    "\u26a0\ufe0f Platelets critically low: 0 cells (0.0%) - Could indicate thrombocytopenia"
  ]
}