{
  "total_cells": 10,
  "cell_counts": {
    "RBC": 8,
    "WBC": 1,
    "Platelets": 1
  },
  "cell_percentages": {
    "RBC": 80.0,
    "WBC": 10.0,
    "Platelets": 10.0
  },
  "feature_stats": {
    "RBC": {
      "avg_area": 2030.25,
      "avg_perimeter": 379.55255959928036,
      "avg_circularity": 0.18586476252257828,
      "avg_texture": 719.9967598430911
    },
    "WBC": {
      "avg_area": 10752.0,
      "avg_perimeter": 416.0,
      "avg_circularity": 0.7807508369868126,
      "avg_texture": 11.139593270285461
    },
    "Platelets": {
      "avg_area": 972.0,
      "avg_perimeter": 126.0,
      "avg_circularity": 0.7693696294505616,
      "avg_texture": 10.083565950120002
    }
  },
  "warnings": []
}