{
  "total_cells": 10,
  "cell_counts": {
    "WBC": 1,
    "RBC": 8,
    "Platelets": 1
  },
  "cell_percentages": {
    "WBC": 10.0,
    "RBC": 80.0,
    "Platelets": 10.0
  },
  "feature_stats": {
    "WBC": {
      "avg_area": 10230.0,
      "avg_perimeter": 406.0,
      "avg_circularity": 0.7798901416249747,
      "avg_texture": 10.960117051827252
    },
    "RBC": {
      "avg_area": 1745.125,
      "avg_perimeter": 328.00661800801754,
      "avg_circularity": 0.21848047713914726,
      "avg_texture": 21.782240385109553
    },
    "Platelets": {
      "avg_area": 253.5,
      "avg_perimeter": 80.72792184352875,
      "avg_circularity": 0.4888102253597526,
      "avg_texture": 13.358270874023436
    }
  },
  "warnings": []
}