area,perimeter,circularity,mean_b,mean_g,mean_r,mean_h,mean_s,mean_v,texture_laplacian_var,det_confidence,predicted_label
3949.0,648.5929268598557,0.11796483954369799,146.44522802068641,137.2799717912553,138.98448519040903,93.09520451339915,24.48283968030089,148.87070992007523,12.67464472932515,0.8895183205604553,RBC
1201.0,281.25483322143555,0.19078880279184962,138.6631736526946,140.29116766467067,145.12125748502996,68.94461077844312,18.175149700598805,146.87350299401197,10.610202694741416,0.7900877594947815,RBC
883.0,247.2548327445984,0.18150182231605508,131.73996082272282,132.26297747306563,134.4285014691479,79.96278158667972,17.54505386875612,137.58374142997062,13.383612569716385,0.6191917657852173,RBC
2038.0,269.88224959373474,0.35161338616167287,136.4862385321101,136.19147676827464,137.98253921278484,83.85794613791063,15.314886060964783,141.20509026339155,12.223113830780369,0.5857799649238586,RBC
1848.0,440.5096664428711,0.11967431355815675,129.97588776852257,129.23586146427007,133.40771591407278,82.79570363875493,21.796580447172293,136.9868478737396,13.299421381458718,0.49754294753074646,RBC
2789.0,399.3380928039551,0.21977429691619185,119.19595245743656,121.83809829746227,124.54866688082237,70.4657886283328,22.552200449726953,127.35881786058465,13.370738002232143,0.40869447588920593,RBC
586.5,110.87005722522736,0.5995830363292423,95.70579029733959,102.9530516431925,124.5039123630673,48.66197183098592,61.03755868544601,124.5039123630673,26.66426186509003,0.38030749559402466,RBC
1022.5,197.35533821582794,0.3298947655770056,128.9487632508834,133.44611307420496,139.24734982332154,57.12190812720848,25.896643109540637,141.78886925795052,18.569001564046093,0.3244447112083435,RBC
1437.0,354.7106764316559,0.14352187887323536,123.74856870229007,121.89360687022901,126.24856870229007,87.71326335877862,19.84398854961832,129.05295801526717,13.105010715382804,0.3092039227485657,RBC
