{
  "total_cells": 11,
  "cell_counts": {
    "RBC": 10,
    "WBC": 1
  },
  "cell_percentages": {
    "RBC": 90.9090909090909,
    "WBC": 9.090909090909092
  },
  "feature_stats": {
    "RBC": {
      "avg_area": 1797.2,
      "avg_perimeter": 424.6008350610733,
      "avg_circularity": 0.14499928568304538,
      "avg_texture": 380.5717063262256
    },
    "WBC": {
      "avg_area": 26852.0,
      "avg_perimeter": 666.0,
      "avg_circularity": 0.7607431389424841,
      "avg_texture": 12.19279172441357
    }
  },
  "warnings": [
    "\u26a0\ufe0f Platelets critically low: 0 cells (0.0%) - Could indicate thrombocytopenia"
  ]
}