{
  "total_cells": 15,
  "cell_counts": {
    "RBC": 13,
    "WBC": 2
  },
  "cell_percentages": {
    "RBC": 86.66666666666667,
    "WBC": 13.333333333333334
  },
  "feature_stats": {
    "RBC": {
      "avg_area": 2749.730769230769,
      "avg_perimeter": 430.11317945443665,
      "avg_circularity": 0.22189937875579538,
      "avg_texture": 163.57677346295287
    },
    "WBC": {
      "avg_area": 19673.0,
      "avg_perimeter": 562.0710676908493,
      "avg_circularity": 0.7656492230641054,
      "avg_texture": 10.210973866157016
    }
  },
  "warnings": [
    "\u26a0\ufe0f Platelets critically low: 0 cells (0.0%) - Could indicate thrombocytopenia"
  ]
}