area,perimeter,circularity,mean_b,mean_g,mean_r,mean_h,mean_s,mean_v,texture_laplacian_var,det_confidence,predicted_label
18118.5,543.3553386926651,0.771195039210802,184.8869667204222,181.69549919366662,182.35317402140447,85.89722914528662,17.46503445242633,189.54903973024483,25.935202483789357,0.8561501502990723,WBC
2564.0,555.7644989490509,0.10431488457007768,177.56860670194004,178.94708994708995,178.75485008818345,75.59118165784832,14.354497354497356,183.54426807760143,20.00096960146565,0.779908299446106,RBC
1409.0,361.396968126297,0.13556633261078319,176.03223767383062,174.37041719342605,173.5960809102402,87.96649810366625,14.486093552465235,179.83249051833124,1884.9512526561412,0.7345655560493469,RBC
10626.5,421.89949464797974,0.7502087068298526,174.4856293359762,177.02735381565907,175.86382556987115,71.57720515361744,16.24737363726462,181.2874132804757,20.540435072805316,0.5659456849098206,WBC
825.0,116.0,0.770455986685963,173.46493902439025,172.2469512195122,162.59756097560975,85.00762195121952,21.76676829268293,176.9237804878049,12.331682142052784,0.5539445877075195,Platelets
1366.5,370.46803629398346,0.12511748712963577,191.5187246963563,193.95698380566802,193.6244939271255,65.32338056680162,9.3917004048583,196.5905870445344,16.680089811032307,0.3616962432861328,RBC
1321.5,261.9827548265457,0.24195334041193797,166.47856315179607,169.99594438006952,169.47508690614137,71.25086906141367,17.644264194669756,174.34298957126305,1600.0902813859816,0.30717208981513977,RBC
