area,perimeter,circularity,mean_b,mean_g,mean_r,mean_h,mean_s,mean_v,texture_laplacian_var,det_confidence,predicted_label
24595.0,1007.7888853549957,0.3043109376971382,210.77650384796607,198.62289932464267,208.01298361342336,109.7017957175017,20.290455997068214,213.59473326003874,8.083465645097021,0.821841299533844,WBC
1723.5,391.7817442417145,0.14110186724075213,208.1298960831335,210.585931254996,211.1374900079936,63.12150279776179,8.330535571542766,213.1898481215028,5.004561861321249,0.4758431911468506,RBC
2362.0,535.480228304863,0.10351490253257586,206.07142857142858,207.59356136820927,209.11946680080484,75.73163983903422,10.96151911468813,211.83350100603624,6.376190561825563,0.42231127619743347,RBC
1097.0,250.91168701648712,0.21896500464329183,203.7898982813048,205.70431427569272,206.33812697299192,71.97053665380568,9.666432830585759,209.10838302350052,5.4996669501133795,0.2603096663951874,RBC
