{
  "total_cells": 13,
  "cell_counts": {
    "WBC": 1,
    "Platelets": 2,
    "RBC": 10
  },
  "cell_percentages": {
    "WBC": 7.6923076923076925,
    "Platelets": 15.384615384615385,
    "RBC": 76.92307692307693
  },
  "feature_stats": {
    "WBC": {
      "avg_area": 35689.0,
      "avg_perimeter": 824.2842706441879,
      "avg_circularity": 0.6600703398481974,
      "avg_texture": 14.062230611034465
    },
    "Platelets": {
      "avg_area": 1116.75,
      "avg_perimeter": 131.40559089183807,
      "avg_circularity": 0.8050253176828706,
      "avg_texture": 10.201459401545632
    },
    "RBC": {
      "avg_area": 2862.6,
      "avg_perimeter": 426.7238799571991,
      "avg_circularity": 0.26755335991485063,
      "avg_texture": 9.0973598494149
    }
  },
  "warnings": []
}