{
  "total_cells": 12,
  "cell_counts": {
    "RBC": 8,
    "WBC": 1,
    "Platelets": 3
  },
  "cell_percentages": {
    "RBC": 66.66666666666666,
    "WBC": 8.333333333333332,
    "Platelets": 25.0
  },
  "feature_stats": {
    "RBC": {
      "avg_area": 1937.5625,
      "avg_perimeter": 371.3653753846884,
      "avg_circularity": 0.19514927628293122,
      "avg_texture": 30.45871670776698
    },
    "WBC": {
      "avg_area": 9107.0,
      "avg_perimeter": 425.4558435678482,
      "avg_circularity": 0.6322316229786602,
      "avg_texture": 24.40681154942313
    },
    "Platelets": {
      "avg_area": 864.3333333333334,
      "avg_perimeter": 128.69442025820413,
      "avg_circularity": 0.6892111906093019,
      "avg_texture": 33.97001101535397
    }
  },
  "warnings": []
}