{
  "total_cells": 13,
  "cell_counts": {
    "RBC": 11,
    "WBC": 1,
    "Platelets": 1
  },
  "cell_percentages": {
    "RBC": 84.61538461538461,
    "WBC": 7.6923076923076925,
    "Platelets": 7.6923076923076925
  },
  "feature_stats": {
    "RBC": {
      "avg_area": 2988.6363636363635,
      "avg_perimeter": 372.611739245328,
      "avg_circularity": 0.32356334022663596,
      "avg_texture": 241.80742521710798
    },
    "WBC": {
      "avg_area": 27742.0,
      "avg_perimeter": 674.0,
      "avg_circularity": 0.7674106789342869,
      "avg_texture": 6.968861961347716
    },
    "Platelets": {
      "avg_area": 832.0,
      "avg_perimeter": 116.0,
      "avg_circularity": 0.7769931889972378,
      "avg_texture": 12.260633520641003
    }
  },
  "warnings": []
}