area,perimeter,circularity,mean_b,mean_g,mean_r,mean_h,mean_s,mean_v,texture_laplacian_var,det_confidence,predicted_label
2696.5,463.4385987520218,0.15777052980075731,207.80272108843536,213.22142857142856,211.3051020408163,57.63401360544217,9.17517006802721,214.27993197278911,5.049605111768574,0.8326848745346069,RBC
23276.5,615.5563492774963,0.7719548695338602,213.67522068095838,198.19180327868852,211.3374527112232,117.02105926860025,22.666078184110972,215.72099621689784,6.677674403239532,0.7609018683433533,WBC
7446.0,381.11269760131836,0.6442079187175379,210.66504263093788,216.65347137637028,218.41686967113276,46.55755176613885,11.358404384896467,219.69366626065772,7.7030650368053575,0.5861749053001404,RBC
1314.0,276.2253955602646,0.21641034676053805,201.6572751833269,205.65380162099575,208.02045542261675,58.016981860285604,11.847549208799691,209.69355461211887,7.259803559900882,0.4270668625831604,RBC
1296.0,144.0,0.7853981633974483,209.8519701810437,207.4142705005325,204.40681576144837,90.48881789137381,11.91586794462194,212.51544195953144,7.772493398379328,0.3471052646636963,Platelets
