{
  "total_cells": 19,
  "cell_counts": {
    "RBC": 16,
    "WBC": 1,
    "Platelets": 2
  },
  "cell_percentages": {
    "RBC": 84.21052631578947,
    "WBC": 5.263157894736842,
    "Platelets": 10.526315789473683
  },
  "feature_stats": {
    "RBC": {
      "avg_area": 1531.625,
      "avg_perimeter": 332.6641038581729,
      "avg_circularity": 0.24835532471735622,
      "avg_texture": 17.092347729426557
    },
    "WBC": {
      "avg_area": 24814.5,
      "avg_perimeter": 660.3847757577896,
      "avg_circularity": 0.7150251001840207,
      "avg_texture": 18.293953102630276
    },
    "Platelets": {
      "avg_area": 799.5,
      "avg_perimeter": 113.0,
      "avg_circularity": 0.7780001414815554,
      "avg_texture": 68.73642971276786
    }
  },
  "warnings": []
}