area,perimeter,circularity,mean_b,mean_g,mean_r,mean_h,mean_s,mean_v,texture_laplacian_var,det_confidence,predicted_label
8549.0,372.0,0.7763173660405579,204.18753732828986,194.0519609794943,195.918375472825,103.19669520207047,17.59128011148716,205.3547680668923,7.1908566920049575,0.6714714169502258,WBC
2798.0,402.3675309419632,0.21717594406151927,204.72148098732487,204.72048032021345,208.3599066044029,78.55837224816544,11.004669779853234,210.85090060040025,16.562025660222254,0.4700814485549927,RBC
497.0,174.28427076339722,0.20561266662527072,211.9844827586207,206.75862068965517,208.66551724137932,118.80344827586207,8.106896551724137,212.91724137931035,17.130085380950163,0.3650011718273163,Platelets
1417.0,217.11269760131836,0.3777541701802438,194.18422032005955,192.8314104949758,193.42612579084482,84.76144398957946,10.873092668403425,197.89877186453296,7.440153398354002,0.3558993637561798,RBC
3226.0,494.65180146694183,0.16568188879914608,189.2927886809676,188.07142857142858,192.98836147877682,89.76973984481971,13.58922866271109,195.55340027384756,5.741573005870374,0.29013365507125854,RBC
4782.0,638.7939372062683,0.1472644313054448,199.95221238938055,200.0558505408063,202.2304818092429,70.08259587020649,12.054080629301868,205.83638151425762,6.968840186215679,0.28268030285835266,RBC
