area,perimeter,circularity,mean_b,mean_g,mean_r,mean_h,mean_s,mean_v,texture_laplacian_var,det_confidence,predicted_label
13340.0,462.0,0.7853834448171481,216.81075621764927,208.48933215503092,212.71379876278246,88.8474940032824,15.620376215124352,219.4315111728317,5.850043695090419,0.791418194770813,WBC
12656.0,450.0,0.7853826493596527,218.5639309616062,223.27139837971117,224.3365621697781,44.119760479041915,8.313314547375837,225.18615709756958,7.640112239213541,0.6418383717536926,RBC
2527.0,496.1665209531784,0.12899123252394454,211.87579005221212,213.83402033525692,217.66529266281944,57.678208298983236,9.071173399285518,218.19291014014837,2721.8245988987455,0.5840907096862793,RBC
2094.0,415.6812390089035,0.1522880036744642,221.4,224.91348837209304,227.7203100775194,37.76124031007752,8.011782945736435,228.01116279069768,5.847873208206157,0.501499593257904,RBC
3042.0,598.7939375638962,0.10661401142996069,219.18345864661654,224.09233082706766,226.61353383458646,38.48872180451128,9.410827067669173,227.13774436090225,5.46023903017602,0.482988178730011,RBC
1438.5,423.7817449569702,0.10065497388097043,216.43068493150685,218.9643835616438,221.92,52.30410958904109,8.602191780821917,222.5994520547945,4.0814301738093315,0.47426071763038635,RBC
9520.0,390.6274166107178,0.7840095800653848,211.63897923442582,214.99399549662246,218.75456592444334,54.377783337503125,10.153865399049288,219.12134100575432,5.1929658988317655,0.4173441529273987,RBC
1119.5,248.66904652118683,0.227504768381369,215.03898956617243,219.30258099945087,221.3728720483251,48.09939593629874,8.73366282262493,222.03953871499178,9.09672417211977,0.35847654938697815,RBC
1585.5,267.78174567222595,0.27785241352681544,209.32198952879583,213.5911867364747,216.79624781849913,46.295811518324605,9.512216404886562,217.00130890052355,5.407014695637362,0.27081477642059326,RBC
