{
  "total_cells": 134,
  "cell_counts": {
    "RBC": 79,
    "Platelets": 50,
    "WBC": 5
  },
  "cell_percentages": {
    "RBC": 58.95522388059702,
    "Platelets": 37.3134328358209,
    "WBC": 3.731343283582089
  },
  "feature_stats": {
    "RBC": {
      "avg_area": 2174.46835443038,
      "avg_perimeter": 336.7812287279322,
      "avg_circularity": 0.2718614802785963,
      "avg_texture": 53.12388400314086
    },
    "Platelets": {
      "avg_area": 2745.83,
      "avg_perimeter": 232.03893016099929,
      "avg_circularity": 0.5981220515736121,
      "avg_texture": 49.853632861930144
    },
    "WBC": {
      "avg_area": 10200.0,
      "avg_perimeter": 673.7616436243057,
      "avg_circularity": 0.369514555591656,
      "avg_texture": 17.051986980155576
    }
  },
  "warnings": [
    "Ph\u00e1t hi\u1ec7n 1 v\u00f9ng c\u00f3 k\u00edch th\u01b0\u1edbc b\u1ea5t th\u01b0\u1eddng l\u1edbn \u2014 c\u00f3 th\u1ec3 l\u00e0 c\u1ee5m t\u1ebf b\u00e0o ch\u01b0a t\u00e1ch \u0111\u01b0\u1ee3c, k\u1ebft qu\u1ea3 ph\u00e2n lo\u1ea1i c\u00f3 th\u1ec3 kh\u00f4ng ch\u00ednh x\u00e1c",
    "Ti\u1ec3u c\u1ea7u cao: 50 t\u1ebf b\u00e0o (37.3%) - C\u00f3 th\u1ec3 l\u00e0 d\u1ea5u hi\u1ec7u t\u0103ng ti\u1ec3u c\u1ea7u"
  ]
}