{
  "total_cells": 20,
  "cell_counts": {
    "RBC": 18,
    "WBC": 1,
    "Platelets": 1
  },
  "cell_percentages": {
    "RBC": 90.0,
    "WBC": 5.0,
    "Platelets": 5.0
  },
  "feature_stats": {
    "RBC": {
      "avg_area": 2601.527777777778,
      "avg_perimeter": 327.4834323525429,
      "avg_circularity": 0.40544967092771667,
      "avg_texture": 114.40198125231748
    },
    "WBC": {
      "avg_area": 17761.5,
      "avg_perimeter": 932.4924211502075,
      "avg_circularity": 0.2566840497862915,
      "avg_texture": 14.154337940154186
    },
    "Platelets": {
      "avg_area": 1116.0,
      "avg_perimeter": 134.0,
      "avg_circularity": 0.7810241482303873,
      "avg_texture": 12.054191015339665
    }
  },
  "warnings": []
}