{
  "total_cells": 10,
  "cell_counts": {
    "Platelets": 1,
    "WBC": 1,
    "RBC": 8
  },
  "cell_percentages": {
    "Platelets": 10.0,
    "WBC": 10.0,
    "RBC": 80.0
  },
  "feature_stats": {
    "Platelets": {
      "avg_area": 578.5,
      "avg_perimeter": 205.01219248771667,
      "avg_circularity": 0.17296325390200318,
      "avg_texture": 33.48277921577638
    },
    "WBC": {
      "avg_area": 20500.0,
      "avg_perimeter": 578.0,
      "avg_circularity": 0.7710952861985699,
      "avg_texture": 15.640353716972283
    },
    "RBC": {
      "avg_area": 1484.375,
      "avg_perimeter": 368.26702573895454,
      "avg_circularity": 0.16174149916406586,
      "avg_texture": 271.8408526023887
    }
  },
  "warnings": []
}