area,perimeter,circularity,mean_b,mean_g,mean_r,mean_h,mean_s,mean_v,texture_laplacian_var,det_confidence,predicted_label
12492.5,447.0710676908493,0.7854274791353137,211.9028955367141,206.58198688209885,201.9760038393857,94.41673332266836,14.29963205887058,213.3599424092145,7.949079430988083,0.8822067975997925,WBC
5979.0,710.9360719919205,0.14865424542836866,202.00659588159587,199.20479407979408,203.50128700128698,98.4481981981982,11.054054054054054,206.17567567567568,6.795296449071978,0.4755442440509796,WBC
4287.5,529.8650044202805,0.1919037772987343,202.93693693693695,201.76126126126127,203.5150900900901,85.44346846846847,10.146621621621621,207.0545045045045,5.291185921217517,0.35035473108291626,RBC
3599.5,562.6934323310852,0.14285924467311045,201.52057986021228,200.80843903701788,201.73362671498836,86.5330054361895,9.661920786953146,205.46181724048668,7.261468958423783,0.26675572991371155,RBC
