{
  "total_cells": 11,
  "cell_counts": {
    "WBC": 1,
    "RBC": 10
  },
  "cell_percentages": {
    "WBC": 9.090909090909092,
    "RBC": 90.9090909090909
  },
  "feature_stats": {
    "WBC": {
      "avg_area": 10103.5,
      "avg_perimeter": 860.9777015447617,
      "avg_circularity": 0.17127654832876457,
      "avg_texture": 1078.2591344932205
    },
    "RBC": {
      "avg_area": 4421.6,
      "avg_perimeter": 418.201845574379,
      "avg_circularity": 0.3785324904212062,
      "avg_texture": 226.59664491272162
    }
  },
  "warnings": [
    "\u26a0\ufe0f Platelets critically low: 0 cells (0.0%) - Could indicate thrombocytopenia"
  ]
}