{
  "total_cells": 12,
  "cell_counts": {
    "WBC": 1,
    "RBC": 11
  },
  "cell_percentages": {
    "WBC": 8.333333333333332,
    "RBC": 91.66666666666666
  },
  "feature_stats": {
    "WBC": {
      "avg_area": 18676.0,
      "avg_perimeter": 554.0,
      "avg_circularity": 0.7646702602463603,
      "avg_texture": 10.34319576731029
    },
    "RBC": {
      "avg_area": 1541.090909090909,
      "avg_perimeter": 310.6589912284504,
      "avg_circularity": 0.2654620515179473,
      "avg_texture": 10.257882882484
    }
  },
  "warnings": [
    "\u26a0\ufe0f Platelets critically low: 0 cells (0.0%) - Could indicate thrombocytopenia"
  ]
}