{
  "total_cells": 18,
  "cell_counts": {
    "RBC": 17,
    "WBC": 1
  },
  "cell_percentages": {
    "RBC": 94.44444444444444,
    "WBC": 5.555555555555555
  },
  "feature_stats": {
    "RBC": {
      "avg_area": 2650.8823529411766,
      "avg_perimeter": 360.69395496564755,
      "avg_circularity": 0.32958844519770314,
      "avg_texture": 149.4649478534215
    },
    "WBC": {
      "avg_area": 27536.5,
      "avg_perimeter": 677.0710676908493,
      "avg_circularity": 0.7548316306475535,
      "avg_texture": 12.80963473105433
    }
  },
  "warnings": [
    "\u26a0\ufe0f Platelets critically low: 0 cells (0.0%) - Could indicate thrombocytopenia"
  ]
}