area,perimeter,circularity,mean_b,mean_g,mean_r,mean_h,mean_s,mean_v,texture_laplacian_var,det_confidence,predicted_label
2195.5,485.23758840560913,0.11717485753452278,227.53679653679654,229.8816738816739,230.89826839826839,72.22943722943722,9.1504329004329,233.38275613275613,7.166794782152569,0.7969698309898376,RBC
9431.0,1326.4061957597733,0.06736193053844133,223.97005521732976,222.52180376610505,225.37462834489594,86.5762423899193,10.769078295341922,228.91505026192837,10.611230019305246,0.7301185131072998,WBC
2725.5,474.49242067337036,0.15212391411820225,217.40279627163784,222.4390812250333,224.95938748335553,49.71205059920107,10.338215712383489,225.69640479360854,7.154772452365499,0.49697771668434143,RBC
1314.0,232.5685420036316,0.3052834695087078,218.26071679550245,223.04638088545326,221.89388615600842,60.59943780744905,9.552354181307098,224.86366830639494,7.501882219711467,0.38541269302368164,RBC
1988.5,450.55129623413086,0.12309685927245753,222.34745098039215,223.59333333333333,223.85176470588235,75.7713725490196,8.249803921568628,226.6627450980392,9.906241869733242,0.3752497732639313,RBC
1067.0,280.7106765508652,0.17015958654094043,221.30567477348592,224.95517405817833,226.78588459704338,64.31521220791606,9.901287553648068,228.3648068669528,6.937195693786052,0.33924347162246704,RBC
2801.0,607.847759604454,0.09526499131557581,228.3367887583506,232.63695001151808,234.81524994240957,46.80626583736466,8.627965906473163,235.57337019120018,17.210211832241654,0.27775558829307556,RBC
3777.5,514.551295876503,0.17929037866120562,225.97482088024563,226.68986693961105,227.09416581371545,80.19611054247697,6.803684749232343,229.50706243602866,6.554376365582847,0.27710846066474915,RBC
