{
  "total_cells": 14,
  "cell_counts": {
    "WBC": 1,
    "RBC": 12,
    "Platelets": 1
  },
  "cell_percentages": {
    "WBC": 7.142857142857142,
    "RBC": 85.71428571428571,
    "Platelets": 7.142857142857142
  },
  "feature_stats": {
    "WBC": {
      "avg_area": 10279.0,
      "avg_perimeter": 715.4213538169861,
      "avg_circularity": 0.2523695379102835,
      "avg_texture": 9.648854954040306
    },
    "RBC": {
      "avg_area": 1922.0416666666667,
      "avg_perimeter": 373.4686312576135,
      "avg_circularity": 0.20146037807686012,
      "avg_texture": 7.366897025715034
    },
    "Platelets": {
      "avg_area": 2056.5,
      "avg_perimeter": 175.7817440032959,
      "avg_circularity": 0.8363557362652114,
      "avg_texture": 6.391348534806533
    }
  },
  "warnings": []
}