area,perimeter,circularity,mean_b,mean_g,mean_r,mean_h,mean_s,mean_v,texture_laplacian_var,det_confidence,predicted_label
5864.5,820.2914111614227,0.10952279693015349,119.87362022076466,118.31898896176611,120.72676371780514,65.92609182530795,24.00367941129419,125.45208766597344,9.845057426511053,0.8250922560691833,RBC
1961.0,387.6223658323288,0.16400980107198562,139.5845724907063,143.32806691449812,147.48234200743494,53.32109665427509,17.977230483271374,148.02973977695166,12.331192218290981,0.6906384825706482,RBC
7639.5,348.2426404953003,0.7916093314226047,123.78807556080282,128.99203069657614,132.0805785123967,47.77449822904368,19.622786304604485,132.6573199527745,9.751663238074057,0.5896601676940918,RBC
1623.0,302.2253956794739,0.22328856063457328,134.0596804511278,138.54182330827066,140.95112781954887,46.18327067669173,15.75375939849624,141.67105263157893,18.50711065340211,0.43829259276390076,RBC
1192.5,291.639609336853,0.176187557973252,122.5728476821192,127.71688741721854,132.89514348785872,48.12748344370861,21.81788079470199,133.08940397350995,1171.2692494014284,0.43034833669662476,RBC
1021.5,264.46803629398346,0.1835277979993053,122.92947103274558,127.19584382871537,133.88350125944584,53.29471032745592,25.047858942065492,134.26070528967253,10.36342186883987,0.4129225015640259,RBC
2193.0,517.1370831727982,0.10304742232917737,122.1463583016914,128.2195374525371,133.444597859855,43.811183983431135,24.404901622367966,133.9395926820849,8.9662730525939,0.36761969327926636,RBC
1900.5,458.26702523231506,0.11372096095007862,127.12208562950403,136.54302670623144,141.5040271301399,37.10894446799491,28.026706231454007,141.9749894022891,9.863343055250143,0.34036797285079956,RBC
1828.0,403.48022866249084,0.14110471920826098,127.02345483359747,131.01711568938194,136.686529318542,57.58541996830428,21.549920760697308,136.92583201267828,11.78944523239258,0.25703203678131104,RBC
