{
  "total_cells": 10,
  "cell_counts": {
    "WBC": 1,
    "RBC": 8,
    "Platelets": 1
  },
  "cell_percentages": {
    "WBC": 10.0,
    "RBC": 80.0,
    "Platelets": 10.0
  },
  "feature_stats": {
    "WBC": {
      "avg_area": 6290.0,
      "avg_perimeter": 318.0,
      "avg_circularity": 0.7816390882908033,
      "avg_texture": 20.189224229313144
    },
    "RBC": {
      "avg_area": 2055.125,
      "avg_perimeter": 285.4649880826473,
      "avg_circularity": 0.32910228687760223,
      "avg_texture": 14.149956788954988
    },
    "Platelets": {
      "avg_area": 468.0,
      "avg_perimeter": 89.79898941516876,
      "avg_circularity": 0.7293110918960943,
      "avg_texture": 18.32218472633136
    }
  },
  "warnings": []
}