area,perimeter,circularity,mean_b,mean_g,mean_r,mean_h,mean_s,mean_v,texture_laplacian_var,det_confidence,predicted_label
9103.5,1302.4823153018951,0.06743332742117343,133.21383936776326,128.74048888072045,139.99797831281015,89.88163940452122,30.332567542731113,142.0786620106598,17.68011951118983,0.8788028359413147,WBC
1847.5,437.43859803676605,0.12132774031081633,150.26624097723487,157.77845641310384,160.09716823986676,37.2270960577457,17.35757912270961,160.9247640199889,18.797649853200976,0.8005163669586182,RBC
1605.5,428.2670260667801,0.10999954748804086,150.067572815534,156.8357281553398,158.93359223300973,41.950679611650486,16.78252427184466,160.01941747572818,18.68043626658004,0.6493785977363586,RBC
1768.5,414.12489092350006,0.12958426184169128,147.34523809523807,153.12400793650792,154.20684523809524,54.22519841269841,15.774305555555555,156.08035714285714,13.808760829941079,0.6162351965904236,RBC
1222.0,338.3675309419632,0.1341231378188587,138.11764705882354,144.82572159298502,146.03032517354768,48.58385093167702,18.981731823164047,147.6101571063208,10.615503143542481,0.5270752906799316,RBC
1414.5,251.154327750206,0.2817938324978959,132.241357234315,139.64020486555697,138.6587708066581,41.392445582586426,15.537131882202305,140.45902688860434,8.928731058364182,0.4582357704639435,RBC
3107.0,662.0487693548203,0.08907814244015934,134.56684092606423,142.30819019168533,144.87104804580534,46.86009459795868,22.64724919093851,146.18197659945233,12.52576480943764,0.35582810640335083,RBC
2382.5,354.12489008903503,0.23874257178280833,135.52127211457454,130.75294860994103,140.64258635214827,82.32666385846672,29.540859309182814,143.81381634372366,19.738871925432026,0.3207249939441681,RBC
649.5,125.01219248771667,0.5222570069346401,140.06721763085397,146.65013774104682,149.20385674931129,53.612672176308536,19.757024793388428,150.64297520661157,19.27944773963152,0.2601940333843231,RBC
