{
  "total_cells": 11,
  "cell_counts": {
    "WBC": 1,
    "RBC": 10
  },
  "cell_percentages": {
    "WBC": 9.090909090909092,
    "RBC": 90.9090909090909
  },
  "feature_stats": {
    "WBC": {
      "avg_area": 9273.0,
      "avg_perimeter": 669.7644994258881,
      "avg_circularity": 0.25976813439538887,
      "avg_texture": 12.900625388659618
    },
    "RBC": {
      "avg_area": 1423.4,
      "avg_perimeter": 313.72489031553266,
      "avg_circularity": 0.24886633778402617,
      "avg_texture": 19.061598159971503
    }
  },
  "warnings": [
    "\u26a0\ufe0f Platelets critically low: 0 cells (0.0%) - Could indicate thrombocytopenia"
  ]
}