area,perimeter,circularity,mean_b,mean_g,mean_r,mean_h,mean_s,mean_v,texture_laplacian_var,det_confidence,predicted_label
24623.0,644.9705624580383,0.7438254656336041,135.93685073810826,123.97355112083105,127.101079825041,92.37711864406779,36.17202022963368,139.92161016949152,16.52105672762317,0.8684914708137512,WBC
1197.0,393.480229139328,0.09715344011483883,141.38260025873223,145.1937257438551,149.6219275549806,52.20181112548513,17.895213454075034,150.4925614489004,15.43723764638696,0.7936204671859741,RBC
1039.5,245.8406194448471,0.21613598249655688,135.6762275157997,140.56295576081672,140.6164316966456,50.00534759358288,13.825960136120564,142.50899368011667,1393.1944361375217,0.4961448013782501,RBC
1889.0,431.96550941467285,0.12721656901503522,126.03606311044328,129.736664162284,133.4770848985725,52.9030803906837,20.85311795642374,135.16604057099926,19.395605666525807,0.39602893590927124,RBC
1661.5,371.7817448377609,0.15105464585257483,133.14665081252477,137.94887039239,141.22948870392392,56.138723741577486,19.588188664288545,142.68212445501388,11.488136474435006,0.34698763489723206,RBC
1784.5,371.5807342529297,0.16241271978685326,141.8499061913696,144.01547842401501,147.50844277673545,71.85647279549718,17.51782363977486,149.35037523452158,10.89561346803605,0.33210304379463196,RBC
1563.0,331.53910434246063,0.17868961876701447,128.62570781426953,131.97678369195924,133.57870894677237,59.44677236693092,16.65175537938845,135.737825594564,1279.8430793926289,0.32912853360176086,RBC
