area,perimeter,circularity,mean_b,mean_g,mean_r,mean_h,mean_s,mean_v,texture_laplacian_var,det_confidence,predicted_label
8360.0,372.0,0.7591546590360352,239.50011879306248,240.91541933951058,241.95248277500593,64.7479211214065,5.193395105725826,243.15656925635543,3.700576810439921,0.8869513869285583,RBC
2609.5,575.7228701114655,0.0989327774417626,240.33376,241.63456000000002,243.06112000000002,71.33728,5.884480000000001,244.45248,4.287188851596088,0.8803575038909912,RBC
5451.0,296.0,0.7818125253249617,239.01501831501832,241.28791208791208,242.76556776556777,58.97472527472527,5.958608058608059,243.63223443223444,4.5581213010204085,0.7811246514320374,RBC
22230.0,1710.4061954021454,0.09548844142774036,242.9757486761892,241.41578783429003,245.90050282561293,85.36234592622257,8.425221376763226,247.3112624037734,7.357273689868382,0.7594594359397888,WBC
1939.5,394.95331728458405,0.1562457151463461,234.63393558523174,239.388845247447,240.06637863315007,43.83974862529458,7.3220738413197175,241.11194029850748,4.291207709929845,0.7433623671531677,RBC
5772.0,326.0,0.6824973765109822,229.14454177897576,228.14538409703505,234.38140161725067,89.46613881401618,10.544642857142858,235.052897574124,1890.6668609535757,0.5205724835395813,RBC
1147.5,259.8406196832657,0.2135740442920163,235.89309498773224,237.9807220469681,239.068349106204,69.12758499824746,6.260778128286015,240.41359971959344,5.087298232902628,0.4984543025493622,RBC
5076.0,296.0,0.7280279542376639,229.26258373205744,228.9133014354067,237.92000000000002,68.82966507177034,12.403062200956938,238.37722488038278,1777.5049115815734,0.3890143632888794,RBC
