{
  "total_cells": 6,
  "cell_counts": {
    "RBC": 5,
    "WBC": 1
  },
  "cell_percentages": {
    "RBC": 83.33333333333334,
    "WBC": 16.666666666666664
  },
  "feature_stats": {
    "RBC": {
      "avg_area": 3290.6,
      "avg_perimeter": 535.7596223831176,
      "avg_circularity": 0.17114145458288227,
      "avg_texture": 5.100695059005863
    },
    "WBC": {
      "avg_area": 12932.0,
      "avg_perimeter": 456.0,
      "avg_circularity": 0.7815303977420592,
      "avg_texture": 7.346544029149125
    }
  },
  "warnings": [
    "\u26a0\ufe0f Platelets critically low: 0 cells (0.0%) - Could indicate thrombocytopenia"
  ]
}