area,perimeter,circularity,mean_b,mean_g,mean_r,mean_h,mean_s,mean_v,texture_laplacian_var,det_confidence,predicted_label
4665.5,773.9482645988464,0.09787779934432964,209.57001934235976,208.66731141199224,211.47543520309478,84.6833655705996,9.941392649903287,214.1862669245648,5.886533315745504,0.777754545211792,RBC
12932.0,456.0,0.7815303977420592,211.91596935769005,195.17748968768416,201.65810253388332,114.02969946965233,23.64725987035946,213.20164997053624,7.346544029149125,0.671424388885498,WBC
3510.5,617.8650044202805,0.11555577272112506,202.20634081902244,203.32021136063406,204.54742404227213,76.17252311756936,10.086129458388374,207.4095112285337,4.483827620842267,0.5923432111740112,RBC
4062.0,596.5340520143509,0.14344298161149416,206.98486901535682,206.82204155374887,208.89001806684732,72.54042457091238,13.059168925022583,213.12737127371273,6.315994711175093,0.36878809332847595,RBC
1477.5,236.52691090106964,0.33187629563850285,209.95540201005025,207.50251256281408,206.14824120603015,95.90829145728644,7.096733668341709,211.0213567839196,3.0023624353377776,0.3521806001663208,RBC
2737.5,453.92387998104095,0.16695442359895957,209.8301207915703,208.83988691852994,209.1454638910306,93.61603700848111,6.923927011051144,212.24826522744797,5.814757211928677,0.30703291296958923,RBC
