area,perimeter,circularity,mean_b,mean_g,mean_r,mean_h,mean_s,mean_v,texture_laplacian_var,det_confidence,predicted_label
2691.0,447.68123948574066,0.16872746099499628,168.10460772104608,170.62453300124534,169.73879202988792,68.30323785803238,13.413449564134496,173.97135740971356,5.052637035569062,0.5509172081947327,RBC
2258.5,363.78174459934235,0.2144609157774579,154.2130144605117,158.24388209121247,160.6504449388209,66.41573971078977,17.31423804226919,162.7864293659622,5.8677937636413775,0.5187854170799255,RBC
11971.0,442.8284270763397,0.767130606195864,162.54184065475195,151.24152330048437,154.94604977451144,101.56605979622515,25.461666945047604,164.89159846333723,8.548341154519234,0.4286617636680603,WBC
1733.0,332.2253952026367,0.19730712721208032,161.20945602440264,165.83172343670566,165.90543975597356,56.36095577020844,13.12353838332486,168.1652262328419,4.924574641922238,0.39221569895744324,RBC
1744.0,283.11269783973694,0.2734246394319272,162.9144527098831,165.57917109458023,164.64665249734324,67.72901168969182,9.365568544102018,167.30871413390008,6.299181920742227,0.3804951608181,RBC
12352.5,446.72792172431946,0.7778189698583252,162.9041935483871,153.73822580645162,156.49870967741936,98.0125806451613,22.868225806451612,165.49903225806452,8.33626820655795,0.3547802269458771,WBC
2917.0,455.8233757019043,0.17642214863230457,164.40814128796038,167.05922894680165,167.04006030583676,70.13568813267284,12.608012061167349,170.01098427740686,6.5025957506155745,0.3453390598297119,RBC
1178.5,235.0121922492981,0.26813818382252685,168.5391156462585,173.40532879818593,172.79535147392292,61.54591836734694,14.045351473922903,175.87414965986395,8.25294265910523,0.29358673095703125,RBC
