area,perimeter,circularity,mean_b,mean_g,mean_r,mean_h,mean_s,mean_v,texture_laplacian_var,det_confidence,predicted_label
14684.0,1462.5483305454254,0.08626483321202674,212.65696861898104,202.51518231482655,212.48126032270358,116.4910430694956,18.673739042053104,216.21992122983102,12.292249538630008,0.7894747257232666,WBC
1389.0,298.2253955602646,0.1962559639210829,208.6498127340824,213.91323345817727,210.29400749063672,70.65480649188514,11.269662921348315,215.53558052434457,11.438369599956406,0.46926602721214294,RBC
1347.5,341.0954523086548,0.14554147752974003,219.13783403656822,227.3314580403188,225.48382559774967,56.272855133614634,12.76277543366151,229.44585091420535,12.334971906889155,0.4415110647678375,RBC
2496.0,449.421355009079,0.15529126775337623,206.13050030138638,215.36467751657625,210.3095238095238,61.211271850512354,15.459312839059674,217.09041591320073,10.662721893491124,0.4167288839817047,RBC
1587.0,371.19595873355865,0.1447372484317905,201.73646084856847,208.03932390479474,206.62021386685063,66.03276992066229,14.582959641255604,211.34908589168677,14.116712986231214,0.36615896224975586,RBC
1829.5,486.9533179998398,0.0969544214350057,213.96356275303646,217.76608187134505,217.204228520018,76.32523616734143,13.232118758434549,221.74403958614485,13.622665536081485,0.3117409348487854,RBC
1332.5,195.49747455120087,0.4381217146496147,216.2517605633803,217.28345070422534,213.71654929577466,86.06103286384976,10.708920187793428,220.20305164319248,22.896274174772515,0.256433367729187,RBC
2041.0,471.1959583759308,0.11551802504270499,212.97914750076666,219.74241030358786,214.97240110395586,63.02729224164367,11.521619135234591,220.80251456608403,12.242135797996603,0.25587862730026245,RBC
