{
  "total_cells": 10,
  "cell_counts": {
    "WBC": 1,
    "RBC": 9
  },
  "cell_percentages": {
    "WBC": 10.0,
    "RBC": 90.0
  },
  "feature_stats": {
    "WBC": {
      "avg_area": 5621.5,
      "avg_perimeter": 906.7178168296814,
      "avg_circularity": 0.08592465158360746,
      "avg_texture": 20.944426631009573
    },
    "RBC": {
      "avg_area": 1700.1666666666667,
      "avg_perimeter": 360.0513452026579,
      "avg_circularity": 0.203272311006901,
      "avg_texture": 11.827730184483904
    }
  },
  "warnings": [
    "\u26a0\ufe0f Platelets critically low: 0 cells (0.0%) - Could indicate thrombocytopenia"
  ]
}