area,perimeter,circularity,mean_b,mean_g,mean_r,mean_h,mean_s,mean_v,texture_laplacian_var,det_confidence,predicted_label
20049.0,572.0,0.7700351008829498,222.10499688667497,211.3519613947696,217.69123599003737,109.23124221668742,17.27607409713574,224.84417808219177,6.338588106513949,0.8332262635231018,WBC
4925.0,677.9066358804703,0.13467169571625356,232.07919547454432,214.82259585166562,224.01304211187932,126.40634820867379,20.08218101822753,232.91907605279698,8.137153835683291,0.7797739505767822,WBC
802.0,112.82842707633972,0.7916754266754915,230.1826625386997,227.79256965944273,225.71052631578948,96.22136222910217,7.961300309597524,231.86068111455108,7.052035108024691,0.38936278223991394,Platelets
3397.5,690.634556055069,0.08951023972864006,224.34516129032258,225.41639784946236,227.68736559139785,76.69381720430107,8.106182795698924,229.61102150537636,4.12863793712915,0.36914733052253723,RBC
1893.5,365.7817441225052,0.1778406842675426,224.31081081081084,225.7066145092461,226.8783783783784,79.6827880512091,8.799075391180654,229.8211237553343,4.559893863141123,0.30053287744522095,RBC
