{
  "total_cells": 203,
  "cell_counts": {
    "RBC": 203
  },
  "cell_percentages": {
    "RBC": 100.0
  },
  "feature_stats": {
    "RBC": {
      "avg_area": 1881.0738916256157,
      "avg_perimeter": 264.82965870150207,
      "avg_circularity": 0.3841475027497489,
      "avg_texture": 125.31199422428767
    }
  },
  "warnings": [
    "Ph\u00e1t hi\u1ec7n 2 v\u00f9ng c\u00f3 k\u00edch th\u01b0\u1edbc b\u1ea5t th\u01b0\u1eddng l\u1edbn \u2014 c\u00f3 th\u1ec3 l\u00e0 c\u1ee5m t\u1ebf b\u00e0o ch\u01b0a t\u00e1ch \u0111\u01b0\u1ee3c, k\u1ebft qu\u1ea3 ph\u00e2n lo\u1ea1i c\u00f3 th\u1ec3 kh\u00f4ng ch\u00ednh x\u00e1c",
    "WBC c\u1ef1c th\u1ea5p: 0 t\u1ebf b\u00e0o (0.0%) - C\u00f3 th\u1ec3 l\u00e0 d\u1ea5u hi\u1ec7u suy gi\u1ea3m mi\u1ec5n d\u1ecbch nghi\u00eam tr\u1ecdng",
    "Ti\u1ec3u c\u1ea7u c\u1ef1c th\u1ea5p: 0 t\u1ebf b\u00e0o (0.0%) - C\u00f3 th\u1ec3 l\u00e0 d\u1ea5u hi\u1ec7u gi\u1ea3m ti\u1ec3u c\u1ea7u"
  ]
}