area,perimeter,circularity,mean_b,mean_g,mean_r,mean_h,mean_s,mean_v,texture_laplacian_var,det_confidence,predicted_label
25461.0,650.7695519924164,0.7554937410019109,233.14332342484118,219.3495949175264,234.31077694235591,113.64848166928951,20.488138952031242,236.9541877950691,9.155022605410135,0.6908112168312073,WBC
1285.0,353.82337415218353,0.12898522103599405,230.16087811271296,233.73197903014417,238.1605504587156,66.17529488859765,11.82699868938401,239.0111402359109,9.9459572657311,0.37835702300071716,RBC
1153.0,279.88224935531616,0.18496453293190313,225.19062092922277,231.46287451150673,234.86018237082067,50.173686495874946,12.70864090316978,235.5979157620495,8.460089032240955,0.36216628551483154,RBC
1240.0,270.56854152679443,0.21285161412425926,235.90149060272196,242.101101749838,243.93259883344135,44.27932598833441,10.044718081659106,245.17368762151654,5.773536188992293,0.34194615483283997,RBC
1460.0,313.1959580183029,0.18703824664472518,218.55851063829786,223.74704491725768,228.11170212765956,56.797281323877066,13.525413711583925,229.2612293144208,7.275294085797585,0.339311808347702,RBC
3780.5,713.7472541332245,0.0932545875184104,224.80340632603406,231.0557177615572,233.49975669099757,49.96642335766423,11.720681265206814,234.52092457420926,6.333744296833064,0.31776612997055054,RBC
1202.5,316.1248902082443,0.15120897380719894,226.001766004415,232.16909492273732,233.91346578366446,44.919646799117,10.184105960264901,234.8935982339956,8.69582264782558,0.308585524559021,RBC
1542.5,362.2670260667801,0.1476989558019274,228.89240276263175,234.5648854961832,236.78189749182116,50.70665212649945,10.160668847691747,237.55434387495455,8.480673227597697,0.3007255494594574,RBC
