{
  "total_cells": 13,
  "cell_counts": {
    "WBC": 1,
    "RBC": 12
  },
  "cell_percentages": {
    "WBC": 7.6923076923076925,
    "RBC": 92.3076923076923
  },
  "feature_stats": {
    "WBC": {
      "avg_area": 31717.0,
      "avg_perimeter": 716.0,
      "avg_circularity": 0.7774561826558742,
      "avg_texture": 9.92052512873116
    },
    "RBC": {
      "avg_area": 2269.2083333333335,
      "avg_perimeter": 376.08504522840184,
      "avg_circularity": 0.23670657614880397,
      "avg_texture": 12.441160359040097
    }
  },
  "warnings": [
    "\u26a0\ufe0f Platelets critically low: 0 cells (0.0%) - Could indicate thrombocytopenia"
  ]
}