{
  "total_cells": 10,
  "cell_counts": {
    "WBC": 1,
    "Platelets": 1,
    "RBC": 8
  },
  "cell_percentages": {
    "WBC": 10.0,
    "Platelets": 10.0,
    "RBC": 80.0
  },
  "feature_stats": {
    "WBC": {
      "avg_area": 10620.0,
      "avg_perimeter": 416.0,
      "avg_circularity": 0.7711657262648762,
      "avg_texture": 19.461578924671723
    },
    "Platelets": {
      "avg_area": 624.0,
      "avg_perimeter": 186.7695517539978,
      "avg_circularity": 0.22479275023477482,
      "avg_texture": 10.779170671038498
    },
    "RBC": {
      "avg_area": 1552.0,
      "avg_perimeter": 248.07590074837208,
      "avg_circularity": 0.3307305071773683,
      "avg_texture": 15.83138380908866
    }
  },
  "warnings": []
}