area,perimeter,circularity,mean_b,mean_g,mean_r,mean_h,mean_s,mean_v,texture_laplacian_var,det_confidence,predicted_label
3450.0,677.421354174614,0.09447375856016756,158.1014658726523,168.72308749427393,174.02679798442512,30.4617498854787,24.065048098946402,174.2734768666972,13.064010462032927,0.8602554202079773,RBC
13115.0,1204.9848425388336,0.11350499947315731,168.92073126142597,167.9349908592322,168.74669104204753,62.04307129798904,16.73579524680073,174.37162705667276,5.32771376870017,0.848506510257721,WBC
1116.0,134.0,0.7810241482303873,162.22815533980582,165.74757281553397,166.91019417475727,56.405339805825236,13.987864077669903,169.0995145631068,6.282772980962381,0.40383097529411316,RBC
1299.0,289.3969683647156,0.19490862627005096,144.0815649867374,160.58355437665782,171.8050397877984,20.53050397877984,41.09549071618037,171.90517241379308,1241.596591737847,0.3819999694824219,RBC
1852.0,365.8233745098114,0.17390334805401914,168.4810366624526,175.20069532237676,181.95448798988625,29.56637168141593,19.39854614412137,181.96965865992416,4.856624767130681,0.38085365295410156,RBC
674.0,231.25483298301697,0.15837554593573638,157.49107142857142,156.5905612244898,157.04464285714283,81.46938775510203,21.049744897959183,163.4655612244898,9.08807997741571,0.26897820830345154,RBC
