{
  "total_cells": 15,
  "cell_counts": {
    "RBC": 13,
    "WBC": 1,
    "Platelets": 1
  },
  "cell_percentages": {
    "RBC": 86.66666666666667,
    "WBC": 6.666666666666667,
    "Platelets": 6.666666666666667
  },
  "feature_stats": {
    "RBC": {
      "avg_area": 1876.6153846153845,
      "avg_perimeter": 387.40634751319885,
      "avg_circularity": 0.20499010176666183,
      "avg_texture": 322.1243270610011
    },
    "WBC": {
      "avg_area": 10092.0,
      "avg_perimeter": 406.0,
      "avg_circularity": 0.7693696294505615,
      "avg_texture": 12.846712060763634
    },
    "Platelets": {
      "avg_area": 2408.0,
      "avg_perimeter": 198.0,
      "avg_circularity": 0.7718554341234795,
      "avg_texture": 11.630073557280179
    }
  },
  "warnings": []
}