area,perimeter,circularity,mean_b,mean_g,mean_r,mean_h,mean_s,mean_v,texture_laplacian_var,det_confidence,predicted_label
9680.0,396.0,0.7757018897752576,129.57942918686052,121.69323281278048,121.44049542272484,97.16693591814756,26.44390594148268,131.6632561479088,11.862581594003712,0.8315237760543823,WBC
4232.0,538.9949468374252,0.18305691362384693,136.92713903743314,139.07286096256684,137.56194295900178,69.25111408199643,11.87789661319073,141.26916221033866,9.087196111003301,0.779937744140625,RBC
1120.5,282.81118190288544,0.17604697675000147,128.12948028673836,127.7195340501792,131.94713261648747,76.081541218638,22.795698924731184,135.32392473118279,8.242216759692484,0.579664409160614,RBC
2725.5,502.83556735515594,0.13545781682122718,135.59677909450014,134.41628684290487,138.18869644484957,88.87085992099665,15.609237313886355,140.32269826800365,8.210207603444655,0.5287087559700012,RBC
4042.0,304.42640590667725,0.5480769433566813,129.61016949152543,127.67939842444497,131.9663404153736,89.55741227023155,16.10408211983767,134.37765576509906,8.236369719008264,0.5267983078956604,RBC
3021.5,304.4680360555649,0.40958972267246085,125.76098640531143,124.43218463484035,129.98988302244706,85.8381283591527,20.328169459374013,132.0135946885868,10.675569135802471,0.40574702620506287,RBC
