{
  "total_cells": 10,
  "cell_counts": {
    "RBC": 8,
    "WBC": 1,
    "Platelets": 1
  },
  "cell_percentages": {
    "RBC": 80.0,
    "WBC": 10.0,
    "Platelets": 10.0
  },
  "feature_stats": {
    "RBC": {
      "avg_area": 1791.5,
      "avg_perimeter": 420.4238800406456,
      "avg_circularity": 0.1352258415668456,
      "avg_texture": 207.51419642171874
    },
    "WBC": {
      "avg_area": 20604.0,
      "avg_perimeter": 630.0832602977753,
      "avg_circularity": 0.6521770648572441,
      "avg_texture": 17.321941323760804
    },
    "Platelets": {
      "avg_area": 961.0,
      "avg_perimeter": 124.0,
      "avg_circularity": 0.7853981633974483,
      "avg_texture": 18.322750091552734
    }
  },
  "warnings": []
}