{
  "total_cells": 17,
  "cell_counts": {
    "WBC": 1,
    "RBC": 15,
    "Platelets": 1
  },
  "cell_percentages": {
    "WBC": 5.88235294117647,
    "RBC": 88.23529411764706,
    "Platelets": 5.88235294117647
  },
  "feature_stats": {
    "WBC": {
      "avg_area": 9813.0,
      "avg_perimeter": 742.9360730648041,
      "avg_circularity": 0.22341317012601747,
      "avg_texture": 15.598297547414822
    },
    "RBC": {
      "avg_area": 1670.8,
      "avg_perimeter": 409.05084977149966,
      "avg_circularity": 0.13865408352089767,
      "avg_texture": 11.639242252938358
    },
    "Platelets": {
      "avg_area": 1054.0,
      "avg_perimeter": 130.0,
      "avg_circularity": 0.7837251258896194,
      "avg_texture": 18.773185586734694
    }
  },
  "warnings": []
}