{
  "total_cells": 18,
  "cell_counts": {
    "WBC": 1,
    "RBC": 15,
    "Platelets": 2
  },
  "cell_percentages": {
    "WBC": 5.555555555555555,
    "RBC": 83.33333333333334,
    "Platelets": 11.11111111111111
  },
  "feature_stats": {
    "WBC": {
      "avg_area": 28124.0,
      "avg_perimeter": 703.9411249160767,
      "avg_circularity": 0.7132048331736645,
      "avg_texture": 19.413463038810686
    },
    "RBC": {
      "avg_area": 2058.133333333333,
      "avg_perimeter": 347.8894261598587,
      "avg_circularity": 0.23658278066302973,
      "avg_texture": 159.97939029572444
    },
    "Platelets": {
      "avg_area": 586.25,
      "avg_perimeter": 115.43502843379974,
      "avg_circularity": 0.561880003569953,
      "avg_texture": 18.519669580362486
    }
  },
  "warnings": []
}