area,perimeter,circularity,mean_b,mean_g,mean_r,mean_h,mean_s,mean_v,texture_laplacian_var,det_confidence,predicted_label
8625.0,852.5340515375137,0.14912329765955362,182.0551937207749,179.79642618570475,190.9493152972612,82.23914495657984,21.06128924515698,192.2798931195725,8.78950763354947,0.8034642338752747,WBC
2455.5,484.4091612100601,0.1314998043061992,187.44310490693738,193.11125211505922,200.1063874788494,37.741539763113366,16.94839255499154,200.18147208121826,6.880260252584511,0.7416356205940247,RBC
8204.5,371.41421353816986,0.7473859754834367,183.0385270327799,188.51085568326948,192.99787143465304,48.56087696892295,15.030864197530864,193.5338441890166,12.138660686382355,0.7325501441955566,RBC
2551.0,606.9360718727112,0.087023074654367,173.34219810040707,178.21031207598372,184.47137042062417,45.90339213025781,16.86838534599729,184.7370420624152,6.877708531284971,0.7301610708236694,RBC
804.0,173.25483286380768,0.3365853405060647,191.69221157850896,199.44439816743025,203.27363598500625,24.690962099125365,15.054977092877968,203.65389421074553,5.451494915417214,0.4426756501197815,RBC
2600.5,626.208151102066,0.08333535492560662,178.36742857142858,181.43314285714288,189.16285714285715,52.96628571428572,16.132285714285715,189.28428571428572,5.935317367955206,0.3958911895751953,RBC
1520.5,152.46803605556488,0.8219372748558628,179.37010757610437,185.09155413138018,191.2119478141451,39.46715495536736,16.865415426871138,191.37148088807507,7.901612515282252,0.35396090149879456,RBC
1805.5,370.2670261859894,0.16549210523846897,174.82617483577565,181.4355735219808,187.95502779181408,28.381505811015668,18.219302678120265,188.1025770591208,6.578477312671468,0.25289180874824524,RBC
