area,perimeter,circularity,mean_b,mean_g,mean_r,mean_h,mean_s,mean_v,texture_laplacian_var,det_confidence,predicted_label
12197.5,1198.2569200992584,0.10675317470077943,212.22346721376152,205.82151029748283,201.64325731870906,81.16302375128225,22.110392172334883,216.71048686183224,9.975084237980862,0.6934691071510315,WBC
6888.5,332.2426406145096,0.7841944911481796,199.2747016706444,203.727446300716,203.3983293556086,55.722434367541766,10.243436754176612,206.0747016706444,8.6295896613375,0.6473425626754761,RBC
1860.5,446.75230741500854,0.11714019155243666,203.66547565877622,206.5118356409111,205.37472085752566,65.18669048682447,12.005806163465833,210.12014292094685,10.074868321974344,0.5107543468475342,RBC
1228.0,271.1959580183029,0.20981754733801466,193.87134146341464,199.20853658536586,203.76829268292684,50.61219512195122,17.779268292682925,206.00121951219512,7.514280984732131,0.39777588844299316,RBC
6956.5,331.55634891986847,0.795217550426407,199.30264945652172,201.01698369565216,204.31589673913044,72.44361413043478,14.123641304347826,207.08084239130434,13.834156640142417,0.384440153837204,RBC
950.5,230.18376541137695,0.22543046404764638,206.84417040358744,206.8548206278027,207.72589686098655,83.64125560538116,9.231502242152466,210.88901345291478,26.912264231696167,0.38370969891548157,RBC
808.5,196.6690467596054,0.2626744688038988,196.5268373245252,200.05037159372418,204.07762180016513,59.29025598678778,13.378199834847234,205.4153592072667,11.694228389767414,0.268359512090683,RBC
