{
  "total_cells": 37,
  "cell_counts": {
    "WBC": 5,
    "RBC": 31,
    "Platelets": 1
  },
  "cell_percentages": {
    "WBC": 13.513513513513514,
    "RBC": 83.78378378378379,
    "Platelets": 2.7027027027027026
  },
  "feature_stats": {
    "WBC": {
      "avg_area": 12645.5,
      "avg_perimeter": 823.6972980737686,
      "avg_circularity": 0.224568128585112,
      "avg_texture": 10.545617823398759
    },
    "RBC": {
      "avg_area": 2346.2096774193546,
      "avg_perimeter": 304.90792804764163,
      "avg_circularity": 0.32822617445083535,
      "avg_texture": 10.765881407073811
    },
    "Platelets": {
      "avg_area": 53392.0,
      "avg_perimeter": 2366.0,
      "avg_circularity": 0.1198551149458597,
      "avg_texture": 0.6556883169934641
    }
  },
  "warnings": [
    "Ph\u00e1t hi\u1ec7n 4 v\u00f9ng c\u00f3 k\u00edch th\u01b0\u1edbc b\u1ea5t th\u01b0\u1eddng l\u1edbn \u2014 c\u00f3 th\u1ec3 l\u00e0 c\u1ee5m t\u1ebf b\u00e0o ch\u01b0a t\u00e1ch \u0111\u01b0\u1ee3c, k\u1ebft qu\u1ea3 ph\u00e2n lo\u1ea1i c\u00f3 th\u1ec3 kh\u00f4ng ch\u00ednh x\u00e1c",
    "Ti\u1ec3u c\u1ea7u c\u1ef1c th\u1ea5p: 1 t\u1ebf b\u00e0o (2.7%) - C\u00f3 th\u1ec3 l\u00e0 d\u1ea5u hi\u1ec7u gi\u1ea3m ti\u1ec3u c\u1ea7u"
  ]
}