{
  "total_cells": 12,
  "cell_counts": {
    "WBC": 1,
    "RBC": 11
  },
  "cell_percentages": {
    "WBC": 8.333333333333332,
    "RBC": 91.66666666666666
  },
  "feature_stats": {
    "WBC": {
      "avg_area": 17812.0,
      "avg_perimeter": 536.0,
      "avg_circularity": 0.7790995815568806,
      "avg_texture": 14.543241003180565
    },
    "RBC": {
      "avg_area": 1570.409090909091,
      "avg_perimeter": 343.599926254966,
      "avg_circularity": 0.22904385150601045,
      "avg_texture": 14.41823637968727
    }
  },
  "warnings": [
    "\u26a0\ufe0f Platelets critically low: 0 cells (0.0%) - Could indicate thrombocytopenia"
  ]
}