area,perimeter,circularity,mean_b,mean_g,mean_r,mean_h,mean_s,mean_v,texture_laplacian_var,det_confidence,predicted_label
30502.0,706.0,0.7690043184665303,209.16300824303048,195.31499490599242,198.44535519125685,96.8072149671205,23.63466703713995,212.37552097804948,12.654695178768806,0.8660444617271423,WBC
2244.5,514.2081500291824,0.10667227617887094,204.12183392112857,208.4671369028535,208.50496954151973,58.10516191086887,10.690605963449825,211.44789996793844,7.827769228138572,0.5012528300285339,RBC
1473.5,287.49747371673584,0.2240226542701951,206.20173805090005,210.72687771570452,209.1266294227188,58.931098696461824,9.950962135319678,212.71880819366854,11.64804987244898,0.49312740564346313,RBC
10055.0,396.97056245803833,0.801817136279489,207.61791488570898,209.8617357368519,215.13640587251442,69.42612897230998,13.475562163166698,216.6153131388218,9.26811961359531,0.4887239336967468,RBC
842.5,116.18376541137695,0.784312034060834,199.8728423475259,200.81472957422324,205.5005753739931,75.53337169159954,11.558688147295742,206.8055235903337,8.026013422606692,0.42317622900009155,RBC
1606.5,311.78174471855164,0.2076773951419198,213.69272562632054,217.42076667672802,221.12586779354058,50.003923936009656,11.512828252339268,222.4147298520978,9.277007479655248,0.3601835370063782,RBC
1168.0,286.2253954410553,0.17915807139497522,198.97403035413154,201.2876897133221,202.75952782462056,70.46441821247892,9.904890387858348,204.90489038785836,8.566288786643938,0.3566742241382599,RBC
2048.5,435.0365780591965,0.13601734207261404,202.20332792207793,204.9979707792208,206.7508116883117,63.789366883116884,11.658685064935066,209.51420454545456,6.438015047323915,0.3566322922706604,RBC
2204.0,559.2792180776596,0.0885450097959849,207.40551500405516,210.38037307380372,214.07461476074616,63.82035685320357,12.48661800486618,215.80940794809408,10.856783553890287,0.2514721155166626,RBC
