{
  "total_cells": 9,
  "cell_counts": {
    "WBC": 1,
    "RBC": 8
  },
  "cell_percentages": {
    "WBC": 11.11111111111111,
    "RBC": 88.88888888888889
  },
  "feature_stats": {
    "WBC": {
      "avg_area": 30502.0,
      "avg_perimeter": 706.0,
      "avg_circularity": 0.7690043184665303,
      "avg_texture": 12.654695178768806
    },
    "RBC": {
      "avg_area": 2705.3125,
      "avg_perimeter": 363.39786098897457,
      "avg_circularity": 0.3160277398993604,
      "avg_texture": 8.988505875537868
    }
  },
  "warnings": [
    "\u26a0\ufe0f Platelets critically low: 0 cells (0.0%) - Could indicate thrombocytopenia"
  ]
}