area,perimeter,circularity,mean_b,mean_g,mean_r,mean_h,mean_s,mean_v,texture_laplacian_var,det_confidence,predicted_label
11640.0,434.0,0.7765749641696614,228.88920576073005,219.80250962498215,215.13446456580635,96.49037501782404,17.73520604591473,230.45515471267643,11.678671135450271,0.8551385998725891,WBC
2277.5,399.2964632511139,0.17950531935355282,220.27066450567258,220.14384116693677,222.4294975688817,81.59440842787681,11.214343598055105,226.51661264181521,11.624797465049634,0.7335179448127747,RBC
3395.5,492.0660147666931,0.17622473128391328,215.49263327082778,216.3094026252344,217.3924457540852,78.57540851861773,9.474417358692742,220.72488615054917,10.439716529473015,0.7283790707588196,RBC
5669.5,565.0954526662827,0.2231058708703132,225.10229787234044,224.75148936170214,227.17072340425534,76.05191489361702,9.64,230.3528510638298,9.57559898543184,0.6404119729995728,RBC
9646.0,394.0,0.7808447199496803,234.79045837231055,227.64602432179606,224.78129092609916,91.15378858746492,13.827876520112254,236.177736202058,10.421315966707619,0.6115911602973938,WBC
5159.0,599.0782073736191,0.1806376808055555,223.29128906972443,222.35675975587202,221.4048455705567,85.37229517292398,9.929535786942852,227.02996116145738,9.939853198959653,0.367343544960022,RBC
