area,perimeter,circularity,mean_b,mean_g,mean_r,mean_h,mean_s,mean_v,texture_laplacian_var,det_confidence,predicted_label
22211.0,600.0,0.775310160320921,234.4539233868389,216.77463707872354,237.6162307347957,117.19511415233102,25.509688559186547,239.29909829251136,8.588352544993455,0.9056108593940735,WBC
3608.0,641.4213534593582,0.11020202252986608,230.97185981069327,231.05269889997444,235.13711946789462,86.98055768738809,10.55512918905091,236.7393195190586,6.666778292153893,0.7193811535835266,RBC
1398.0,286.4264061450958,0.21413661230798278,228.318359375,235.63151041666666,234.90104166666666,44.47786458333333,9.865234375,237.078125,6.738209740030523,0.41876021027565,RBC
1975.5,439.0954520702362,0.12875645774824862,226.49562878278414,228.73705447209144,230.97814391392063,66.96940147948891,7.392737054472091,231.9058507061197,5.1141100110478455,0.38427069783210754,RBC
1607.0,264.4264063835144,0.2888125725966069,223.7589388696655,229.65974625144176,230.97520184544408,48.227220299884664,9.972895040369089,232.0242214532872,10.949575849342748,0.3393964171409607,RBC
1611.0,402.79393684864044,0.12477844100906467,227.4533394327539,234.44739249771274,239.05489478499544,50.86139066788655,14.961116193961574,240.23284537968894,6.780716425223359,0.3018926680088043,RBC
504.5,158.04162979125977,0.25382128314849,227.42168674698797,226.41480206540447,226.87435456110157,83.66609294320138,10.173838209982788,231.42685025817556,8.649810518621114,0.2926080822944641,RBC
1575.0,230.56854128837585,0.3722976699776877,224.9525831564048,229.1663128096249,232.2084217975938,65.70205237084218,13.300778485491861,233.93559801840058,29.005730610355556,0.273065447807312,RBC
1663.5,380.6101714372635,0.144301846638227,224.68697571743928,229.21147902869757,234.1841059602649,51.12980132450331,12.11346578366446,234.67505518763798,9.478933502251149,0.25319352746009827,RBC
