{
  "total_cells": 5,
  "cell_counts": {
    "WBC": 1,
    "RBC": 3,
    "Platelets": 1
  },
  "cell_percentages": {
    "WBC": 20.0,
    "RBC": 60.0,
    "Platelets": 20.0
  },
  "feature_stats": {
    "WBC": {
      "avg_area": 10500.0,
      "avg_perimeter": 418.0,
      "avg_circularity": 0.7551732529633668,
      "avg_texture": 8.610509380222679
    },
    "RBC": {
      "avg_area": 2692.3333333333335,
      "avg_perimeter": 400.6436729828517,
      "avg_circularity": 0.2620967003871227,
      "avg_texture": 9.992509268888783
    },
    "Platelets": {
      "avg_area": 488.0,
      "avg_perimeter": 161.59797871112823,
      "avg_circularity": 0.23483230313767994,
      "avg_texture": 30.72913580246914
    }
  },
  "warnings": []
}