area,perimeter,circularity,mean_b,mean_g,mean_r,mean_h,mean_s,mean_v,texture_laplacian_var,det_confidence,predicted_label
10500.0,418.0,0.7551732529633668,215.52499094530967,209.01684172401303,211.3230713509598,96.74212241941326,13.236689605215501,217.84444042013763,8.610509380222679,0.7788876891136169,WBC
2538.0,559.823373913765,0.10176523203604544,210.03126135950563,213.9603780443475,213.66739367502726,67.0185387131952,11.980007270083606,217.40930570701562,9.646804669087684,0.46174895763397217,RBC
4036.5,316.4680358171463,0.5064716233661918,197.37270875763747,197.86507128309572,200.3884928716904,83.89969450101832,11.198319755600814,202.77189409368634,11.824853801169592,0.4583536684513092,RBC
1502.5,325.63960921764374,0.17805324575913076,203.9084412684234,208.93389906208128,213.72309066547564,42.87047789191603,14.051362215274676,214.61411344350157,8.505869336409074,0.36925265192985535,RBC
488.0,161.59797871112823,0.23483230313767994,215.00709219858155,210.19326241134752,205.52836879432624,96.6595744680851,13.171985815602836,216.11702127659575,30.72913580246914,0.3322227895259857,Platelets
