area,perimeter,circularity,mean_b,mean_g,mean_r,mean_h,mean_s,mean_v,texture_laplacian_var,det_confidence,predicted_label
12783.5,1330.6833254098892,0.09072149746053401,143.17783656672546,135.266240446796,141.554379776602,96.43665490887713,24.29401822457378,146.90321869488537,7.503908136721066,0.8874579071998596,WBC
1488.0,350.22539591789246,0.15244652369372025,124.58791540785498,133.49667673716013,136.55166163141993,44.74320241691843,26.163746223564953,137.58670694864048,11.450555401627163,0.5290853381156921,RBC
2372.5,568.1492750644684,0.0923615412369977,123.09141914191419,132.35082508250827,136.94620462046205,38.05775577557756,27.945214521452147,137.59174917491748,8.460510905079497,0.4726996421813965,RBC
2412.0,551.6223635673523,0.09961011418009903,143.98133235724745,154.52708638360176,155.69985358711568,40.71229868228404,22.39385065885798,157.3345534407028,9.254873929919452,0.4045148193836212,RBC
1785.0,399.82337474823,0.14031746284363908,129.4331501831502,136.38156288156287,138.4453601953602,43.994505494505496,19.24206349206349,139.2396214896215,10.114627532832062,0.3517869710922241,RBC
1980.5,396.2670259475708,0.15849254525100046,135.13578826237054,141.26045262754124,142.94016110471807,48.00690448791715,17.349443805140005,143.96547756041426,8.807153705904566,0.31798073649406433,RBC
