{
  "total_cells": 8,
  "cell_counts": {
    "WBC": 1,
    "RBC": 7
  },
  "cell_percentages": {
    "WBC": 12.5,
    "RBC": 87.5
  },
  "feature_stats": {
    "WBC": {
      "avg_area": 19249.0,
      "avg_perimeter": 566.4852812290192,
      "avg_circularity": 0.7537733453938956,
      "avg_texture": 14.418156264144013
    },
    "RBC": {
      "avg_area": 2433.0,
      "avg_perimeter": 384.269489475659,
      "avg_circularity": 0.31110169337301674,
      "avg_texture": 17.3717328029214
    }
  },
  "warnings": [
    "\u26a0\ufe0f Platelets critically low: 0 cells (0.0%) - Could indicate thrombocytopenia"
  ]
}