area,perimeter,circularity,mean_b,mean_g,mean_r,mean_h,mean_s,mean_v,texture_laplacian_var,det_confidence,predicted_label
19249.0,566.4852812290192,0.7537733453938956,221.29440801591394,215.2441612023871,222.95446842997126,84.45538937596699,18.789803285935314,227.38340823694097,14.418156264144013,0.7673045992851257,WBC
1477.5,402.0660148859024,0.11485307383534997,206.41964285714286,214.9760551948052,224.96428571428572,42.219967532467535,22.589285714285715,225.23538961038963,13.113895184708841,0.6478068828582764,RBC
1900.0,509.9655097723007,0.09180828095484286,217.19489836588284,226.89238740534077,238.95257074531688,42.494220805101634,24.99561578318055,239.20526106018335,12.919920847758636,0.6273982524871826,RBC
6757.5,328.04163002967834,0.7891108156917039,211.51405009163105,223.09560171044595,228.09010384850336,41.47709224190593,20.408063530849116,228.89492974954186,14.561274791608456,0.5329805016517639,RBC
2372.5,513.3797241449356,0.11311980832430019,211.49375624375625,220.6610889110889,225.3429070929071,42.77247752247752,17.697052947052946,226.0729270729271,15.23955229491687,0.44642120599746704,RBC
2393.0,505.96551072597504,0.11746560897551268,217.56605263157894,225.54999999999998,231.21657894736842,49.46342105263158,17.39078947368421,231.95,13.823448951264027,0.3504660725593567,RBC
783.0,112.0,0.7843963800257678,228.4962962962963,233.26481481481483,237.41481481481483,56.82222222222222,15.74074074074074,239.74074074074076,41.89363803854875,0.33001646399497986,RBC
1347.5,318.4680367708206,0.16695788580364027,201.23689197725835,213.94251421351862,217.62286797220466,32.61718256475047,20.237523689197726,218.29690461149715,10.050399511644228,0.2589987516403198,RBC
