area,perimeter,circularity,mean_b,mean_g,mean_r,mean_h,mean_s,mean_v,texture_laplacian_var,det_confidence,predicted_label
4006.5,606.0071396827698,0.1370943413543122,94.77925407925407,94.24265734265734,88.4048951048951,85.47249417249417,33.93170163170163,99.84358974358975,11.377604867848081,0.8908324837684631,RBC
6740.5,338.2426406145096,0.7403639517117084,107.95864073328863,113.7171920411357,110.14106863402638,55.132573217080264,19.138609434384083,115.10999329309189,19.35087723243567,0.7997006773948669,RBC
1871.0,462.16652035713196,0.11007449155974694,103.29883990719257,108.6245939675174,114.54802784222738,45.26403712296984,29.88259860788863,115.80974477958237,12.47998016552119,0.5256888270378113,RBC
4082.0,621.0782078504562,0.13298121054958026,102.3677536231884,107.31068840579711,108.43727355072464,47.184782608695656,23.24411231884058,111.3365036231884,13.018784510723705,0.4648209512233734,RBC
1777.5,332.1248906850815,0.20249608190552945,95.5065757428154,97.2601071602533,100.76083779834389,79.28251339503166,25.971261568436436,103.32001948368242,21.85425610588094,0.36460116505622864,RBC
666.5,127.55634868144989,0.5147612653459503,90.59338695263628,94.98302055406613,95.66666666666667,53.535299374441465,22.954423592493296,98.16264521894549,564.2213592466809,0.31349048018455505,RBC
657.5,220.66904664039612,0.16967692450432798,94.0969387755102,94.58801020408163,92.78188775510203,97.35586734693877,26.05739795918367,99.3188775510204,15.263348804474345,0.2624260485172272,RBC
