{
  "total_cells": 16,
  "cell_counts": {
    "WBC": 1,
    "RBC": 15
  },
  "cell_percentages": {
    "WBC": 6.25,
    "RBC": 93.75
  },
  "feature_stats": {
    "WBC": {
      "avg_area": 8020.5,
      "avg_perimeter": 1007.2863568067551,
      "avg_circularity": 0.09933571081538328,
      "avg_texture": 14.402110161930473
    },
    "RBC": {
      "avg_area": 3191.6,
      "avg_perimeter": 335.71331295967104,
      "avg_circularity": 0.39953706638599756,
      "avg_texture": 385.9682015388897
    }
  },
  "warnings": [
    "\u26a0\ufe0f Platelets critically low: 0 cells (0.0%) - Could indicate thrombocytopenia"
  ]
}