area,perimeter,circularity,mean_b,mean_g,mean_r,mean_h,mean_s,mean_v,texture_laplacian_var,det_confidence,predicted_label
14950.0,490.0,0.7824541469582242,185.17469484184278,178.90654941593385,178.66898543115897,86.49691560572255,24.589972437327734,190.94133088331805,17.461739885657277,0.9397093653678894,WBC
1527.0,308.3675311803818,0.20179556327189907,185.78744300245526,189.32023851280252,201.07400911960715,62.32865661171518,25.415292879691336,202.52928796913363,1547.8610947889385,0.7159227728843689,RBC
2542.0,612.7939376831055,0.08506609364021638,197.82470258922322,201.7295311406578,211.27536738978304,47.85689293212036,18.96885934219734,211.70573827851644,27.24828006001382,0.6061068177223206,RBC
2381.5,378.6101713180542,0.2087737517618792,190.93253424657536,195.2640410958904,198.66541095890412,55.78527397260274,17.29931506849315,201.4722602739726,12.448864675752311,0.5300861597061157,RBC
2498.5,521.7228691577911,0.11534784093357066,184.77116542685087,185.5688983351045,193.71271696776478,72.42897626638327,15.649663478568899,194.26390364860077,17.852528640745273,0.3372959494590759,RBC
869.0,239.74011409282684,0.18999764813641112,188.6895922093731,195.70054777845405,209.9561777236762,40.81436396835058,27.75106512477176,210.13024954351795,30.498685049271742,0.28335702419281006,RBC
