area,perimeter,circularity,mean_b,mean_g,mean_r,mean_h,mean_s,mean_v,texture_laplacian_var,det_confidence,predicted_label
1365.0,267.88224959373474,0.23903122693392476,224.52418524871354,226.83224699828472,228.90394511149228,63.83224699828473,9.088507718696397,230.73173241852484,12.061165114778168,0.7347204089164734,RBC
1254.0,142.0,0.7815031120019045,228.16055625790142,221.80910240202277,218.2705436156764,103.44500632111253,11.65865992414665,228.43489254108724,12.039986896255197,0.6461440324783325,Platelets
1277.5,269.9827550649643,0.2202412803771716,219.01141670991177,220.62740010378826,221.64141152049817,75.21484172288531,10.367410482615464,224.55422937208095,8.637971802558866,0.5965040922164917,RBC
1163.0,325.5391047000885,0.13790602776148855,219.7017178552837,221.51379489849037,224.9838625715773,80.43623112961998,11.366475793857365,226.64237376366475,9.762841706558207,0.3477068543434143,RBC
1982.5,409.09545266628265,0.14885854024086,229.11029728565273,231.91038345540716,232.09004739336493,65.11848341232228,8.223179663937957,234.65661352865143,16.326588350780284,0.3411741852760315,RBC
1052.5,271.63960897922516,0.1792444738977165,227.3684919210054,228.66517055655297,229.2850089766607,76.20017953321364,8.20870736086176,232.18895870736088,19.249763141122386,0.339017391204834,RBC
5397.0,296.8284270763397,0.7697528413324342,229.23955538520508,224.85051743963206,222.9413568417018,82.71713300114988,14.142200076657724,232.6711383671905,22.771515818521223,0.31306660175323486,RBC
3179.0,496.2497799396515,0.16221825956888508,225.77428823011445,226.29938362195477,225.36102142647488,83.00381567361315,9.270912826533607,229.73055474024068,10.913832678796652,0.26423272490501404,RBC
2471.5,461.37972378730774,0.1458993877431591,220.61500177746177,221.76501955207962,223.4248133665126,79.33345183078563,8.937433345183079,225.59936011375754,12.964843196393138,0.2605973184108734,RBC
