{
  "total_cells": 9,
  "cell_counts": {
    "RBC": 8,
    "Platelets": 1
  },
  "cell_percentages": {
    "RBC": 88.88888888888889,
    "Platelets": 11.11111111111111
  },
  "feature_stats": {
    "RBC": {
      "avg_area": 2236.0,
      "avg_perimeter": 349.8246377259493,
      "avg_circularity": 0.25039400473195494,
      "avg_texture": 14.086065226188616
    },
    "Platelets": {
      "avg_area": 1254.0,
      "avg_perimeter": 142.0,
      "avg_circularity": 0.7815031120019045,
      "avg_texture": 12.039986896255197
    }
  },
  "warnings": [
    "\u26a0\ufe0f WBC critically low: 0 cells (0.0%) - Could indicate severe immunosuppression"
  ]
}