area,perimeter,circularity,mean_b,mean_g,mean_r,mean_h,mean_s,mean_v,texture_laplacian_var,det_confidence,predicted_label
19026.0,557.6568541526794,0.7688175127386788,139.70625550660793,116.54845814977975,128.404140969163,119.49136563876652,47.841938325991194,141.12088105726875,13.965036494228395,0.9012100100517273,WBC
1260.5,338.46803653240204,0.13826663385317442,141.17363896848136,140.29512893982806,144.0939828080229,84.21146131805158,21.260171919770773,147.65959885386818,17.466105235018933,0.6736463308334351,RBC
1659.5,395.23758816719055,0.1334967337022975,144.09292274446244,149.08643976229067,149.15072933549433,62.54024851431659,15.046461372231226,151.47433819556997,30.80130955751306,0.5752034783363342,RBC
2070.0,420.1665196418762,0.14734565131593996,126.866784296427,129.8001764446405,128.96471107190118,81.25408028231142,24.382443758270842,134.1120423467137,17.32073632235142,0.5700573921203613,RBC
1306.0,263.3969683647156,0.2365546540428936,156.6127129750983,157.38925294888597,159.62254259501967,82.18348623853211,15.043250327653997,162.57470511140235,16.76466342302146,0.3529192805290222,RBC
1713.0,358.71067702770233,0.1672933275893462,140.3872322553549,135.72784544309116,137.3544729105418,101.45527089458211,19.868122637547252,143.5132297354053,12.12587737917681,0.2967900037765503,RBC
