{
  "total_cells": 16,
  "cell_counts": {
    "RBC": 15,
    "WBC": 1
  },
  "cell_percentages": {
    "RBC": 93.75,
    "WBC": 6.25
  },
  "feature_stats": {
    "RBC": {
      "avg_area": 2688.0333333333333,
      "avg_perimeter": 355.6428605397542,
      "avg_circularity": 0.35352279277917764,
      "avg_texture": 12.696229209849948
    },
    "WBC": {
      "avg_area": 22946.0,
      "avg_perimeter": 606.0,
      "avg_circularity": 0.7851842959761177,
      "avg_texture": 15.333332437969709
    }
  },
  "warnings": [
    "\u26a0\ufe0f Platelets critically low: 0 cells (0.0%) - Could indicate thrombocytopenia"
  ]
}