area,perimeter,circularity,mean_b,mean_g,mean_r,mean_h,mean_s,mean_v,texture_laplacian_var,det_confidence,predicted_label
16540.5,1187.8548984527588,0.1473098243718988,229.15828402366864,220.35603550295858,227.72136094674556,105.55278106508875,12.823254437869823,230.95917159763314,6.214810055509763,0.6561615467071533,WBC
1573.0,299.6812392473221,0.22009971224853175,222.4395407247937,228.01327592393255,230.9199856476498,41.26767133118048,10.48654467168999,231.44420523860785,4.615632651753363,0.6412883400917053,RBC
1480.0,164.71067678928375,0.6855325429551131,217.12270501835982,221.1205630354957,226.34669522643816,44.98684210526315,11.780599755201957,226.74265605875152,8.564753101108348,0.6403762698173523,RBC
1101.5,232.46803545951843,0.25613437902664515,226.77806518365236,231.2565959648215,233.80082772891876,44.958613554061046,8.894981893429902,234.45990688049662,8.906474194615535,0.5504230260848999,RBC
3214.5,601.3208476305008,0.11171481538572464,223.84341859014347,227.39155749636097,229.7359118319817,39.779787897691826,7.369723435225619,230.11208151382823,4.700794904077556,0.5497915148735046,RBC
1384.5,277.1543278694153,0.226495456661496,225.0284956925116,228.1292246520875,229.68489065606363,52.236580516898606,7.929754804506295,230.77700463883366,6.080150695954875,0.4923335313796997,RBC
2258.0,298.71067702770233,0.3180037997219674,230.8131106208635,234.7387330601954,237.4617081626221,46.65962811219666,8.005672864796722,237.83170501103055,3.9401042827782287,0.45319485664367676,RBC
1853.5,383.78174436092377,0.15813712156439977,228.93955773955773,233.56019656019654,235.05798525798525,35.97248157248157,7.454545454545454,235.79213759213758,4.413493870322169,0.3897891938686371,RBC
1080.0,132.0,0.7789072694850726,232.25901201602136,228.0814419225634,227.48064085447263,90.92122830440587,8.722296395193592,233.70093457943923,8.823332768322503,0.36951273679733276,Platelets
