area,perimeter,circularity,mean_b,mean_g,mean_r,mean_h,mean_s,mean_v,texture_laplacian_var,det_confidence,predicted_label
5251.0,689.0193325281143,0.13899176415696154,194.5450742027155,175.32664982633406,198.26839280075782,120.32854436375118,36.067098200189456,202.11161982949162,12.763601536817486,0.7855685949325562,WBC
952.0,243.3969691991806,0.20193726980651902,209.3505084745763,220.1477966101695,221.5227118644068,32.9471186440678,15.81220338983051,223.07389830508475,9.71998161460248,0.5572236776351929,RBC
923.0,193.5979789495468,0.3094638516984147,200.5521868787276,207.64562624254472,210.47067594433398,46.87375745526838,14.343439363817096,211.41650099403577,2057.1770855622663,0.551358163356781,RBC
1422.5,353.4385986328125,0.14309820495552708,200.1003917727718,207.6209598432909,209.32761998041136,46.70666013712047,14.169441723800196,210.65475024485798,16.783310222728456,0.4508117735385895,RBC
7198.5,343.0710676908493,0.7685704536707931,212.57364341085272,221.6060867068619,223.20097616996844,43.050818260120586,15.05196669537755,224.7665805340224,14.269828261352755,0.44494521617889404,RBC
2176.0,507.8233742713928,0.10603356941499643,210.27072819033884,217.29307858687815,218.78622927180965,41.441600576784424,11.61751982696467,219.86661860129774,9.179073988494839,0.4192718267440796,RBC
1448.0,354.36753153800964,0.1449007319063278,194.6892446633826,202.4072249589491,205.50903119868636,39.585385878489326,15.150656814449917,206.3776683087028,9.781934494103087,0.3023475408554077,RBC
