area,perimeter,circularity,mean_b,mean_g,mean_r,mean_h,mean_s,mean_v,texture_laplacian_var,det_confidence,predicted_label
12583.0,1628.0874341726303,0.059653868414229594,194.52118100128368,185.66445585508487,198.2804164883754,91.80609042932534,23.221936956211668,201.19298245614033,9.22733356192054,0.9143889546394348,WBC
2075.5,553.03657746315,0.08527562072585788,199.85185185185185,202.38888888888889,203.97366255144033,67.12592592592593,9.062962962962963,205.50699588477366,15.288100316711013,0.8205980658531189,RBC
2147.0,492.5096660852432,0.11122755521917949,197.21333869023704,200.54238650060265,200.80634793089592,69.37766171153073,10.045801526717558,203.21815990357572,7.694230449315124,0.719538152217865,RBC
2558.0,557.6223645210266,0.10337845489008583,194.9224672639559,198.78600964851827,199.0778773259821,59.24776016540317,8.739145416953825,200.697450034459,10.1874898485037,0.647710382938385,RBC
948.5,194.5269113779068,0.3149835088731263,193.23273415326395,197.01986754966887,194.3434247871334,67.50993377483444,7.60170293282876,197.8543046357616,6.469694729884021,0.5412316918373108,RBC
1481.0,265.3969695568085,0.26422445053324617,192.59641255605382,197.537668161435,197.41748878923767,60.68071748878924,11.082959641255606,199.78744394618835,7.181196500028409,0.34785157442092896,RBC
1898.5,372.2670261859894,0.1721517038879677,191.41952135147818,197.60722665415298,198.07367433129986,51.82637259502581,12.435945565462223,200.0427029563585,6.284869298977367,0.33442172408103943,RBC
