{
  "total_cells": 9,
  "cell_counts": {
    "RBC": 8,
    "WBC": 1
  },
  "cell_percentages": {
    "RBC": 88.88888888888889,
    "WBC": 11.11111111111111
  },
  "feature_stats": {
    "RBC": {
      "avg_area": 2001.625,
      "avg_perimeter": 375.38529796898365,
      "avg_circularity": 0.18714910805499807,
      "avg_texture": 11.592239477246194
    },
    "WBC": {
      "avg_area": 13025.0,
      "avg_perimeter": 460.8284270763397,
      "avg_circularity": 0.7707420840074826,
      "avg_texture": 11.29481366406639
    }
  },
  "warnings": [
    "\u26a0\ufe0f Platelets critically low: 0 cells (0.0%) - Could indicate thrombocytopenia"
  ]
}