area,perimeter,circularity,mean_b,mean_g,mean_r,mean_h,mean_s,mean_v,texture_laplacian_var,det_confidence,predicted_label
2951.5,575.5218590497971,0.11197704560451337,166.40080249665627,170.85354436023184,173.87249219794916,44.23673651359786,12.685020062416406,174.34239857333927,10.296721468943653,0.8496276140213013,RBC
1118.0,224.91168773174286,0.27773308519947215,169.86015831134566,175.01281568036185,178.10742555597437,42.96230682246514,14.42517904259329,179.13267998492273,12.249934019473807,0.8353787064552307,RBC
13025.0,460.8284270763397,0.7707420840074826,171.81885958856824,167.56040314786688,170.8751898384647,81.18169266878364,16.414883335634403,175.83929311058952,11.29481366406639,0.7904993891716003,WBC
1574.5,389.58073484897614,0.13036397193557744,159.13553530751707,162.06036446469247,169.40375854214122,54.69419134396355,19.144646924829157,169.8883826879271,10.715196660678677,0.6372659206390381,RBC
3816.0,549.338093161583,0.15890545226678146,177.8047112462006,179.3969098277609,185.47188449848025,59.3371327254306,13.799898682877407,185.95592705167175,13.237636677519214,0.4923209846019745,RBC
2740.0,471.1959578990936,0.15508054348732445,175.1858585858586,177.17835497835497,182.25454545454545,58.16738816738817,13.057720057720058,182.72756132756132,14.716837578091921,0.48596930503845215,RBC
846.5,240.66904711723328,0.18365229063843488,164.0791749833666,169.75316034597472,175.91284098469728,40.04125083166999,18.583499667332003,176.17564870259483,10.999501233522894,0.3759753704071045,RBC
1861.5,305.7817438840866,0.25017839287623606,163.8203592814371,168.49550898203591,173.02345309381235,44.97604790419161,15.131736526946106,173.38373253493012,9.043755193494777,0.28352436423301697,RBC
1105.0,246.0832600593567,0.22930208243164468,165.53846153846155,169.69558101472995,175.97299509001638,48.891162029459906,17.970540098199674,176.53355155482816,11.478332986244608,0.2732103168964386,RBC
