area,perimeter,circularity,mean_b,mean_g,mean_r,mean_h,mean_s,mean_v,texture_laplacian_var,det_confidence,predicted_label
14858.0,490.1421352624893,0.7771880981649675,218.14891774891774,221.93246753246754,223.99532467532467,51.79151515151515,16.618181818181817,228.5291774891775,12.926885766593598,0.9259412288665771,WBC
2624.5,392.95331740379333,0.2135868555447056,203.4081990189208,215.0896986685354,220.7060266292922,26.384723195515065,20.212333566923615,220.84723195515065,1411.0141999162147,0.8284121751785278,RBC
1813.0,386.8528115749359,0.15223557536752255,210.82088248143293,222.89733508082134,228.29051987767585,28.035823503713413,19.91830493665356,228.49890782000875,11.898940021102183,0.7349656820297241,RBC
2364.5,512.6934311389923,0.11304039754244319,210.54590856703805,219.5977718017672,224.01844026123703,29.349596619285443,15.769496734537073,224.23127160968116,16.109350584188856,0.6643262505531311,RBC
1819.0,285.5391036272049,0.28035698406161813,205.75807164971252,215.4387439186201,223.09287925696594,28.098186643078286,20.270676691729324,223.12826183104823,2570.68573011397,0.5083494782447815,RBC
4087.5,643.320848107338,0.12411160104230654,219.41699743170676,228.64370768153165,235.90777492411863,30.543077282278777,18.394116273639973,236.1225776325006,14.142404930966467,0.38184231519699097,RBC
927.5,187.49747395515442,0.3315377151254407,197.06798029556649,206.35862068965517,218.64334975369457,36.641379310344824,26.247290640394088,218.81280788177338,12.935548573683613,0.3613075613975525,RBC
