area,perimeter,circularity,mean_b,mean_g,mean_r,mean_h,mean_s,mean_v,texture_laplacian_var,det_confidence,predicted_label
4753.5,627.1787136793137,0.15185907219032138,175.50338164251207,159.70975845410626,165.93565217391304,103.24231884057971,36.55381642512077,180.4966183574879,16.605751115481517,0.7039868235588074,WBC
4837.0,311.94112479686737,0.624655666250233,173.27540589296453,171.41852074564042,176.8853477650832,85.72459410703549,19.975345760673484,181.31348967729005,9.259752802509752,0.3242415487766266,RBC
2731.0,506.3086551427841,0.13387542454745818,178.4299645390071,179.5384160756501,183.70301418439715,78.15898345153664,20.26418439716312,187.58747044917257,14.657782870945686,0.3106613755226135,RBC
3925.5,530.8944416046143,0.1750203262256251,176.2883141762452,180.79142720306513,178.65110153256705,71.81752873563218,18.179597701149426,184.94731800766283,11.084166615990176,0.29098400473594666,RBC
