area,perimeter,circularity,mean_b,mean_g,mean_r,mean_h,mean_s,mean_v,texture_laplacian_var,det_confidence,predicted_label
6396.0,320.0,0.7849072895453248,143.6426116838488,149.81649484536084,145.3508591065292,68.3487972508591,22.015463917525775,152.53951890034367,14.736769654936873,0.8821280598640442,RBC
9786.5,400.2426404953003,0.7676982566965458,148.91857564073487,147.16829212973462,143.86799727829438,84.13336357450669,26.753458834202767,155.13495123610795,21.56297960360615,0.7742382287979126,WBC
515.0,190.9116871356964,0.17756283147309124,145.98509933774835,145.61423841059602,131.96688741721854,85.7748344370861,32.049668874172184,150.75496688741723,22.145895957946777,0.6768460273742676,Platelets
1998.5,506.8944424390793,0.09774149045513508,135.1439427805096,144.52212784979884,152.08761734465804,42.81180151989272,33.314260169870366,154.15690657130085,15.674810333809475,0.6292560696601868,RBC
1805.5,420.2670257091522,0.12845668902827173,136.5868263473054,146.56586826347305,143.25848303393212,51.66317365269461,22.761976047904188,148.3632734530938,16.258350594840095,0.5183294415473938,RBC
1842.5,412.40916097164154,0.13613216545018028,146.78063063063064,151.76576576576576,153.84054054054053,56.824774774774774,17.163063063063063,156.04369369369368,10.85193809303496,0.44895434379577637,RBC
779.0,197.11269783973694,0.25195217833239847,101.82681564245809,111.22458100558659,132.2100558659218,42.881564245810054,61.92849162011173,132.2100558659218,7.617123658151312,0.3561088442802429,RBC
639.0,178.08326017856598,0.2532004812262649,128.54869888475835,136.39405204460965,139.89516728624534,56.011895910780666,33.99553903345725,144.0081784386617,9.543582594020535,0.32580432295799255,RBC
