area,perimeter,circularity,mean_b,mean_g,mean_r,mean_h,mean_s,mean_v,texture_laplacian_var,det_confidence,predicted_label
25265.5,691.0121927261353,0.6649153214557364,197.89397168934798,180.77865223807183,200.81674591463081,113.82396021205662,30.606547521451606,203.07941192545226,13.167853447388962,0.8746353983879089,WBC
2248.0,477.4213535785675,0.12393743147113277,195.856891082129,196.76313006697214,206.01691928093055,71.74444836094466,21.984843144166373,207.50546351780048,20.031923245228697,0.6409100890159607,RBC
738.0,234.0832599401474,0.1692487663744188,193.31576492537312,196.1805037313433,203.07789179104478,70.31716417910448,17.240205223880597,203.8125,9.65805739249627,0.4704495668411255,RBC
1621.5,383.4385985136032,0.13859104192319435,185.9175572519084,193.38435114503815,195.05496183206105,46.36793893129771,14.594274809160305,196.55114503816793,9.76643950617284,0.4131694436073303,RBC
1872.5,439.379723072052,0.12188539491373271,201.82324978392396,207.81071737251514,209.29818496110633,47.48141745894555,11.611495246326708,210.70700086430423,7.807639696952327,0.34279194474220276,RBC
2232.0,234.0,0.5122386443723003,180.52468085106383,184.1659574468085,189.38255319148936,68.43872340425531,16.347659574468086,191.09531914893617,6086.175288646459,0.33659619092941284,RBC
