area,perimeter,circularity,mean_b,mean_g,mean_r,mean_h,mean_s,mean_v,texture_laplacian_var,det_confidence,predicted_label
1967.5,183.4385986328125,0.7347560269259287,227.4216,234.36693333333335,232.4824,50.66346666666667,10.660533333333333,236.31173333333334,11.891827966873349,0.8251035809516907,RBC
22842.0,606.0,0.7816255420851774,223.49589419373592,206.93699585785916,218.41559479688974,116.66652132839182,26.032846450112636,227.79020420027612,10.630187718713998,0.6678400039672852,WBC
3816.0,707.6467481851578,0.09576023417104798,220.407909353477,226.68784714507888,228.4250166629638,56.03065985336592,14.929571206398577,231.9813374805599,12.010542069654726,0.6466630101203918,RBC
6072.5,311.0710676908493,0.7886024969366316,220.92402999673948,226.90968373002934,226.20443430061948,57.670687968699056,11.652755135311379,229.5862406260189,10.088674294229712,0.6133430600166321,RBC
753.5,208.5269113779068,0.21775538279250684,219.91162790697675,227.7639534883721,225.9953488372093,46.52325581395349,12.382558139534883,229.9360465116279,31.066283933682197,0.4999912977218628,RBC
2045.0,476.9949471950531,0.11294723904043923,225.14754098360655,227.8017023959647,225.69609079445144,76.87736443883985,9.960277427490542,230.62578814627994,7.9415275225568545,0.37617427110671997,RBC
1965.5,461.92387986183167,0.11575561947951998,222.25677553856843,227.40271021542736,227.41799861014593,59.668172341904096,11.732105628908965,230.7480889506602,10.68336469347684,0.3222373127937317,RBC
2278.5,473.58073329925537,0.1276647048810265,235.5047879616963,241.30123119015047,242.3004103967168,55.588235294117645,10.68673050615595,244.68043775649795,9.799597057030155,0.3061457574367523,RBC
