{
  "total_cells": 8,
  "cell_counts": {
    "RBC": 7,
    "WBC": 1
  },
  "cell_percentages": {
    "RBC": 87.5,
    "WBC": 12.5
  },
  "feature_stats": {
    "RBC": {
      "avg_area": 2699.785714285714,
      "avg_perimeter": 403.3118408918381,
      "avg_circularity": 0.31332024346101445,
      "avg_texture": 13.354545362500549
    },
    "WBC": {
      "avg_area": 22842.0,
      "avg_perimeter": 606.0,
      "avg_circularity": 0.7816255420851774,
      "avg_texture": 10.630187718713998
    }
  },
  "warnings": [
    "\u26a0\ufe0f Platelets critically low: 0 cells (0.0%) - Could indicate thrombocytopenia"
  ]
}