area,perimeter,circularity,mean_b,mean_g,mean_r,mean_h,mean_s,mean_v,texture_laplacian_var,det_confidence,predicted_label
9360.0,396.0,0.7500588520967366,232.49328000000003,225.51120000000003,223.04784,99.04,12.942720000000001,233.46864000000002,6.8275824625477215,0.7143761515617371,WBC
3930.0,553.622363448143,0.16112953891913687,238.37015276145712,238.23501762632196,238.4599294947121,86.32267920094007,4.866039952996474,240.8298472385429,3.1991813322358285,0.533806562423706,RBC
3152.0,490.793936252594,0.16443629998142661,236.5687666370896,236.63797692990238,237.78763679384795,77.3821354628808,7.038154392191658,240.54510499852114,5.934684614737334,0.4447362422943115,RBC
2467.0,485.480229139328,0.13153336083880737,235.0437999408109,238.65995856762356,242.09144717372004,47.09381473808819,9.134063332346848,243.03048239124,7.175484709053163,0.42424845695495605,RBC
2136.0,361.5391036272049,0.20535276673586197,230.22562893081763,234.9937106918239,237.0353773584906,47.72248427672956,10.058962264150944,238.82547169811323,4.2760109861418405,0.3954906761646271,RBC
889.5,119.41421353816986,0.7838695079796855,234.87891156462584,232.9034013605442,228.66938775510204,94.66938775510204,7.477551020408162,235.4843537414966,4.436109738012853,0.3728744387626648,Platelets
1848.0,206.42640602588654,0.5449809581947448,238.06320657759508,238.4989722507708,237.89003083247687,79.1551901336074,5.827852004110997,241.11151079136692,4.765508573088036,0.34310561418533325,RBC
