{
  "total_cells": 14,
  "cell_counts": {
    "RBC": 11,
    "WBC": 1,
    "Platelets": 2
  },
  "cell_percentages": {
    "RBC": 78.57142857142857,
    "WBC": 7.142857142857142,
    "Platelets": 14.285714285714285
  },
  "feature_stats": {
    "RBC": {
      "avg_area": 2116.9545454545455,
      "avg_perimeter": 359.407403588295,
      "avg_circularity": 0.31344978550652436,
      "avg_texture": 8.298136328469996
    },
    "WBC": {
      "avg_area": 26263.0,
      "avg_perimeter": 674.1421353816986,
      "avg_circularity": 0.7261916534144836,
      "avg_texture": 10.990347921282646
    },
    "Platelets": {
      "avg_area": 928.5,
      "avg_perimeter": 124.0,
      "avg_circularity": 0.7588368311285438,
      "avg_texture": 14.715733766619822
    }
  },
  "warnings": []
}