area,perimeter,circularity,mean_b,mean_g,mean_r,mean_h,mean_s,mean_v,texture_laplacian_var,det_confidence,predicted_label
10973.0,910.8771967887878,0.1661940928710979,221.7152994846667,212.7805187125116,213.320604882994,96.46810847343076,13.359888485258088,222.84818788544393,7.517048315760649,0.8448038101196289,WBC
6202.5,315.41421353816986,0.783455108662357,226.2343581445523,227.06688241639696,226.80501618122975,67.59870550161811,4.080366774541531,228.52157497303128,4.813158905510688,0.6917396187782288,RBC
1865.5,432.75230753421783,0.12517751701897328,226.90669776741086,228.96234588470512,230.36487837387537,57.66811062979007,5.568477174275242,231.1839386871043,8.188909662867996,0.5695616602897644,RBC
1216.0,140.0,0.779627891176569,230.17877094972064,228.11284916201114,226.8022346368715,89.46927374301676,7.197765363128491,231.93072625698323,9.014423718386423,0.4563135802745819,Platelets
2016.0,449.48022866249084,0.1253947071546747,226.41772151898735,226.94895875867704,227.09554920375666,70.75010208248266,4.696610861576154,228.9799918334014,9.485118404297202,0.37019243836402893,RBC
5576.5,300.2426406145096,0.7773683032239118,219.87135639331518,221.97279440342012,222.02603964244074,53.72444617178391,5.198600855033035,223.4830936649825,5.37581947339451,0.3168201446533203,RBC
1153.0,262.5685410499573,0.21016180474041568,218.1879404855129,220.09083790133124,219.82850430696945,61.766640563821454,4.230227094753328,221.20046985121377,4.85546544,0.3026048243045807,RBC
2826.5,593.1787129640579,0.1009456802652638,222.92785571142284,223.59919839679358,224.00830231892354,70.59604924133981,4.602347552247352,225.57085599770969,6.147013863007318,0.2542451322078705,RBC
