{
  "total_cells": 8,
  "cell_counts": {
    "WBC": 1,
    "RBC": 6,
    "Platelets": 1
  },
  "cell_percentages": {
    "WBC": 12.5,
    "RBC": 75.0,
    "Platelets": 12.5
  },
  "feature_stats": {
    "WBC": {
      "avg_area": 10973.0,
      "avg_perimeter": 910.8771967887878,
      "avg_circularity": 0.1661940928710979,
      "avg_texture": 7.517048315760649
    },
    "RBC": {
      "avg_area": 3273.3333333333335,
      "avg_perimeter": 392.2727740605672,
      "avg_circularity": 0.35375052017759945,
      "avg_texture": 6.477580958179619
    },
    "Platelets": {
      "avg_area": 1216.0,
      "avg_perimeter": 140.0,
      "avg_circularity": 0.779627891176569,
      "avg_texture": 9.014423718386423
    }
  },
  "warnings": []
}