area,perimeter,circularity,mean_b,mean_g,mean_r,mean_h,mean_s,mean_v,texture_laplacian_var,det_confidence,predicted_label
25515.0,648.0,0.7635815477475192,217.1816144933103,212.0248383586198,216.7299788745919,94.45137955316561,10.623903719352153,219.58952691889124,5.932265471489232,0.6569154858589172,WBC
3066.0,536.3086557388306,0.13395298687842513,214.83388157894737,218.4333881578947,218.61842105263156,48.770285087719294,6.291940789473684,219.74616228070175,6.488515121997573,0.5699588060379028,RBC
1243.0,260.2253954410553,0.23066496631075178,215.99465431218817,219.3888096935139,221.37562366357807,48.24590163934427,7.487526728439059,222.0,9.964486369362561,0.5544459819793701,RBC
1506.0,409.48022866249084,0.11286751456197655,209.07405541561712,214.8337531486146,216.56926952141058,38.49571788413098,10.002015113350126,217.24584382871535,6.304276804888529,0.4595373570919037,RBC
1218.5,328.81118166446686,0.14162575620449697,218.45131845841786,222.52991886409737,222.20943204868155,45.8235294117647,6.256592292089249,223.59787018255577,22.2342293863163,0.4114893674850464,RBC
1978.5,453.722869515419,0.12077153285998274,210.57883745214065,213.66411416637663,214.78036895231466,60.31186912634877,7.888618169161156,216.04559693699966,5.574981400786481,0.3430868089199066,RBC
1787.0,346.3675309419632,0.18718026981728825,211.26534431137725,216.19685628742516,217.9113023952096,44.80800898203593,9.086452095808383,218.64483532934133,3664.857405979806,0.30552148818969727,RBC
2287.5,577.6051185131073,0.08616063687906052,212.11100447856685,216.87811900191937,218.20441458733205,47.71209213051823,8.383557261676263,218.85348688419705,7.086201253840311,0.261158287525177,RBC
