{
  "total_cells": 10,
  "cell_counts": {
    "WBC": 1,
    "RBC": 9
  },
  "cell_percentages": {
    "WBC": 10.0,
    "RBC": 90.0
  },
  "feature_stats": {
    "WBC": {
      "avg_area": 26312.0,
      "avg_perimeter": 654.0,
      "avg_circularity": 0.7730511451641242,
      "avg_texture": 7.356028425666658
    },
    "RBC": {
      "avg_area": 2340.5555555555557,
      "avg_perimeter": 357.7771191332075,
      "avg_circularity": 0.2638345955202045,
      "avg_texture": 7.024287718651362
    }
  },
  "warnings": [
    "\u26a0\ufe0f Platelets critically low: 0 cells (0.0%) - Could indicate thrombocytopenia"
  ]
}