area,perimeter,circularity,mean_b,mean_g,mean_r,mean_h,mean_s,mean_v,texture_laplacian_var,det_confidence,predicted_label
4772.0,450.5096665620804,0.29546229774946997,177.78577202910265,178.35044462409053,177.71261115602263,56.53092158447858,12.896725949878737,182.52202910266774,655.9641858783588,0.9670652151107788,RBC
2564.0,572.3086562156677,0.09837103832476762,170.794711203897,179.86256089074462,184.5149617258177,33.144398051496175,19.728949199721644,184.94084899095338,16.258044591444644,0.8143893480300903,RBC
10556.0,414.0,0.7739422635602665,164.59267867518884,151.29299825682742,163.32640906449737,109.09921557234166,28.33788495061011,168.3207437536316,13.49180571626163,0.8027671575546265,WBC
4233.5,611.4629831314087,0.1422882659163205,167.03687250111062,173.80475344291426,177.9247001332741,32.38827187916481,17.142825410928474,178.69924478009773,13.421646400951815,0.6085233688354492,RBC
855.5,119.41421353816986,0.7539070984560099,171.97044334975368,170.0,167.4072249589491,88.8128078817734,10.73070607553366,173.6863711001642,13.75829302309159,0.43997350335121155,Platelets
1970.5,308.9533165693283,0.2594182826019553,165.34108280254776,173.75191082802547,177.17611464968152,33.60668789808917,18.463694267515923,177.87229299363057,7.393435893812766,0.39075466990470886,RBC
987.0,229.25483286380768,0.23598805307187556,158.3446126447017,163.73552983081032,168.26981300089048,43.488869100623326,17.48174532502226,169.27426536064112,8.42902345073412,0.33561691641807556,RBC
