{
  "total_cells": 7,
  "cell_counts": {
    "RBC": 5,
    "WBC": 1,
    "Platelets": 1
  },
  "cell_percentages": {
    "RBC": 71.42857142857143,
    "WBC": 14.285714285714285,
    "Platelets": 14.285714285714285
  },
  "feature_stats": {
    "RBC": {
      "avg_area": 2905.4,
      "avg_perimeter": 434.49789106845856,
      "avg_circularity": 0.2063055875328778,
      "avg_texture": 140.29326724306043
    },
    "WBC": {
      "avg_area": 10556.0,
      "avg_perimeter": 414.0,
      "avg_circularity": 0.7739422635602665,
      "avg_texture": 13.49180571626163
    },
    "Platelets": {
      "avg_area": 855.5,
      "avg_perimeter": 119.41421353816986,
      "avg_circularity": 0.7539070984560099,
      "avg_texture": 13.75829302309159
    }
  },
  "warnings": []
}