area,perimeter,circularity,mean_b,mean_g,mean_r,mean_h,mean_s,mean_v,texture_laplacian_var,det_confidence,predicted_label
9519.5,702.2081508636475,0.24260082296987037,120.02841852740357,90.92000369071785,103.13849418711939,118.25964200036907,66.13637202435874,122.05342314080089,187.59178184452907,0.8971491456031799,WBC
2959.0,520.2497799396515,0.13738237463352437,129.0072859744991,128.54644808743168,136.63726255529534,73.79026801977622,25.06791569086651,138.36377829820452,12.725879047156054,0.6838423013687134,RBC
1318.0,335.5391036272049,0.14710891564756265,130.02693437806073,130.3476983349657,139.44466209598434,73.95935357492654,24.524975514201763,140.2531831537708,11.662095052009724,0.6595690250396729,RBC
8282.0,366.0,0.776931839022684,130.5616724738676,129.60696864111497,138.77421602787456,78.82415795586527,22.33170731707317,139.53867595818815,11.908317418030261,0.6586954593658447,RBC
2074.5,516.8944424390793,0.09757073526530534,140.80515354747618,141.54324038122132,149.50900105894812,66.72608542181433,20.899752912107306,150.145781856689,13.261457656072464,0.6341276168823242,RBC
2799.0,602.3919149637222,0.09692916998431193,130.7944809461235,134.59264126149802,142.8862023653088,47.71327201051248,25.089618922470432,143.2830486202365,24.28978644178172,0.5991595983505249,RBC
7849.5,366.3847759962082,0.7348133173968692,126.14098221845893,123.82980524978831,131.22078746824724,91.78598645215918,22.33869602032176,132.98920406435224,10.709080101403307,0.4653988778591156,RBC
2409.5,512.0660154819489,0.1154741800476106,138.61139298892988,138.96678966789668,147.20502767527674,72.89045202952029,21.45917896678967,147.7327029520295,12.445973417800625,0.37897756695747375,RBC
2522.5,660.9777020215988,0.07255501248518745,125.05582761998042,121.03672869735554,129.76640548481882,94.98579823702254,25.342556317335944,131.84427032321253,15.592011936194098,0.3107105493545532,RBC
