area,perimeter,circularity,mean_b,mean_g,mean_r,mean_h,mean_s,mean_v,texture_laplacian_var,det_confidence,predicted_label
9890.0,402.0,0.7690490667063452,162.1909889017724,149.42868974656287,148.71277124399535,98.33029650488653,31.60112638727845,164.34918005631937,16.248017044223662,0.8856070637702942,WBC
482.5,145.69848430156708,0.28562558968246454,165.01000667111407,169.66844563042028,173.64376250833888,60.390927284856566,18.695130086724483,175.46497665110073,20.28871497158534,0.4191526770591736,RBC
2364.5,361.23758804798126,0.22770014891181395,173.55095351609057,176.33075089392133,178.39809296781883,68.86710369487484,14.503277711561381,181.10190703218115,21.812159491833555,0.39685535430908203,RBC
269.5,82.04162991046906,0.5031530085321797,169.7348484848485,176.77489177489178,185.38852813852813,36.99242424242424,23.106060606060606,185.68506493506493,19.94976499170222,0.3570815324783325,RBC
976.5,273.63960909843445,0.16387933347776795,169.23748211731044,171.6757272293753,171.52074391988555,66.48831664282308,12.69718645684311,175.0629470672389,11.731666902836418,0.35610201954841614,RBC
1256.5,212.81118202209473,0.3486450223251614,163.59195781147,162.63612392880685,162.15721819380354,85.66743572841133,14.73071852340145,167.58668424522082,14.291068355556797,0.2940272390842438,RBC
1383.0,246.71067690849304,0.2855328987730876,149.41893252769387,150.06042296072508,155.11430010070492,77.60221550855992,23.62134944612286,159.02165156092647,1033.3655207701129,0.2882215678691864,RBC
