area,perimeter,circularity,mean_b,mean_g,mean_r,mean_h,mean_s,mean_v,texture_laplacian_var,det_confidence,predicted_label
5075.0,664.4507912397385,0.14445090422478565,236.98890942698705,227.51903881700554,229.36358595194085,101.65304990757855,13.533641404805914,238.20369685767096,6.618106767894395,0.8327093124389648,WBC
8818.0,374.8284270763397,0.7887055875751604,234.66020551144325,234.45375992526854,236.2491826249416,82.15390004670714,6.509341429238673,238.19897244278374,4.083679287982427,0.5953720808029175,RBC
1116.0,134.0,0.7810241482303873,236.9169632265718,229.2835112692764,227.1387900355872,103.37010676156585,12.344009489916964,237.69632265717678,5.719774356281958,0.4649646580219269,Platelets
1333.0,148.0,0.7647448880999259,238.91850431447745,233.46979865771812,229.23777564717162,95.6385426653883,11.667305848513902,240.24352828379673,5.359241327963585,0.42316776514053345,Platelets
1254.5,201.15432798862457,0.3896025289840961,226.9258160237389,231.3679525222552,231.8212166172107,50.1772997032641,7.925074183976261,233.41023738872406,3146.5354935135206,0.35818058252334595,RBC
2266.0,520.1076451539993,0.1052648302276955,228.28588516746413,228.01874003189792,231.71172248803828,80.99720893141946,7.773524720893142,232.84250398724083,6.705413732982125,0.34921199083328247,RBC
4691.0,270.97056233882904,0.8028438256554205,231.5910082933217,228.92099519860324,232.79615888258402,99.78742907027498,7.359231776516805,234.56045395024006,4.163968411386594,0.33611318469047546,RBC
884.0,120.0,0.7714355293814936,241.07982583454282,236.07982583454282,232.93033381712627,101.32801161103048,9.873730043541364,242.1364296081277,6.138690406203634,0.27998289465904236,Platelets
613.0,157.79898929595947,0.30935839372761137,239.92753623188406,236.76956521739132,230.9391304347826,95.15652173913044,10.215942028985507,240.67536231884057,4.203588758554389,0.27698391675949097,Platelets
