area,perimeter,circularity,mean_b,mean_g,mean_r,mean_h,mean_s,mean_v,texture_laplacian_var,det_confidence,predicted_label
1564.5,250.4680358171463,0.3133868805448127,108.67279932069063,94.87461081234078,95.59552787998867,113.89980186810075,39.34418341352958,109.55759977356354,318.6251528564192,0.913635790348053,RBC
1067.5,311.5807342529297,0.1381772531106655,116.91152375750954,117.63954123429819,120.85527034407427,70.82577826324412,20.523211359912615,123.34844347351174,13.683288808125639,0.573687732219696,RBC
1151.0,176.7695516347885,0.46288197243853574,130.12101910828025,133.20063694267515,136.9745222929936,56.97707006369426,16.343949044585987,137.85095541401273,21.08360703575548,0.4811513423919678,RBC
334.0,77.11269795894623,0.7058371855815038,113.27353815659067,115.51238850346878,124.42616451932606,70.66303270564916,32.03468780971259,126.01585728444003,15.040267326959796,0.3479446768760681,RBC
1407.5,269.296462893486,0.24389167099973896,123.43901556279407,124.92110025334782,127.57148027506334,69.4509591024249,18.402099167571482,130.26565327542525,18.479860652070858,0.3212558329105377,RBC
1323.0,312.2253955602646,0.17054274903151131,116.90822569680489,118.17878993881712,116.35146159075458,77.4160435078178,18.04894629503739,121.20394289598912,615.7818870821732,0.29210740327835083,RBC
1237.5,247.01219248771667,0.2548697486308459,115.09688013136288,115.67898193760263,115.85426929392446,79.31486042692939,20.038998357963873,120.27298850574712,12.083687719710051,0.2829832136631012,RBC
832.0,152.7695518732071,0.4479809856244751,109.57456140350877,110.1484962406015,113.35401002506265,83.06516290726816,21.154135338345863,116.24310776942355,23.36961529421286,0.26256027817726135,RBC
