area,perimeter,circularity,mean_b,mean_g,mean_r,mean_h,mean_s,mean_v,texture_laplacian_var,det_confidence,predicted_label
27550.0,670.0,0.7712263542561711,216.64079088341288,205.65359890912632,215.50413947599102,114.43186909515924,16.18106554981981,218.92850881464886,6.917096770655913,0.9322052001953125,WBC
3554.0,633.7644999027252,0.1111914695636533,219.52116692257076,222.3735468304453,225.10155735906997,44.48848431673613,7.589164290414565,225.48804562404038,4.695067899750206,0.7967482209205627,RBC
2058.0,408.651801943779,0.15486326022046634,213.63074204946994,216.08869257950528,219.61166077738514,54.83674911660777,8.58374558303887,219.98445229681977,4.771990387311901,0.7399436235427856,RBC
3464.5,596.3502861261368,0.1224186443229801,222.98854141799953,226.18333731200764,228.94342325137265,47.290045356887084,7.412031511100501,229.12938648842206,4.919202150925314,0.6908115744590759,RBC
2612.0,508.10764491558075,0.12713688837523415,214.75421348314606,216.60428370786516,219.45540730337078,64.74859550561797,7.72191011235955,220.04915730337078,5.715267985899696,0.6370627880096436,RBC
1926.5,406.0660152435303,0.14682012513813922,216.9636462289745,219.18882257189367,222.61747151383614,59.22436245252306,8.126966901790558,222.96011937059143,4.844939077781444,0.5944148302078247,RBC
1434.0,336.7106772661209,0.1589444027381283,211.26349565873915,213.3922234805587,215.7304643261608,63.211023027557566,7.228388070970177,216.3374858437146,5.429539264257651,0.538008987903595,RBC
1280.5,288.1248904466629,0.1938330777169024,216.62571793235483,217.08232291001917,220.26228462029357,77.58455647734525,6.63018506700702,220.80121250797706,4.488450320769419,0.38499730825424194,RBC
1219.5,230.18376541137695,0.28922930132152,219.6570275722932,220.13113651647612,223.84868863483524,92.89038332212509,6.843981170141224,224.24411566913247,5.128065811020013,0.3394053280353546,RBC
