area,perimeter,circularity,mean_b,mean_g,mean_r,mean_h,mean_s,mean_v,texture_laplacian_var,det_confidence,predicted_label
13426.5,468.2426406145096,0.7695392215096937,221.8842612889084,208.9530907496712,222.8819596668128,108.19804910127138,19.20539237176677,224.68960982025428,11.218077334288825,0.9093162417411804,WBC
1857.0,378.99494755268097,0.16246317152395365,226.02356902356902,232.80591630591633,233.61760461760463,32.63924963924964,9.101972101972102,234.30278980278982,7.8335631452313255,0.3359745740890503,RBC
1189.5,243.15432751178741,0.25281934616678753,212.98696319018404,218.4340490797546,219.30751533742333,45.16717791411043,8.88036809815951,220.3627300613497,10.546847752952713,0.3348911702632904,RBC
1602.5,298.4680366516113,0.22605402521673823,230.91010770505383,235.52402651201325,236.35294117647058,36.876967688483845,6.714995857497929,237.11350455675228,8.684657082462419,0.26653173565864563,RBC
