{
  "total_cells": 16,
  "cell_counts": {
    "RBC": 14,
    "WBC": 1,
    "Platelets": 1
  },
  "cell_percentages": {
    "RBC": 87.5,
    "WBC": 6.25,
    "Platelets": 6.25
  },
  "feature_stats": {
    "RBC": {
      "avg_area": 2839.8928571428573,
      "avg_perimeter": 362.7238028986113,
      "avg_circularity": 0.31489449208923614,
      "avg_texture": 165.2022765583288
    },
    "WBC": {
      "avg_area": 24464.0,
      "avg_perimeter": 630.0,
      "avg_circularity": 0.7745620829168124,
      "avg_texture": 14.656594397119186
    },
    "Platelets": {
      "avg_area": 660.0,
      "avg_perimeter": 104.0,
      "avg_circularity": 0.766808857754905,
      "avg_texture": 26.499290869427526
    }
  },
  "warnings": []
}