area,perimeter,circularity,mean_b,mean_g,mean_r,mean_h,mean_s,mean_v,texture_laplacian_var,det_confidence,predicted_label
990.0,126.0,0.7836172151811276,197.16091954022988,191.23627075351214,184.26692209450832,100.38569604086847,17.57088122605364,197.9080459770115,7.539756381220542,0.7225906252861023,Platelets
7154.0,342.0,0.7686109860737108,197.48592762780012,189.90838598506605,188.4230327398047,85.69586444572086,24.09075244112579,202.9977024698449,13.664248941071216,0.6498191952705383,WBC
1538.0,274.5685410499573,0.25636849116233296,186.7775441547519,184.40033641715726,185.98275862068965,92.39108494533221,10.912531539108494,189.90412111017662,6.481913580246914,0.588964581489563,RBC
409.5,127.69848418235779,0.3155675121130902,195.24893617021277,191.20212765957447,184.91489361702128,98.47446808510638,14.991489361702127,196.1212765957447,7.086025092907533,0.46188706159591675,Platelets
3084.5,528.894441485405,0.1385659849381703,192.5811771396076,188.60193346602216,192.7699744100085,97.66391811202729,16.16292294569235,197.80096673301108,7.300141948848046,0.43409019708633423,RBC
2292.5,394.26702523231506,0.18532682954123664,192.2031063321386,192.3584229390681,193.8084428514536,83.55555555555556,12.054161688570291,197.46555157307844,12.493284917570632,0.3047674894332886,RBC
3183.0,538.3086553812027,0.13803327015115766,191.09426825720107,186.41286005237126,193.42304335176027,103.94384637765494,16.373290660459705,196.80942682572012,8.796234693877551,0.26423880457878113,RBC
2404.0,496.1665208339691,0.12271267239278587,189.85259568018188,185.46343311860554,188.72641151951495,96.74573702159908,16.571428571428573,194.40848806366049,9.536721464101957,0.2584856450557709,RBC
