area,perimeter,circularity,mean_b,mean_g,mean_r,mean_h,mean_s,mean_v,texture_laplacian_var,det_confidence,predicted_label
2123.5,451.2375878095627,0.13105439547448175,191.07733755942948,196.73755942947702,202.73597464342313,45.77083993660856,17.395879556259906,203.60855784469098,9.683074800498892,0.7546842694282532,RBC
12896.0,456.0,0.7793547795609027,193.08765827187977,182.09976346180602,191.57645749269514,91.558647558091,23.764714067065533,197.3979407263114,8.853695425306123,0.6965250372886658,WBC
2387.5,520.1492756605148,0.11089124213319873,196.1097842835131,199.89021571648692,204.62480739599386,57.54969183359014,12.956471494607088,205.0635593220339,23.07713943224743,0.5463443398475647,RBC
1852.5,489.58073472976685,0.0971224079223144,184.77747502270662,193.4164396003633,197.85558583106265,49.33197093551317,18.98047229791099,198.43278837420527,8.542724237843284,0.44475361704826355,RBC
1811.5,404.0660160779953,0.13942593031920406,193.22143747403408,200.5105941005401,204.2779393435812,46.367262152056504,16.1790610718737,205.18363107602823,12.205030416671855,0.4387877881526947,RBC
2204.0,464.6518009901047,0.12828214247075664,193.62787015043546,198.77434679334917,201.5083135391924,56.1326207442597,14.693190815518605,203.23079968329372,10.298845769343183,0.37879788875579834,RBC
2165.5,363.37972366809845,0.20608513706960443,185.51472908995265,192.60862703840084,199.05076275644396,47.33008942661757,21.203840084166227,199.9126775381378,9.246060007284754,0.3475629389286041,RBC
700.0,106.0,0.7828817577475454,207.13427561837455,209.18904593639576,208.0,61.51060070671378,8.512367491166078,211.59010600706713,10.441943586460189,0.2960234582424164,Platelets
464.5,158.87005722522736,0.23126583467959017,182.34519956850053,188.95037756202802,195.1833872707659,45.51240560949299,18.345199568500536,195.5987055016181,8.78263687203196,0.2518481910228729,RBC
