area,perimeter,circularity,mean_b,mean_g,mean_r,mean_h,mean_s,mean_v,texture_laplacian_var,det_confidence,predicted_label
5833.5,514.4091618061066,0.27702673045127224,187.65213098568373,169.4286654599309,181.74247161428337,103.86572321869343,30.200263287806486,189.8785584992595,9.053875091369378,0.8905388712882996,WBC
3496.5,298.811182141304,0.49209585314485205,195.8359390079135,201.34568616097278,205.92375989191274,48.22543910441999,14.547770700636942,206.4460528855433,16.1009869922806,0.5595137476921082,RBC
1653.0,374.8528128862381,0.1478295208770142,194.16395014381592,200.77213167146053,203.54074784276128,43.284755512943434,13.732182806008309,204.51518056887184,9.994446386230923,0.5486305356025696,RBC
1322.5,285.6396094560623,0.20368951941772612,191.21533923303835,196.37935103244837,197.305604719764,51.0070796460177,10.31976401179941,198.37050147492624,8.285422035462208,0.543596088886261,RBC
3266.5,635.119837641716,0.10176095421560823,189.83342696629217,196.51882022471912,201.50140449438203,52.57359550561798,17.179775280898877,202.17528089887642,10.697595969839353,0.49039721488952637,RBC
1820.5,438.2670258283615,0.11910306947910296,194.3042316258352,199.85567928730512,202.34922048997774,45.71714922048998,12.142093541202673,203.2423162583519,11.720749713010203,0.4849536418914795,RBC
1244.5,243.4974740743637,0.26376419668719886,184.50293960448957,192.65259219668624,197.91501870657402,41.65579903794762,19.141635489043292,198.51523249599143,11.232493983227574,0.45334622263908386,RBC
812.5,200.8111822605133,0.2531963540106912,171.80552486187847,183.85635359116023,189.52486187845307,40.57016574585636,27.88950276243094,190.9900552486188,16.304351680515587,0.2961530387401581,RBC
1593.5,326.61017191410065,0.18771653078672626,196.43184421534937,196.7995418098511,199.46277205040093,85.75028636884308,10.893470790378007,201.44444444444446,7.623688260190663,0.2535744309425354,RBC
