area,perimeter,circularity,mean_b,mean_g,mean_r,mean_h,mean_s,mean_v,texture_laplacian_var,det_confidence,predicted_label
444.0,125.79898929595947,0.3525644591395664,192.57227722772276,194.31485148514852,194.16435643564355,70.22376237623763,16.635643564356435,199.8851485148515,14.16170612244898,0.6608260869979858,RBC
2444.0,390.3675308227539,0.20154113048706945,193.8515702479339,198.92528925619837,201.3219834710744,48.88991735537191,13.043636363636365,202.70115702479342,6.35141073802337,0.46991196274757385,RBC
1513.0,383.1959581375122,0.12948127071198592,200.76512455516016,206.7419928825623,210.63137603795968,42.50830367734282,12.925563463819692,210.98546856465006,7.386160640726879,0.443276584148407,RBC
2885.5,480.2081503868103,0.15724320559989738,182.1406990521327,187.74289099526067,193.16321090047396,53.951125592417064,17.79117298578199,193.90225118483414,7.424083104147376,0.4430934488773346,RBC
1344.0,148.0,0.7710556111075022,194.34652406417112,183.77005347593584,186.64491978609627,102.20320855614973,17.785026737967915,196.1326203208556,9.378167336375704,0.40620964765548706,Platelets
4562.5,650.9777038097382,0.1352946156679788,191.6233045622688,180.54418413481298,186.39991779695848,101.8501849568434,24.910809699958897,197.03205918618988,6.4614933388369264,0.3862626552581787,WBC
1013.0,201.5979790687561,0.3132181795045477,182.14897413024087,186.5950044603033,188.7600356824264,50.6021409455843,11.362176628010705,189.39964317573595,15.19884644233505,0.37154120206832886,RBC
1932.5,265.2964631319046,0.3450376175495236,178.25913915094338,188.359375,194.98791273584905,39.58343160377358,23.454009433962263,195.44575471698113,7.5624700360822095,0.28955402970314026,RBC
930.0,169.94112467765808,0.40466517987022516,184.3977358490566,189.36075471698112,196.24528301886792,54.981886792452826,19.26641509433962,196.99924528301887,7.430013808239816,0.2874015271663666,RBC
