area,perimeter,circularity,mean_b,mean_g,mean_r,mean_h,mean_s,mean_v,texture_laplacian_var,det_confidence,predicted_label
21450.0,586.0,0.7849498819963082,198.25529391834658,192.64348636286633,194.1078265288836,85.76749110621718,18.294087751990514,202.22420802981534,13.257951139566517,0.7945877313613892,WBC
5188.5,287.899494767189,0.7866288668191401,198.93413978494624,200.79166666666666,202.65456989247312,70.40860215053763,9.335573476702509,204.3965053763441,11.486675790631834,0.6901268362998962,RBC
632.0,159.11269772052765,0.31370198297231955,183.70835803200947,185.95494961470064,185.36514522821577,71.28927089508002,9.71962062833432,188.61232957913455,7.687026534636487,0.6158391833305359,RBC
1593.0,421.1959582567215,0.1128384857948134,183.85387618516455,187.26157278304518,188.9403234802008,66.76073619631902,13.152258784160626,191.44562186279978,8.14858914323913,0.5941100716590881,RBC
1359.0,251.8822499513626,0.26917467213842355,186.3410433070866,188.18996062992125,187.04527559055117,78.44832677165354,10.779035433070867,191.0561023622047,8.638023715896967,0.5667691230773926,RBC
1075.5,184.6690467596054,0.39630729249861874,187.92243346007604,190.47452471482887,192.98022813688212,65.85285171102662,12.679847908745247,195.148288973384,14.054320358768972,0.5298563838005066,RBC
1067.5,277.1543278694153,0.17463625856709786,181.1290119572058,186.40654499685337,186.2662051604783,56.976085588420396,13.386406544996854,189.5166771554437,6.845010764250149,0.4784749746322632,RBC
1898.5,439.09545254707336,0.12373785598792215,192.8006962576153,194.55178416013925,193.4373368146214,78.47737162750218,9.17580504786771,197.1248912097476,8.326559624275385,0.411339670419693,RBC
1112.0,323.8822499513626,0.13321108207941945,190.5904887714663,194.31241743725232,194.6314398943197,67.15257595772788,12.183619550858653,197.7542932628798,10.103142024661496,0.2738214433193207,RBC
