area,perimeter,circularity,mean_b,mean_g,mean_r,mean_h,mean_s,mean_v,texture_laplacian_var,det_confidence,predicted_label
2861.0,429.6812393665314,0.19473092989900184,202.72660256410256,205.0823717948718,203.61089743589744,74.12403846153846,9.198076923076924,207.37916666666666,12.034763061703066,0.8218498229980469,RBC
957.0,215.94112491607666,0.2578998460653456,199.23669724770645,198.96513761467892,196.62752293577984,86.37614678899084,9.136697247706422,201.9165137614679,17.52606135046611,0.6839283108711243,RBC
12524.0,450.0,0.7771912374036261,192.22320261437906,185.6078431372549,183.20996732026143,94.74624183006536,17.790686274509802,194.36013071895422,7.3020940007689354,0.6782273650169373,WBC
3219.0,465.48022878170013,0.1866931409977192,199.629150390625,203.44189453125,204.600341796875,64.167724609375,11.086181640625,206.78662109375,10.957093672757479,0.6633234024047852,RBC
1916.0,348.3675308227539,0.19839468267070437,183.3798076923077,188.92596153846154,189.78509615384615,58.86442307692308,14.45048076923077,192.48028846153846,8.51095768586379,0.6381135582923889,RBC
2638.0,533.563488483429,0.11644274866767627,195.08999328408328,195.86534586971123,198.06715916722632,74.57891202149094,14.808932169241102,202.19408999328408,19.94997164370084,0.4684109687805176,RBC
634.0,98.14213538169861,0.8271573165334375,189.54285714285717,194.38367346938776,188.30816326530615,69.38775510204083,15.518367346938778,196.47346938775513,10.216623520710058,0.34767720103263855,Platelets
1359.5,280.46803629398346,0.21718124998485042,194.70728589688963,198.3702599062633,198.5641244141457,68.49680443118875,13.232211333617384,202.3762249680443,11.704723665575347,0.31020307540893555,RBC
