area,perimeter,circularity,mean_b,mean_g,mean_r,mean_h,mean_s,mean_v,texture_laplacian_var,det_confidence,predicted_label
17433.0,532.0,0.7740316684101823,188.20363720606974,177.39175257731958,178.5087455114097,91.58415382833314,23.119657129618904,190.90802733696282,7.228529512592167,0.6509174704551697,WBC
2211.5,459.2375878095627,0.13177164073380773,191.52082690527615,198.18019129898178,204.87442147485345,45.95063252082691,18.58284480098735,205.16877506942302,8.353377700617283,0.5110031366348267,RBC
1654.5,429.2375886440277,0.11284469385347788,190.01994609164421,195.377897574124,205.811320754717,45.32722371967655,21.65390835579515,206.02425876010784,6.060217600154282,0.43112650513648987,RBC
821.5,182.18376553058624,0.31102699425185076,181.71296591271107,188.40140172029308,193.65466709143038,46.2860783689073,17.846129340554317,194.1035361580121,10.731238143607325,0.4182579517364502,RBC
2421.0,541.9655101299286,0.10357652929507696,191.45974025974024,197.94619666048237,200.94397031539887,49.802968460111316,15.1569573283859,202.09944341372912,7.914539414794262,0.36693549156188965,RBC
2307.5,421.92387998104095,0.16288585105088876,188.46374045801525,197.36908396946563,199.54503816793894,37.94465648854962,16.344274809160304,200.65801526717556,6.473992649328059,0.3356616199016571,RBC
1216.5,264.669046998024,0.21823061174675518,191.45476477683954,198.50965018094087,204.28950542822676,45.95355850422195,18.067551266586246,204.7617611580217,9.78615769491683,0.3034786283969879,RBC
897.0,152.4264065027237,0.48515653405521614,179.1556399132321,186.56941431670282,190.9560737527115,40.20065075921909,17.80639913232104,191.59110629067246,5.89255428314209,0.2817345857620239,RBC
1278.0,231.94112491607666,0.2985280880704731,189.35107913669066,194.5928057553957,195.3251798561151,55.875539568345324,11.628057553956834,196.80935251798562,8.128778301989234,0.25142425298690796,RBC
