area,perimeter,circularity,mean_b,mean_g,mean_r,mean_h,mean_s,mean_v,texture_laplacian_var,det_confidence,predicted_label
16854.0,1256.440686583519,0.1341617982338611,197.10511941425997,187.91179034226278,197.31907722703235,95.11371956534371,20.279272473705618,201.43506304840488,8.55943922346514,0.8731232285499573,WBC
1754.5,472.5512956380844,0.09873367903215786,177.92315175097278,183.48054474708172,186.51896887159532,53.46400778210117,14.767509727626459,187.4489299610895,8.51471380434346,0.7458223700523376,RBC
1597.0,436.50966584682465,0.10532392866845357,191.9230452674897,195.83786008230453,197.73868312757202,52.60987654320988,10.51522633744856,198.81440329218105,19.26282232567943,0.7199832201004028,RBC
1570.5,394.75230717658997,0.1266480335131208,192.94784995425437,200.10201280878317,203.78728270814273,44.88746569075938,15.300548947849954,204.42817932296433,11.079607611652483,0.67403244972229,RBC
2582.0,591.4213534593582,0.09276242646479828,184.57627711686493,190.84989503149055,195.96501049685094,53.84744576627011,18.598670398880333,196.76801959412174,9.609279740131077,0.640939474105835,RBC
1891.5,470.06601572036743,0.10757181622078583,183.43595217762595,188.61528608027328,193.52391118701965,57.99530315969257,17.62126387702818,194.40947907771135,11.029654707911638,0.367387980222702,RBC
737.5,167.35533845424652,0.3308969375575908,177.4016913319239,184.60887949260044,188.72093023255815,39.00422832980973,16.995066948555323,189.27906976744188,8.457416610929945,0.35844382643699646,RBC
2222.5,368.8944422006607,0.20523310200503905,176.9623713170039,181.9279375221867,186.26340078097266,57.674831380901665,16.01171458998935,186.9336173233937,8.182725759196115,0.3549201190471649,RBC
