area,perimeter,circularity,mean_b,mean_g,mean_r,mean_h,mean_s,mean_v,texture_laplacian_var,det_confidence,predicted_label
31090.5,728.0416300296783,0.737097848912693,187.21309496169027,172.78579057348503,186.82084977942884,111.36080798699791,27.851869050383097,192.2935221732064,11.97646386305435,0.8227559924125671,WBC
1814.0,384.36753046512604,0.15429567755990192,185.5674918262494,190.68332554880897,193.04016814572628,50.31433909388136,13.794021485287248,194.22606258757588,10.399260083435006,0.6604154109954834,RBC
2435.5,489.8650047779083,0.12753963433345916,179.7401086113266,186.02482544608222,187.9997414016033,43.74269459529351,13.407551073183345,188.933281613654,9.665455606890902,0.5940227508544922,RBC
1491.5,308.4680366516113,0.19697575926856603,191.34758704948075,195.25106902871107,195.16921197312158,53.5717776420281,8.152107513744655,196.7330482590104,10.758214860643397,0.3691224157810211,RBC
663.5,196.5269112586975,0.2158771789348774,193.11353711790392,198.75012130033963,204.20184376516255,41.30810286268802,15.013585638039785,204.56865599223678,11.356942570153063,0.276959627866745,RBC
1869.0,429.68123960494995,0.1272115021242013,189.2349237905898,194.60636182902584,198.73525513585156,49.892312789927104,15.524519549370444,199.72200132538106,10.724470742000506,0.2693241536617279,RBC
