area,perimeter,circularity,mean_b,mean_g,mean_r,mean_h,mean_s,mean_v,texture_laplacian_var,det_confidence,predicted_label
22445.5,599.2132028341293,0.785554644245677,139.9870567986231,125.85920826161791,132.49383820998278,110.52784853700517,36.129707401032704,142.8043373493976,12.533644857804072,0.8749335408210754,WBC
2510.0,526.3086558580399,0.11386822746309301,146.95945945945945,153.1260213702074,154.39032055311125,65.05028284098051,22.90666247642992,158.37680703959774,19.240869691020155,0.7109238505363464,RBC
4521.0,722.8771976232529,0.10872147101604446,130.88569669608043,137.85368356248716,135.94377180381696,68.93494767083932,30.189821465216497,142.66406730966548,14.359080492273472,0.6987236738204956,RBC
1313.5,299.9827553033829,0.18342028404118177,146.68122786304605,151.25206611570246,154.3913813459268,64.22491145218417,21.540731995277447,157.19480519480518,16.67351539935371,0.5141452550888062,RBC
1325.0,343.8822492361069,0.1408011574597003,137.90190249702732,144.3400713436385,143.0900713436385,62.8513674197384,21.753864447086798,147.87009512485136,28.715490016765738,0.42769792675971985,RBC
1271.0,295.53910410404205,0.1828628607273278,120.28535606820462,132.70160481444333,132.74824473420261,58.6444332998997,38.47693079237713,138.16098294884654,25.8267801871698,0.34526607394218445,RBC
1088.5,220.66904711723328,0.2809024053608584,129.8180610889774,142.21314741035854,141.5750332005312,60.50730411686587,35.078353253652054,147.28353253652057,1669.9503292150994,0.2931062877178192,RBC
830.5,286.1248902082443,0.1274788751659871,121.08443908323281,132.7937273823884,136.7207478890229,54.31785283474065,40.206272617611575,140.1664656212304,21.417004248875095,0.25739169120788574,RBC
