{
  "total_cells": 10,
  "cell_counts": {
    "WBC": 1,
    "RBC": 9
  },
  "cell_percentages": {
    "WBC": 10.0,
    "RBC": 90.0
  },
  "feature_stats": {
    "WBC": {
      "avg_area": 31160.5,
      "avg_perimeter": 704.3847758769989,
      "avg_circularity": 0.7892132356929205,
      "avg_texture": 4.71530453263381
    },
    "RBC": {
      "avg_area": 2030.2222222222222,
      "avg_perimeter": 404.99223795202045,
      "avg_circularity": 0.16664602925633407,
      "avg_texture": 370.59401118035805
    }
  },
  "warnings": [
    "\u26a0\ufe0f Platelets critically low: 0 cells (0.0%) - Could indicate thrombocytopenia"
  ]
}