{
  "total_cells": 13,
  "cell_counts": {
    "WBC": 1,
    "RBC": 12
  },
  "cell_percentages": {
    "WBC": 7.6923076923076925,
    "RBC": 92.3076923076923
  },
  "feature_stats": {
    "WBC": {
      "avg_area": 28804.5,
      "avg_perimeter": 685.899494767189,
      "avg_circularity": 0.769394786361843,
      "avg_texture": 8.561877074592731
    },
    "RBC": {
      "avg_area": 2271.0833333333335,
      "avg_perimeter": 284.3377454976241,
      "avg_circularity": 0.4219135013699192,
      "avg_texture": 11.162151018438779
    }
  },
  "warnings": [
    "\u26a0\ufe0f Platelets critically low: 0 cells (0.0%) - Could indicate thrombocytopenia"
  ]
}