area,perimeter,circularity,mean_b,mean_g,mean_r,mean_h,mean_s,mean_v,texture_laplacian_var,det_confidence,predicted_label
6900.0,334.0,0.7772594682408681,180.25013896609227,168.9888827126181,170.67620900500276,108.67565314063368,21.584769316286824,182.3237909949972,16.288075411180706,0.7539635896682739,RBC
3284.0,505.22034323215485,0.1616781582709724,165.54891304347825,161.41403162055335,175.73394268774703,98.61808300395256,26.561511857707508,176.7685276679842,11.678450832589347,0.6005638241767883,RBC
919.0,263.2548335790634,0.1666374716430021,161.97662337662337,158.0069264069264,178.9030303030303,107.76103896103896,34.782683982683984,179.52207792207793,9.958230528426212,0.5904750227928162,RBC
1994.0,392.99494767189026,0.1622411752855122,170.4516834280717,164.06996064713599,178.17140358548318,113.71797114123306,25.39833843463052,179.5736773065151,19.456278235501234,0.5189422965049744,RBC
2018.5,449.296462893486,0.12565292958025298,176.050581915846,176.7408236347359,186.60653536257834,74.15398388540734,20.053267681289167,187.17367949865712,11.109239775836386,0.42179569602012634,RBC
739.0,197.59797859191895,0.23784241582042545,167.21664374140303,166.30949105914718,180.38995873452544,83.01169188445667,27.679504814305364,182.2159559834938,12.203517246591947,0.2858961820602417,RBC
1384.5,248.3259004354477,0.2821361828561216,184.83688415446073,180.88881491344875,190.1717709720373,102.1757656458056,15.856857523302265,190.92343541944075,13.7426621355543,0.27773186564445496,RBC
2463.5,410.12488996982574,0.18404760775516718,173.58183856502242,173.10313901345293,182.44693572496263,79.29633781763827,21.03998505231689,183.77428998505232,14.112981840572589,0.27269136905670166,RBC
