{
  "total_cells": 12,
  "cell_counts": {
    "RBC": 11,
    "WBC": 1
  },
  "cell_percentages": {
    "RBC": 91.66666666666666,
    "WBC": 8.333333333333332
  },
  "feature_stats": {
    "RBC": {
      "avg_area": 2646.0454545454545,
      "avg_perimeter": 318.05049732598394,
      "avg_circularity": 0.4145006181549101,
      "avg_texture": 7.2260671548955
    },
    "WBC": {
      "avg_area": 26072.0,
      "avg_perimeter": 672.9705622196198,
      "avg_circularity": 0.7234226079302642,
      "avg_texture": 6.152490920100176
    }
  },
  "warnings": [
    "\u26a0\ufe0f Platelets critically low: 0 cells (0.0%) - Could indicate thrombocytopenia"
  ]
}