area,perimeter,circularity,mean_b,mean_g,mean_r,mean_h,mean_s,mean_v,texture_laplacian_var,det_confidence,predicted_label
13901.0,1138.0731543302536,0.13487005956856568,197.2816362170876,189.93780225685117,197.6963997850618,91.87110424502956,15.56965341214401,200.0663621708759,6.058587601188553,0.816227912902832,WBC
2358.5,535.1787128448486,0.10347801358845463,189.14356624665905,193.3085147002673,195.73539518900344,53.39404352806415,11.440626193203514,196.51279114165712,6.67749273626313,0.5610002875328064,RBC
2644.0,363.0538228750229,0.25207471599496706,199.0865051903114,201.71531928279333,203.6275558351683,55.131173324944946,8.236866939289085,204.44479396036488,4.502102460503755,0.5492832660675049,RBC
1776.0,323.88224935531616,0.21275439086674874,199.56805625313913,201.2802611752888,202.6850828729282,60.5590155700653,6.5931692616775495,203.42591662481166,5.906456919689237,0.48347699642181396,RBC
4053.5,475.17871272563934,0.2255932432843463,189.2617370892019,191.76572769953052,193.7037558685446,54.89389671361502,7.853051643192488,194.17488262910797,4.061531099839497,0.43999165296554565,RBC
1224.5,138.9533176422119,0.7969495185906443,189.30003243593902,192.6584495621148,195.66623418747972,49.599740512487834,10.117093739863769,196.00551410963345,4.690617887810916,0.33870813250541687,RBC
1088.0,230.9116871356964,0.2564170683511697,188.79114452798663,194.67502088554718,195.8671679197995,44.45864661654135,11.228070175438596,196.73350041771093,5.7447952840872905,0.33076655864715576,RBC
1580.0,308.16652023792267,0.20907208106339623,194.6088933804952,199.88630621526025,203.1323900960081,59.34512379989894,13.606872157655383,204.02475997978777,9.655824654100831,0.2990401089191437,RBC
1285.5,246.81118178367615,0.26518703156121515,184.1686586985392,186.30411686586984,190.667994687915,64.49446657813192,13.383798140770253,191.53342186808322,4.571330216389054,0.2534278631210327,RBC
