area,perimeter,circularity,mean_b,mean_g,mean_r,mean_h,mean_s,mean_v,texture_laplacian_var,det_confidence,predicted_label
12650.0,450.0,0.7850103124525606,233.84587132725432,225.23809523809524,226.80813069908817,100.68933637284702,14.107142857142858,235.8043313069909,7.704255883611219,0.7046157717704773,WBC
5540.0,531.9655101299286,0.24600995248702934,236.5921120027318,237.6907973365204,241.80792214444256,62.319105344032785,8.554037903363497,243.26686016732117,10.025108748863168,0.5660613179206848,RBC
1303.5,302.1248903274536,0.17945182854953834,222.90055467511885,222.36291600633916,231.46870047543584,73.50198098256736,14.043581616481775,232.79120443740095,9.384439481583795,0.5113251209259033,RBC
2804.5,311.63960897922516,0.3628774715755231,236.14544375185517,236.93529237162363,242.21816562778272,59.12525972098546,8.831997625408134,243.16206589492432,9.465855978688094,0.3602311611175537,RBC
12636.0,450.0,0.7841415263360123,233.86627759451918,225.1894189292058,226.58538442019793,101.17216442527278,14.015224562293835,235.65896980461812,7.513213451037641,0.3360559940338135,WBC
