area,perimeter,circularity,mean_b,mean_g,mean_r,mean_h,mean_s,mean_v,texture_laplacian_var,det_confidence,predicted_label
13081.0,460.0,0.7768463799925914,224.50865706387313,219.68267132256656,216.58315146224356,84.26538629419467,11.036665211697947,225.63785828604685,5.724815092143222,0.8793627619743347,WBC
2372.5,352.2670261859894,0.24025481425679146,219.61202422145328,222.68987889273356,223.16068339100346,53.63062283737025,6.286548442906574,224.38148788927336,4.082264253977688,0.6192682981491089,RBC
1728.0,289.7401143312454,0.258664213580518,223.10847274689692,225.1732325957906,226.42309767943874,65.12304371289801,6.525634106853751,227.41392336751215,16.377027401502925,0.5073224306106567,RBC
1606.5,353.49747347831726,0.16155409307266436,226.73719752391673,228.2217220033765,229.1041080472707,54.4366910523354,4.602138435565561,229.84974676420936,3.8229044730919,0.5042392611503601,RBC
5881.0,310.1421353816986,0.7683153287182499,226.97641389804716,229.07050469185899,229.16358102967283,48.76667512046665,3.8843520162312957,229.92797362414404,3.499757946518866,0.4548718333244324,RBC
2556.5,351.78174471855164,0.2596026157128175,224.66963332146673,226.3488786044856,225.8988964044144,56.38910644357423,3.680313278746885,227.27198291206835,4.503909682363147,0.32823044061660767,RBC
1277.0,280.2253956794739,0.20435524044897915,219.62904209884076,224.36607687614398,225.80536912751677,48.36363636363636,8.928004881025014,226.76632092739473,4.937133677000212,0.260061651468277,RBC
