{
  "total_cells": 16,
  "cell_counts": {
    "RBC": 14,
    "WBC": 1,
    "Platelets": 1
  },
  "cell_percentages": {
    "RBC": 87.5,
    "WBC": 6.25,
    "Platelets": 6.25
  },
  "feature_stats": {
    "RBC": {
      "avg_area": 1976.6785714285713,
      "avg_perimeter": 401.31235129492626,
      "avg_circularity": 0.18443005890023384,
      "avg_texture": 16.2308690045604
    },
    "WBC": {
      "avg_area": 9594.0,
      "avg_perimeter": 402.0,
      "avg_circularity": 0.7460320268939006,
      "avg_texture": 15.943656180196045
    },
    "Platelets": {
      "avg_area": 988.0,
      "avg_perimeter": 128.0,
      "avg_circularity": 0.7577865092155067,
      "avg_texture": 17.93412391133189
    }
  },
  "warnings": []
}