area,perimeter,circularity,mean_b,mean_g,mean_r,mean_h,mean_s,mean_v,texture_laplacian_var,det_confidence,predicted_label
14364.0,480.0,0.7834346679889547,163.18592165440444,146.31318353549412,159.06581825412607,114.05766553986875,33.36736925830185,166.18741300457347,9.123256016795589,0.777793824672699,WBC
705.0,188.76955235004425,0.24861944300547972,168.22138364779875,162.40503144654087,159.44025157232704,98.32955974842767,18.179874213836477,169.77358490566036,9.982495607220365,0.7367782592773438,Platelets
2340.0,530.4507907629013,0.10450462690372254,136.60355486862443,138.7484544049459,143.67349304482227,77.7805255023184,21.984544049459043,145.71561051004636,15.503108193214015,0.6584745049476624,RBC
1092.0,134.0,0.7642279299888738,165.04654088050313,150.98490566037736,149.16100628930818,114.10943396226415,26.969811320754715,165.2880503144654,10.067134363852556,0.6410976052284241,Platelets
3549.0,453.0782079696655,0.2172548673756127,151.31585054537015,148.64562543513577,154.73915061499187,94.69505685773962,17.73636574611279,156.5198421907635,12.06982163982405,0.4830736219882965,RBC
604.5,207.0121922492981,0.1772614592323426,163.6358463726885,156.09530583214794,153.06543385490755,106.84068278805121,19.05547652916074,164.0697012802276,10.206197357971387,0.46288543939590454,Platelets
1154.5,349.29646360874176,0.118909190846406,141.14814814814815,144.91399176954732,151.53127572016461,74.27654320987654,31.41934156378601,154.28641975308642,11.148295616140272,0.3722487986087799,RBC
1662.0,333.053822517395,0.1882834027457951,158.0076923076923,160.91483516483515,166.88736263736263,65.45989010989011,19.676923076923078,168.25164835164836,8.523512890844241,0.2971497178077698,RBC
1841.5,431.03657710552216,0.12455275455017428,136.32254901960783,140.77696078431373,145.28823529411764,66.92549019607843,24.865686274509805,147.64901960784314,17.000925838692893,0.28479111194610596,RBC
