area,perimeter,circularity,mean_b,mean_g,mean_r,mean_h,mean_s,mean_v,texture_laplacian_var,det_confidence,predicted_label
11404.0,1224.239676117897,0.09561679270425119,161.13755808364044,156.74290979009774,164.05808364044222,86.44584201249799,20.75188271110399,167.32422688671687,10.484363394336546,0.8545790910720825,WBC
1963.5,476.8944435119629,0.10849163269907296,168.9830651989839,173.22142252328536,182.0194750211685,51.3077900084674,21.535986452159186,182.33530906011853,9.310579161186284,0.7316496968269348,RBC
891.0,120.0,0.7775441817634738,164.84018987341773,160.1028481012658,160.40189873417722,76.93512658227849,20.074367088607595,169.4256329113924,18.54450162417908,0.5494988560676575,Platelets
2492.0,504.6518009901047,0.1229629424299512,164.73787834263885,164.56744049368206,168.59535703790775,75.2012929767852,11.513076697032032,169.70026447252425,7.705115774983563,0.49107298254966736,RBC
1562.5,426.6101714372635,0.10788659293394627,164.83842568617294,161.0481615743138,169.90160538581046,95.37700673226307,18.5189021232522,171.49404453650956,9.21124353880986,0.4740253686904907,RBC
