{
  "total_cells": 19,
  "cell_counts": {
    "RBC": 16,
    "Platelets": 2,
    "WBC": 1
  },
  "cell_percentages": {
    "RBC": 84.21052631578947,
    "Platelets": 10.526315789473683,
    "WBC": 5.263157894736842
  },
  "feature_stats": {
    "RBC": {
      "avg_area": 1410.09375,
      "avg_perimeter": 310.32203590869904,
      "avg_circularity": 0.22879758998355873,
      "avg_texture": 425.93318695672036
    },
    "Platelets": {
      "avg_area": 1046.25,
      "avg_perimeter": 131.70710676908493,
      "avg_circularity": 0.75703444150786,
      "avg_texture": 21.95798311473379
    },
    "WBC": {
      "avg_area": 10900.5,
      "avg_perimeter": 820.0071396827698,
      "avg_circularity": 0.20371406538846148,
      "avg_texture": 16.281217593869012
    }
  },
  "warnings": []
}