area,perimeter,circularity,mean_b,mean_g,mean_r,mean_h,mean_s,mean_v,texture_laplacian_var,det_confidence,predicted_label
13536.0,466.1421353816986,0.7828228376933102,225.0664580539413,221.66011026672626,220.86469974668455,85.04053047235881,10.059454626732231,227.39681120548354,5.352750399347558,0.666426420211792,WBC
2387.5,449.09545278549194,0.148756492207297,227.15387239849883,228.48549982940978,228.28010917775504,68.23677925622655,7.075742067553737,231.31183896281135,3.6234409921782524,0.5570957064628601,RBC
13727.5,469.55634891986847,0.7823946683481324,225.0225955967555,221.68033024333718,220.95249130938586,85.0598203939745,9.984501738122827,227.3613847045191,5.316621135553773,0.29268550872802734,WBC
