area,perimeter,circularity,mean_b,mean_g,mean_r,mean_h,mean_s,mean_v,texture_laplacian_var,det_confidence,predicted_label
26412.0,656.0,0.7712647342226876,196.76522048725906,175.73058338843396,186.09424749504095,120.00467931437872,31.588423783123954,199.36727531661666,11.79156321435387,0.820652186870575,WBC
3036.0,580.9360731840134,0.11304593276396943,198.10823288022567,198.89022826365732,206.38291869710181,61.61220825852782,13.77737881508079,207.0746345216722,8.630273092211034,0.8138675689697266,RBC
1326.0,319.05382239818573,0.1636912571329861,188.5454848383872,189.69076974341885,196.46484505164946,73.37954015328224,15.36554481839387,197.3168943685438,14.168013977634638,0.8127081990242004,RBC
2357.0,420.3675311803818,0.1676143195369992,186.39182915506035,188.70937790157845,192.73537604456826,67.57226864747756,13.48034664190653,194.0114515629836,2017.4774783381806,0.721838116645813,RBC
2000.0,370.8528126478195,0.1827412979996309,189.42369395310573,187.82723159193748,193.95104895104896,77.12669683257919,14.041135335252983,195.62690250925547,2380.4835863686603,0.49250853061676025,RBC
2874.0,557.7644994258881,0.11609002109685071,203.13858775271024,203.7864049223557,212.0714913565778,68.23058892469967,14.138001757984178,212.41576325813068,8.219142490224154,0.42248207330703735,RBC
1527.5,266.8111822605133,0.26963919907447426,200.06690887072358,199.3248561913412,208.4102331214048,81.69694217378141,15.184075083257644,208.9854677565849,11.770568926751698,0.4137366712093353,RBC
2655.5,517.0365777015686,0.1248284658895129,193.9922504649721,193.67265964042156,199.04804711717296,79.86825790452572,12.151890886546807,200.4318040917545,7.573898517667307,0.30206629633903503,RBC
1803.0,379.6812387704849,0.15716915385598196,195.70334209538115,193.5351107773188,201.65565152084116,89.19564401051446,14.377769432970334,202.87870822380773,7.437600364058074,0.28442761301994324,RBC
