area,perimeter,circularity,mean_b,mean_g,mean_r,mean_h,mean_s,mean_v,texture_laplacian_var,det_confidence,predicted_label
11247.5,1021.0609617233276,0.1355696646130335,212.81891365138546,201.68155241081263,206.5093636132531,113.84764003050589,16.92585374120837,214.32920938903482,10.495840515375543,0.8121396899223328,WBC
2090.5,405.23758816719055,0.15997075409887346,203.1464850938535,208.50496871549504,212.4608023555392,44.43209422156791,13.857563489142436,213.79646669120353,10.241850320310858,0.6252973079681396,RBC
1340.5,333.154327750206,0.1517699405086718,208.63494713411242,211.35392320534226,210.7250973845298,61.641624930439626,8.447968836950473,213.86199220923763,8.720965505639443,0.48631665110588074,RBC
2522.5,444.69343161582947,0.1602948647902247,210.48963133640552,212.13248847926266,213.10023041474653,68.1661866359447,7.259216589861751,214.7770737327189,6.029346603207715,0.40087786316871643,RBC
1714.0,333.1959590911865,0.19400871094348204,206.99806201550388,207.86676356589146,206.47383720930233,79.22771317829458,8.952519379844961,210.8125,10.165307247160628,0.34994643926620483,RBC
854.0,237.25483310222626,0.19065034625428176,196.3347022587269,199.80971937029432,205.9671457905544,71.92881587953457,15.729637234770705,206.56741957563312,12.217938049896148,0.32882028818130493,RBC
156.0,95.79898929595947,0.2136055871155081,185.43010752688173,184.59498207885304,202.36379928315412,79.79390681003584,26.655913978494624,202.4247311827957,13.249869520399306,0.29180067777633667,RBC
1380.5,322.1248904466629,0.16718515311823426,195.79314802844215,202.0924369747899,205.0950226244344,46.42986425339367,14.431157078215902,206.27343244990303,9.921665249433106,0.25915250182151794,RBC
