area,perimeter,circularity,mean_b,mean_g,mean_r,mean_h,mean_s,mean_v,texture_laplacian_var,det_confidence,predicted_label
2079.5,621.8061290979385,0.06758631866360458,170.1423141891892,177.5806587837838,181.0451858108108,42.49408783783784,17.732263513513516,181.85261824324326,13.524956787295114,0.7506556510925293,RBC
13566.0,470.0,0.771731026502474,180.5476575121163,173.66484404125762,180.05032931527276,88.22455573505654,14.879955262830869,182.54243817571765,13.406897803054402,0.738978922367096,WBC
1722.0,289.53910398483276,0.258124102504533,179.8128390596745,187.6980108499096,191.60325497287522,37.143037974683544,17.11898734177215,192.26365280289332,10.493694629056883,0.6039332151412964,RBC
968.5,202.66904640197754,0.29630203959715995,177.22020431328036,187.2582292849035,188.2343927355278,38.894438138479,17.011918274687854,189.5754824063564,9.945754140036662,0.4324497878551483,RBC
1642.5,416.7523078918457,0.11883906197806257,189.99292709466812,192.12459194776932,196.10174102285092,56.11969532100109,10.315016322089228,196.51958650707292,19.507512553128816,0.4240392744541168,RBC
1725.5,345.43859910964966,0.1817117873213052,179.3230769230769,185.7017094017094,187.34700854700856,43.63547008547008,13.234188034188033,188.33846153846153,10.492583549079784,0.4043889045715332,RBC
1440.5,397.4385986328125,0.11459958395304426,169.9484419263456,182.2827195467422,184.50878186968836,32.1127478753541,21.92067988668555,185.6883852691218,9.90106030157161,0.3585635721683502,RBC
2580.5,356.61017191410065,0.254991834751058,170.9745269286754,173.76819505094616,177.8598981077147,58.75,13.381732168850073,178.6688500727802,2360.5560088096877,0.30972006916999817,RBC
