area,perimeter,circularity,mean_b,mean_g,mean_r,mean_h,mean_s,mean_v,texture_laplacian_var,det_confidence,predicted_label
4110.5,532.7523065805435,0.1819926459617645,224.44582113088535,211.1662536607344,220.23090786213112,109.30277089434557,17.81144401892318,225.88871367425097,7.955652496803064,0.8335121273994446,WBC
5543.0,635.7644991874695,0.17233051890962098,228.92712620027433,231.3307613168724,234.95438957475992,56.862825788751714,8.20696159122085,235.76406035665292,5.216683927877822,0.5992535948753357,RBC
3450.5,526.8944425582886,0.15618691975840643,224.06943653955608,227.03272623790554,228.79937393284007,54.95076835515083,7.475526465566307,229.89926010244736,5.209663359681185,0.4465191960334778,RBC
1862.5,325.63960897922516,0.2207149222708695,229.3049082796232,230.22012890431333,229.70649479424887,64.07932573128409,4.257808626673277,231.7010411502231,3.997845614035088,0.44196733832359314,RBC
1273.0,253.5979789495468,0.24874060794724906,233.60253164556963,235.28303797468357,235.65316455696205,69.57265822784811,5.403037974683545,237.153417721519,4.290049067601958,0.3191494345664978,RBC
2921.0,465.1370829343796,0.16966001113939727,229.348948374761,232.40981516889738,231.93180369662204,66.97705544933078,6.839069471000637,234.1389420012747,4.3205823057612704,0.3012658953666687,RBC
