{
  "total_cells": 14,
  "cell_counts": {
    "RBC": 12,
    "WBC": 1,
    "Platelets": 1
  },
  "cell_percentages": {
    "RBC": 85.71428571428571,
    "WBC": 7.142857142857142,
    "Platelets": 7.142857142857142
  },
  "feature_stats": {
    "RBC": {
      "avg_area": 2014.2083333333333,
      "avg_perimeter": 447.6977430184682,
      "avg_circularity": 0.1528112074856007,
      "avg_texture": 7.286976228826856
    },
    "WBC": {
      "avg_area": 27207.5,
      "avg_perimeter": 1031.747254729271,
      "avg_circularity": 0.32118248793776544,
      "avg_texture": 6.075960961759156
    },
    "Platelets": {
      "avg_area": 837.0,
      "avg_perimeter": 116.0,
      "avg_circularity": 0.7816626192195769,
      "avg_texture": 9.487997249681124
    }
  },
  "warnings": []
}