area,perimeter,circularity,mean_b,mean_g,mean_r,mean_h,mean_s,mean_v,texture_laplacian_var,det_confidence,predicted_label
4539.5,656.1492755413055,0.13249899285333372,236.94153192879307,221.38510534051935,226.41874897925854,127.84991017475093,17.449289563939246,237.38886166911644,6.634625893749259,0.6563153266906738,WBC
1218.0,178.08326017856598,0.48262626937964104,231.77368657386617,233.80242478670857,236.31118096093397,62.07543780871127,8.398293668612483,237.62236192186796,1229.4886223789858,0.5263887643814087,RBC
5533.0,308.6274163722992,0.729964143633931,226.39032620922387,228.2947131608549,233.57817772778404,64.44581927259092,10.684289463817024,234.23172103487065,6.860954794707025,0.45005831122398376,RBC
10368.0,408.0,0.7826805226936508,229.42786852981698,232.8500295217477,233.98622318441252,44.60519582759299,6.498327100964377,234.90336547923638,4.3718897703533965,0.44791993498802185,RBC
964.0,256.9116871356964,0.18353511810898124,228.22668112798266,231.38340563991324,235.6795010845987,53.68275488069415,9.767895878524946,235.9625813449024,5.336090879325896,0.38982924818992615,RBC
1504.5,320.4680358171463,0.1840910263540162,229.42424242424244,233.49551066217734,234.87654320987656,47.2631874298541,7.191358024691358,235.57968574635242,6.384684200124694,0.31742843985557556,RBC
3113.5,662.0071399211884,0.08927572529686947,229.8612233121754,233.73802654356606,234.99596076168493,46.529428736295436,7.484997114829774,236.22648586266587,5.283568605307735,0.25160810351371765,RBC
