{
  "total_cells": 8,
  "cell_counts": {
    "WBC": 1,
    "RBC": 7
  },
  "cell_percentages": {
    "WBC": 12.5,
    "RBC": 87.5
  },
  "feature_stats": {
    "WBC": {
      "avg_area": 19032.0,
      "avg_perimeter": 556.0,
      "avg_circularity": 0.7736503206759606,
      "avg_texture": 18.584937680698317
    },
    "RBC": {
      "avg_area": 2435.4285714285716,
      "avg_perimeter": 351.0860218831471,
      "avg_circularity": 0.31052067057912713,
      "avg_texture": 344.29755248095
    }
  },
  "warnings": [
    "\u26a0\ufe0f Platelets critically low: 0 cells (0.0%) - Could indicate thrombocytopenia"
  ]
}