area,perimeter,circularity,mean_b,mean_g,mean_r,mean_h,mean_s,mean_v,texture_laplacian_var,det_confidence,predicted_label
19032.0,556.0,0.7736503206759606,218.7692178301093,181.06829268292682,200.38671152228764,118.77628259041211,49.63776282590412,221.66669470142978,18.584937680698317,0.870790958404541,WBC
2412.0,424.1665198802948,0.16846682672961671,198.02757564151665,201.66679433167369,197.97663730371505,81.65760245116813,25.824971275373418,208.78360781309843,15.450420047819568,0.7492782473564148,RBC
3583.0,535.078207731247,0.1572614025952735,197.31127012522361,206.1290569895221,216.4413493483261,47.75849731663685,27.833631484794275,218.67748530539228,28.114442514273936,0.7428429126739502,RBC
1616.0,407.19595754146576,0.12247411353383067,200.88683827100533,211.27343370568235,216.75182127246237,56.072365225837785,26.241864983001456,220.12481787275377,15.342436462927955,0.6365246176719666,RBC
794.5,126.66904699802399,0.6222469253145759,202.82750242954324,207.8561710398445,215.66520894071914,70.32069970845481,27.578231292517007,219.701166180758,2282.0846003934003,0.3701808750629425,RBC
1747.0,358.8528119325638,0.1704786751528564,191.0608856088561,198.630073800738,203.1619003690037,62.664667896678964,25.111623616236162,207.44418819188192,23.12011174378441,0.34846004843711853,RBC
5479.5,306.2426406145096,0.7342086107075263,203.7193896538891,200.785634536658,202.84704131001118,95.53442500930406,23.475623371790103,212.02679568291776,30.369555981229453,0.30359289050102234,RBC
1416.0,299.39696848392487,0.19850814002021022,211.6756360078278,205.10861056751466,207.54305283757338,95.34197651663405,21.476516634050878,217.3625244618395,15.601300223214286,0.27803686261177063,RBC
