area,perimeter,circularity,mean_b,mean_g,mean_r,mean_h,mean_s,mean_v,texture_laplacian_var,det_confidence,predicted_label
9840.0,404.0,0.7576039533213303,244.16826038984922,235.799742552409,232.11198970209637,93.31206325855094,16.057741816844427,245.96119897020964,7.592448855463674,0.724233865737915,WBC
5008.5,584.7523075342178,0.18406603345699962,228.48016781083143,226.8056826849733,235.00514874141876,94.76449275362319,14.60793287566743,238.00019069412664,10.840639217280708,0.5837491750717163,WBC
3808.5,513.4385985136032,0.18154604631804888,227.09820359281437,222.722874251497,230.21293413173652,117.05988023952095,13.117365269461077,233.4919760479042,6.103081775324247,0.42787498235702515,RBC
1982.5,266.95331728458405,0.3495846992913912,232.12376237623764,229.91842445114077,235.0523030563926,95.2763667671115,12.64270340077486,238.70490744726646,6.537887836108082,0.32740578055381775,RBC
2219.0,380.5096660852432,0.1925909072375024,237.52190237797245,236.37838965373382,235.21526908635795,91.59616186900291,7.702127659574468,240.21526908635795,9.116376668676635,0.29638218879699707,RBC
