{
  "total_cells": 13,
  "cell_counts": {
    "WBC": 1,
    "RBC": 11,
    "Platelets": 1
  },
  "cell_percentages": {
    "WBC": 7.6923076923076925,
    "RBC": 84.61538461538461,
    "Platelets": 7.6923076923076925
  },
  "feature_stats": {
    "WBC": {
      "avg_area": 10164.0,
      "avg_perimeter": 410.0,
      "avg_circularity": 0.7598131524351376,
      "avg_texture": 14.753186348127945
    },
    "RBC": {
      "avg_area": 1825.0454545454545,
      "avg_perimeter": 322.3615296537226,
      "avg_circularity": 0.2397918419465724,
      "avg_texture": 13.321598452878124
    },
    "Platelets": {
      "avg_area": 441.5,
      "avg_perimeter": 140.04163014888763,
      "avg_circularity": 0.28289564180658994,
      "avg_texture": 40.042273959183674
    }
  },
  "warnings": []
}