area,perimeter,circularity,mean_b,mean_g,mean_r,mean_h,mean_s,mean_v,texture_laplacian_var,det_confidence,predicted_label
8343.0,368.0,0.7741702359670264,232.93780135004823,236.8129218900675,236.4662487945998,55.4344262295082,5.8553519768563165,237.96311475409837,3.8541793763354084,0.8087029457092285,RBC
1810.0,416.16652023792267,0.1313270414591017,229.44071020925807,232.9850982878884,234.9128091312619,58.986049461001905,8.206404565630946,235.8440076093849,4.544256615215883,0.6273568868637085,RBC
4785.0,714.818322300911,0.11767940243429388,233.2360902255639,237.87387218045114,238.54379699248122,49.46033834586466,7.718796992481203,239.75996240601506,5.1450345259600265,0.4384039044380188,RBC
15435.0,1048.759446978569,0.17634563980575912,237.25651655046792,228.1622385528547,237.95578167200551,110.82877959927139,13.42622950819672,239.655926135293,3.7651325531226703,0.4274523854255676,WBC
998.0,209.59797871112823,0.28547377959183357,234.41857142857143,238.7342857142857,237.98857142857142,58.28857142857143,7.205,240.37142857142857,11.537334940759159,0.3451666235923767,RBC
937.0,198.7695517539978,0.29802296985572496,226.86724452554745,230.1660583941606,231.84717153284672,48.240419708029194,7.0041058394160585,232.48859489051094,4.669416317269822,0.2861051559448242,RBC
1375.0,211.5979790687561,0.38591310888327945,223.32767527675276,231.5929889298893,231.28339483394834,40.99335793357933,10.857933579335793,233.07638376383764,4.9476,0.2503499686717987,RBC
