area,perimeter,circularity,mean_b,mean_g,mean_r,mean_h,mean_s,mean_v,texture_laplacian_var,det_confidence,predicted_label
11067.0,424.0,0.7735850368742934,228.84949152542373,221.09898305084747,223.50603389830508,102.68257627118643,9.510508474576271,229.10047457627118,6.8720740829812375,0.8415361046791077,WBC
5065.5,776.9777020215988,0.10544234910632241,221.63420471281296,221.0500736377025,222.86616347569955,84.85861561119293,5.931332842415316,224.4745949926362,4.833854701666184,0.6107814311981201,RBC
7200.0,342.0,0.7735531310778192,219.41429436705027,219.51332525741975,221.6520290732889,86.00393700787401,6.344336765596608,223.01817080557237,4.624040543341393,0.5967820286750793,RBC
3852.0,554.4507905244827,0.15745995697468415,223.71421812159923,224.22285308729596,226.0591436006624,70.43979181452566,6.0440028388928315,227.4175538206766,5.944136241250788,0.48629894852638245,RBC
2735.0,492.9949474334717,0.14141069541858436,226.74708171206225,226.60440985732814,226.6469952442715,72.70557717250324,3.078253350626891,228.10786856895805,3.098080749628144,0.4598015248775482,RBC
798.0,206.56854128837585,0.235008943437507,228.87587412587413,229.18822843822844,230.93006993006992,75.37762237762237,4.015151515151516,231.43240093240092,6.28990460026986,0.32383131980895996,RBC
736.0,109.65685415267944,0.7691589768891683,229.37632508833923,225.88515901060072,224.86395759717314,104.1696113074205,5.911660777385159,229.7137809187279,4.352681726354454,0.2915058434009552,Platelets
