{
  "total_cells": 61,
  "cell_counts": {
    "RBC": 60,
    "WBC": 1
  },
  "cell_percentages": {
    "RBC": 98.36065573770492,
    "WBC": 1.639344262295082
  },
  "feature_stats": {
    "RBC": {
      "avg_area": 1134.1083333333333,
      "avg_perimeter": 186.3074345032374,
      "avg_circularity": 0.4666969051082676,
      "avg_texture": 886.0193198221483
    },
    "WBC": {
      "avg_area": 2883.5,
      "avg_perimeter": 438.40916109085083,
      "avg_circularity": 0.18852570711892785,
      "avg_texture": 1572.3619789929714
    }
  },
  "warnings": [
    "\u26a0\ufe0f WBC critically low: 1 cells (1.6%) - Could indicate severe immunosuppression",
    "\u26a0\ufe0f Platelets critically low: 0 cells (0.0%) - Could indicate thrombocytopenia"
  ]
}