area,perimeter,circularity,mean_b,mean_g,mean_r,mean_h,mean_s,mean_v,texture_laplacian_var,det_confidence,predicted_label
3112.0,570.450790643692,0.12017470910317013,202.37779452398894,206.1381562421502,209.47224315498616,41.56920371765888,9.832454157246922,209.8374780205978,5.03258577486852,0.6913865208625793,RBC
10624.0,984.617311835289,0.1377092113886832,215.42201172755978,203.12431213351377,208.7809652683807,115.96310329273794,17.076680198466395,216.62453766350924,6.679383691281689,0.6418452262878418,WBC
2224.5,397.23758828639984,0.17715018126046952,210.68841911764704,214.92371323529412,216.68811274509804,55.283700980392155,9.91299019607843,218.0232843137255,6.722650608852379,0.6335767507553101,RBC
2283.5,497.7228692770004,0.1158339023978074,214.66468017481128,222.81684545093364,223.36193881605087,35.20063567739372,11.33611442193087,224.54231227651965,6.1122680503561,0.6149980425834656,RBC
2650.5,485.7228698730469,0.14117590091096408,201.33989209774674,200.0095207870517,205.51951761345603,87.52840368137099,9.961282132656299,206.3694065376071,1156.469030774158,0.6031150221824646,RBC
6889.5,335.899494767189,0.7673241505344867,214.6405750798722,221.47987220447285,223.9191693290735,30.782747603833865,11.22076677316294,224.44568690095846,6.067503158125995,0.3860909938812256,RBC
982.5,233.63960897922516,0.226177542820449,210.65208825847125,214.11386918833728,216.424743892829,51.97714736012609,9.772655634357763,217.75098502758078,5.250812049418375,0.3789747655391693,RBC
9190.5,381.89949452877045,0.7918644320138974,208.67656441717793,211.5553374233129,215.17374233128837,51.04441717791411,9.188957055214724,215.5712883435583,4.743692845453338,0.32057371735572815,RBC
1705.0,302.7939372062683,0.23368987546391629,209.5453105196451,211.55956907477818,214.48130544993663,62.68757921419518,10.159695817490494,216.1932826362484,6.109474281683043,0.2925787568092346,RBC
