area,perimeter,circularity,mean_b,mean_g,mean_r,mean_h,mean_s,mean_v,texture_laplacian_var,det_confidence,predicted_label
14954.0,495.3137083053589,0.7659608015684994,127.19906561040017,103.93692870201097,122.47897623400365,108.0789152955515,59.308247003859435,132.34247410115782,17.47553028876771,0.8767542243003845,WBC
1617.0,368.5096663236618,0.14963118502583425,128.49773635153127,138.77922769640477,145.46897470039946,36.35206391478029,31.576830892143807,146.25406125166444,16.315810140537476,0.8730778694152832,RBC
1294.0,295.6812391281128,0.18599300073995614,122.25104895104896,127.06923076923077,137.12797202797202,52.88181818181818,31.873426573426574,137.72027972027973,17.336163111867236,0.7123400568962097,RBC
3417.0,525.6223638057709,0.1554200959811615,138.48700080407397,145.9112838381131,150.37469847225944,38.32538193513803,22.64835164835165,151.49048512463148,15.98149761575343,0.4947044253349304,RBC
1049.0,220.42640602588654,0.2713051969013363,110.33882149046794,118.69324090121316,122.4688041594454,51.81542461005199,30.03899480069324,123.83362218370883,17.129136670325412,0.3763439357280731,RBC
673.5,182.04163014888763,0.2553912609231139,120.58362989323842,136.0693950177936,148.038256227758,28.481316725978647,49.03291814946619,148.34252669039145,17.332097908093278,0.30724865198135376,RBC
3407.5,496.89444267749786,0.1734272946240244,123.25928874734608,131.43046709129513,134.82616772823778,53.07404458598726,27.009288747346073,136.58996815286625,10.673375715950753,0.29121607542037964,RBC
2721.0,453.82337474823,0.16602163394830977,117.2658011615989,121.81687734882132,129.41783395968568,58.29586607447899,29.824393577041338,130.3525794328664,11.258934936523438,0.27342256903648376,RBC
1793.5,225.63960933685303,0.4426704853589823,112.83765347885404,123.04693042291952,130.62646657571625,36.3162346521146,37.679399727148706,131.64583901773534,17.6280964970429,0.2697708010673523,RBC
