area,perimeter,circularity,mean_b,mean_g,mean_r,mean_h,mean_s,mean_v,texture_laplacian_var,det_confidence,predicted_label
15335.0,1435.7199034690857,0.0934876412041322,138.3158452900811,120.96543980037431,134.61971303805367,111.42008733624455,44.028384279475986,142.09862757330006,16.034092899195624,0.8716222643852234,WBC
2699.5,583.8650051355362,0.09951036151521837,130.47792642140467,134.56521739130434,132.09197324414714,73.19498327759197,20.07123745819398,137.59698996655518,16.951610753261498,0.7694607973098755,RBC
2446.0,496.308656334877,0.12478506706381523,130.93622357577928,132.93228233608025,133.24650662844857,80.18846291651737,25.494804729487637,138.61769974919383,13.628117645685801,0.645298957824707,RBC
2208.5,456.7523065805435,0.13302882931879215,125.6937997921718,128.64392102528578,128.9743678559058,73.27987530308279,24.31659161759612,133.81572566678213,13.126854083766963,0.6428909301757812,RBC
3185.5,582.5512962341309,0.11795575304775739,132.9132420091324,135.05530187721968,134.53323186199898,82.9761542364282,24.168442415017758,140.30466768138,14.945114164835674,0.6360780596733093,RBC
1875.0,463.3380935192108,0.10975267683821847,133.99702507437314,138.7700807479813,137.8516787080323,67.73225669358266,20.404164895877603,142.07607309817254,10.880696956809953,0.5698332786560059,RBC
752.0,221.11269783973694,0.19328597285451332,122.2518457752256,126.39950779327319,135.76456111566858,66.38474159146843,32.492206726825266,136.2994257588187,1053.8176905564019,0.5665926933288574,RBC
3673.5,588.4335463047028,0.13331992505540158,125.77721646880526,131.11391765597375,136.23970699671636,57.43950492548624,30.365496337458957,139.21571103814097,14.64526430025773,0.4021150469779968,RBC
638.0,102.0,0.7706021195656625,134.35814889336018,123.40442655935615,128.85110663983903,117.63380281690142,31.53319919517103,136.69014084507043,27.47504515858013,0.28775739669799805,Platelets
