area,perimeter,circularity,mean_b,mean_g,mean_r,mean_h,mean_s,mean_v,texture_laplacian_var,det_confidence,predicted_label
9677.0,742.190905213356,0.22075947300282353,174.80271192528735,168.01975574712642,172.84033764367817,110.89942528735632,16.048491379310345,177.03987068965517,11.298863298991664,0.7383852005004883,WBC
1846.5,342.12488996982574,0.19823933606717165,169.35668649482264,173.5159726812073,173.79532936770212,66.73077770434016,12.408239700374532,176.13086582947784,1427.0164100787727,0.6722152829170227,RBC
2209.0,501.137082695961,0.11053313781670857,175.04186991869918,178.04593495934958,176.72682926829268,76.1430894308943,12.408536585365853,180.7609756097561,15.98612881746075,0.5429514050483704,RBC
978.0,251.396968126297,0.19445926831761778,177.83333333333331,181.09126984126982,180.7108134920635,66.35813492063491,12.417162698412698,183.9985119047619,21.460123358143996,0.5266650319099426,RBC
2388.0,338.0243853330612,0.2626322915234716,181.57545574140198,185.23736139823342,184.7601954519827,62.00319488817891,9.26085322307837,187.13982334147715,10.68215958238431,0.4948330521583557,RBC
2449.5,533.8650047779083,0.10800016048669599,176.96886582653818,179.86990363232022,179.17790956263897,68.00333580429948,9.766493699036323,181.89807264640473,7.882781012492631,0.45128142833709717,RBC
