{
  "total_cells": 6,
  "cell_counts": {
    "WBC": 1,
    "RBC": 5
  },
  "cell_percentages": {
    "WBC": 16.666666666666664,
    "RBC": 83.33333333333334
  },
  "feature_stats": {
    "WBC": {
      "avg_area": 9677.0,
      "avg_perimeter": 742.190905213356,
      "avg_circularity": 0.22075947300282353,
      "avg_texture": 11.298863298991664
    },
    "RBC": {
      "avg_area": 1974.2,
      "avg_perimeter": 393.30966618061063,
      "avg_circularity": 0.17477283884233313,
      "avg_texture": 296.60552056985085
    }
  },
  "warnings": [
    "\u26a0\ufe0f Platelets critically low: 0 cells (0.0%) - Could indicate thrombocytopenia"
  ]
}