{
  "total_cells": 10,
  "cell_counts": {
    "WBC": 1,
    "Platelets": 2,
    "RBC": 7
  },
  "cell_percentages": {
    "WBC": 10.0,
    "Platelets": 20.0,
    "RBC": 70.0
  },
  "feature_stats": {
    "WBC": {
      "avg_area": 20000.0,
      "avg_perimeter": 570.0,
      "avg_circularity": 0.7735531310778192,
      "avg_texture": 18.49242401731742
    },
    "Platelets": {
      "avg_area": 997.25,
      "avg_perimeter": 124.57716381549835,
      "avg_circularity": 0.8058699600670068,
      "avg_texture": 16.74677540627145
    },
    "RBC": {
      "avg_area": 2156.785714285714,
      "avg_perimeter": 299.9946491888591,
      "avg_circularity": 0.33114058790248196,
      "avg_texture": 383.132984293438
    }
  },
  "warnings": []
}