{
  "total_cells": 11,
  "cell_counts": {
    "RBC": 9,
    "WBC": 1,
    "Platelets": 1
  },
  "cell_percentages": {
    "RBC": 81.81818181818183,
    "WBC": 9.090909090909092,
    "Platelets": 9.090909090909092
  },
  "feature_stats": {
    "RBC": {
      "avg_area": 2184.5,
      "avg_perimeter": 437.56765033139123,
      "avg_circularity": 0.16764613161384903,
      "avg_texture": 9.475989125278456
    },
    "WBC": {
      "avg_area": 10920.0,
      "avg_perimeter": 422.0,
      "avg_circularity": 0.770562021904282,
      "avg_texture": 9.122973756337727
    },
    "Platelets": {
      "avg_area": 1189.0,
      "avg_perimeter": 140.0,
      "avg_circularity": 0.7623170745139314,
      "avg_texture": 10.060307382212144
    }
  },
  "warnings": []
}