{
  "total_cells": 20,
  "cell_counts": {
    "RBC": 18,
    "WBC": 1,
    "Platelets": 1
  },
  "cell_percentages": {
    "RBC": 90.0,
    "WBC": 5.0,
    "Platelets": 5.0
  },
  "feature_stats": {
    "RBC": {
      "avg_area": 2113.3888888888887,
      "avg_perimeter": 364.23408538765375,
      "avg_circularity": 0.23459368651688076,
      "avg_texture": 21.437227542023432
    },
    "WBC": {
      "avg_area": 25298.0,
      "avg_perimeter": 642.0,
      "avg_circularity": 0.7713047325871699,
      "avg_texture": 19.15931326064422
    },
    "Platelets": {
      "avg_area": 767.5,
      "avg_perimeter": 108.32590126991272,
      "avg_circularity": 0.821908791883737,
      "avg_texture": 25.55136724150999
    }
  },
  "warnings": []
}