area,perimeter,circularity,mean_b,mean_g,mean_r,mean_h,mean_s,mean_v,texture_laplacian_var,det_confidence,predicted_label
13086.0,479.3137081861496,0.7157759142189558,234.55343685773008,225.9242977848824,235.13895866636219,96.48207353277004,14.121146380452158,237.23213062343,9.393900134244378,0.6539074182510376,WBC
916.5,243.49747359752655,0.19424659478554307,232.9825581395349,236.66957364341084,238.0968992248062,49.29651162790697,6.77906976744186,238.8158914728682,8.198421521046942,0.5998443365097046,RBC
1369.5,469.43859934806824,0.07809339577145813,229.20441705187469,235.3492552645095,239.35439137134054,41.34360554699538,11.624550590652285,239.73651771956858,5.573659947097053,0.4866216480731964,RBC
980.0,228.7695517539978,0.2353095196256715,225.31514622435617,231.17241379310343,232.79572239196855,39.620253164556964,9.434308162374508,233.68092536010474,7.55384358563445,0.47052624821662903,RBC
12539.5,463.89949464797974,0.732221176588836,234.62225743539736,225.24756216479764,235.05692345197463,99.50706972208678,14.710141394441735,237.20441248171622,9.860460443115235,0.4541912376880646,WBC
1623.0,294.36753046512604,0.23536862754903715,230.59497816593884,235.19814410480348,235.37991266375545,35.60644104803493,6.1064410480349345,236.20469432314408,7.450927905315783,0.4440249800682068,RBC
1163.5,216.5269114971161,0.3118548403338259,230.96004480955938,235.61837191934282,236.27781926811053,47.71396564600448,7.255414488424198,237.16131441374162,9.229525506217577,0.41572263836860657,RBC
1384.5,252.32590067386627,0.27326194791810415,240.40159574468083,242.8969414893617,243.0817819148936,49.941489361702125,4.496675531914893,244.1502659574468,6.117471577764557,0.27867406606674194,RBC
1351.0,247.05382227897644,0.27815191748444557,244.39636127355425,247.68356075373617,248.38531513970108,39.875243664717345,4.6913580246913575,248.8154645873944,6.973608277883922,0.27020061016082764,RBC
