{
  "total_cells": 8,
  "cell_counts": {
    "WBC": 1,
    "RBC": 6,
    "Platelets": 1
  },
  "cell_percentages": {
    "WBC": 12.5,
    "RBC": 75.0,
    "Platelets": 12.5
  },
  "feature_stats": {
    "WBC": {
      "avg_area": 12091.0,
      "avg_perimeter": 440.0,
      "avg_circularity": 0.7848139829453344,
      "avg_texture": 9.868258583098903
    },
    "RBC": {
      "avg_area": 2875.5833333333335,
      "avg_perimeter": 339.2658354838689,
      "avg_circularity": 0.3334454694078992,
      "avg_texture": 11.53789888338516
    },
    "Platelets": {
      "avg_area": 1073.0,
      "avg_perimeter": 132.0,
      "avg_circularity": 0.7738587964421139,
      "avg_texture": 6.479177439212065
    }
  },
  "warnings": []
}