area,perimeter,circularity,mean_b,mean_g,mean_r,mean_h,mean_s,mean_v,texture_laplacian_var,det_confidence,predicted_label
12091.0,440.0,0.7848139829453344,164.85886579420068,152.77841929689504,158.20631254811394,108.38927380035925,26.846163715678728,167.06004618937644,9.868258583098903,0.807630717754364,WBC
3445.5,495.379723072052,0.17643537555201003,158.6787978398685,165.90138530171401,172.55412068560696,49.123737966658844,23.905846442826956,173.56046020192534,12.467277019841935,0.5922073721885681,RBC
1568.0,304.3675310611725,0.21269597890200168,152.78372768783728,154.52386882523868,162.38231631382317,70.97592361975923,24.590701535907016,164.56911581569116,10.445791415070397,0.5580232739448547,RBC
1159.0,252.91168701648712,0.2276960533082343,157.43315089913995,161.32994526974198,159.01876465989054,62.67630961688819,11.919468334636434,162.97576231430804,10.49445704207609,0.4392464756965637,RBC
4836.0,505.3380926847458,0.23797540933778638,164.08616647127786,168.38550214927707,172.7803829620946,52.583040250097696,18.45447440406409,174.66979288784682,15.95557178267435,0.37887707352638245,RBC
5208.0,292.0,0.7675649530819874,158.71942446043167,158.01345010947765,158.2699405692837,91.03722239599625,11.800437910541133,162.1166718798874,6.683598790278639,0.35131359100341797,RBC
1073.0,132.0,0.7738587964421139,173.13027744270204,170.69119420989142,161.79975874547648,93.51387213510253,18.568154402895054,174.50784077201448,6.479177439212065,0.3370382785797119,Platelets
1037.0,185.5979790687561,0.3783050462653755,163.80355555555556,158.83377777777778,162.7928888888889,97.51911111111112,16.56977777777778,167.79733333333334,13.180697250369555,0.29586583375930786,RBC
