area,perimeter,circularity,mean_b,mean_g,mean_r,mean_h,mean_s,mean_v,texture_laplacian_var,det_confidence,predicted_label
1350.5,281.15432810783386,0.21469152734453323,239.3912429378531,239.90018832391712,241.27071563088512,67.23352165725046,6.369585687382298,243.515065913371,6.483756610958058,0.747873842716217,RBC
20462.5,577.0710676908493,0.7721647196082279,238.49793002136755,230.9393696581197,229.93589743589746,100.40658386752138,11.781116452991455,239.50447382478634,5.435243129870705,0.7337656617164612,WBC
1228.5,208.66904616355896,0.35454303909927387,243.1549539170507,243.34677419354838,244.61405529953916,67.411866359447,4.31221198156682,245.8565668202765,5.8902573535223715,0.6373265385627747,RBC
1003.0,294.56854152679443,0.14525733369715632,236.19941348973606,236.32258064516128,236.86436950146629,77.74633431085044,6.654692082111437,239.72873900293254,11.301920024309412,0.5182996392250061,RBC
1162.5,239.8406195640564,0.25395534087497035,236.5285826155051,238.95614722004697,239.3688332028191,56.95066562255286,5.62646828504307,241.08613938919342,8.88618271740817,0.4325259029865265,RBC
1708.5,367.92387986183167,0.15860208578821988,234.3557142857143,234.5067857142857,235.93642857142856,77.19071428571428,7.332142857142857,238.45464285714286,8.05204163168003,0.33782583475112915,RBC
943.0,140.7695518732071,0.5980040160371283,237.65213082259663,237.75222993062437,238.39048562933598,70.86620416253716,6.530227948463826,241.17542120911793,10.37541629467882,0.31889083981513977,RBC
4952.0,705.3624781370163,0.12507364104355623,233.54133138258962,233.58851499634235,235.2840160936357,78.2335405998537,7.069861009509876,237.47951719092904,6.17483072874119,0.2849576473236084,RBC
