area,perimeter,circularity,mean_b,mean_g,mean_r,mean_h,mean_s,mean_v,texture_laplacian_var,det_confidence,predicted_label
19760.0,564.0,0.7806180629109993,217.416047131435,206.13795763781738,209.52454762238744,100.61214756627858,16.76728853976715,219.40552672184037,8.601468485225459,0.9023672342300415,WBC
2895.5,608.3502856492996,0.09831640743293119,222.50203442879499,223.27261345852892,226.19186228482002,52.554303599374016,5.237871674491393,226.41846635367762,6.402226553523614,0.8519705533981323,RBC
2439.5,617.9482645988464,0.0802798315610932,214.0818181818182,213.7576923076923,221.09405594405595,74.3520979020979,11.452797202797203,221.65699300699302,7.030822622003388,0.7935483455657959,RBC
7068.0,338.0,0.7774509602455326,220.35185185185185,221.8721340388007,224.6308054085832,57.0896531452087,6.203997648442093,224.95825984714872,4.166203824630392,0.7792074084281921,RBC
3661.0,613.8477593660355,0.12209229096903727,221.5189594356261,223.8747795414462,227.90365961199294,48.27425044091711,8.303350970017636,228.1701940035273,8.185422478650692,0.6487102508544922,RBC
1599.0,182.71067667007446,0.6019084991040471,216.98873944322804,215.00594307162967,220.85580231467,108.72317797935565,8.24867062871442,221.30340944635597,6.238338184813478,0.5946078300476074,RBC
1650.0,440.30865597724915,0.10694964852412636,223.4063710718898,224.0154972018941,229.62074903142488,64.8704261730521,8.172191132156694,229.75764098148946,5.392689709998583,0.3673422932624817,RBC
