area,perimeter,circularity,mean_b,mean_g,mean_r,mean_h,mean_s,mean_v,texture_laplacian_var,det_confidence,predicted_label
13735.0,912.4751760959625,0.20729862009610925,132.1671995349513,101.61226565906118,138.25672140677227,121.02935619822699,79.3586687981398,143.83112919633774,478.73484446692316,0.7896468043327332,WBC
6136.0,319.4558436870575,0.7555679735775598,123.14249444620755,138.00063471913677,137.9819105046017,46.086639162170734,34.35607743573468,141.07584893684543,17.664076903685498,0.569275438785553,RBC
1039.0,230.08326029777527,0.2466353740759577,114.63410138248848,129.3364055299539,129.06221198156683,48.610138248847925,37.790783410138246,133.0,12.451313054947782,0.5197713375091553,RBC
2878.0,500.7939372062683,0.14420573373061163,135.70762378831543,147.86140948388788,149.82446947864815,45.68404506156668,30.583180508252557,152.51427822897566,16.07687166402695,0.47081610560417175,RBC
1548.0,315.3969682455063,0.19555358930557545,147.00426257459506,158.8537936913896,160.03367433930094,43.572037510656436,25.75063938618926,162.56649616368287,14.829485833449027,0.4037814736366272,RBC
1286.0,285.8822491168976,0.19773176923316238,121.54361662298766,138.02433545488583,143.8858105578435,54.890303257207044,50.86110071134407,147.19655559715463,1048.2340176303856,0.32651209831237793,RBC
1941.0,446.7939374446869,0.1221858336676059,122.76055312954877,137.9250363901019,143.2863901018923,42.291120815138285,41.88901018922853,144.97088791848617,11.390585487944795,0.26573479175567627,RBC
1606.0,305.74011421203613,0.21589896382779442,119.80022831050228,127.8167808219178,127.73687214611871,59.957191780821915,26.586187214611872,131.2420091324201,9.777670933312725,0.2603192925453186,RBC
