area,perimeter,circularity,mean_b,mean_g,mean_r,mean_h,mean_s,mean_v,texture_laplacian_var,det_confidence,predicted_label
22165.0,602.5685415267944,0.7671224461623424,196.74920512573465,184.14172849022063,193.04065902302727,98.6095963002216,25.369110704306774,201.11793043645824,13.94315792064235,0.8061661124229431,WBC
623.5,201.35533821582794,0.1932502329566987,179.995015576324,186.9576323987539,193.1127725856698,58.68785046728972,22.82429906542056,194.48722741433022,15.513367554925361,0.7224055528640747,RBC
6290.0,318.0,0.7816390882908033,190.84981108312343,195.3964105793451,200.2462216624685,62.69395465994962,16.31265743073048,201.42380352644835,10.542352526891413,0.6683518290519714,RBC
1569.0,345.53910410404205,0.16513472281961292,177.75928473177441,186.37780834479597,190.5346171480972,44.03530490600642,20.23062815222375,191.88950022925263,7.739516348129326,0.49266597628593445,RBC
924.5,228.3259001970291,0.22284681037542034,186.9806295399516,197.95122794880666,205.27084053960567,41.51885160843999,25.238325838810102,206.3209961950882,19.403776002184642,0.424417644739151,RBC
1338.5,340.6101711988449,0.14498164209476955,174.9862567811935,184.7620253164557,189.23110307414106,49.24050632911393,24.375406871609403,191.45858951175407,11.34873310901543,0.33211490511894226,RBC
2301.5,379.0954532623291,0.20124434797692745,178.5224823485693,183.82720178372352,187.22408026755852,67.84541062801932,18.47045707915273,189.1716833890747,12.67581124584943,0.25911980867385864,RBC
1788.0,370.50966680049896,0.1636734706455165,179.49161139289896,182.08310573546626,188.77370269215763,80.41474834178698,18.23136948888022,190.0214592274678,9.926126208000966,0.2544052302837372,RBC
