area,perimeter,circularity,mean_b,mean_g,mean_r,mean_h,mean_s,mean_v,texture_laplacian_var,det_confidence,predicted_label
672.0,104.0,0.7807508369868126,207.3259109311741,179.6437246963563,184.26113360323887,116.82388663967612,47.72267206477733,211.6315789473684,8102.867907728894,0.25867587327957153,Platelets
