area,perimeter,circularity,mean_b,mean_g,mean_r,mean_h,mean_s,mean_v,texture_laplacian_var,det_confidence,predicted_label
18839.0,570.9705624580383,0.7261732960915489,206.7476762820513,199.1954326923077,204.0272435897436,99.66394230769231,13.517067307692308,209.02708333333334,8.316148424942718,0.8465363383293152,WBC
2415.0,551.1370828151703,0.0999097179141681,207.2551789077213,210.10138104205902,213.62241054613938,37.43785310734464,8.077526679221595,213.71657250470813,7.995139545263599,0.6240848898887634,RBC
2501.0,586.4507917165756,0.09138194593312489,202.40216718266254,203.62198142414863,208.09566563467493,60.55510835913313,9.376470588235295,208.6043343653251,5.681327889282435,0.6225317716598511,RBC
1780.0,412.16652023792267,0.13166927460753333,203.0626159554731,206.09554730983302,209.42207792207793,52.08116883116883,9.347402597402597,209.88636363636363,5.977839538194943,0.4334840476512909,RBC
1145.0,272.2253954410553,0.19415924565252948,208.55237200563647,209.51338656646314,213.77313292625647,66.62235791451386,7.544387036167215,214.05589478628465,5.985790333930571,0.3962794840335846,RBC
1033.0,274.9116872549057,0.17176069113415574,198.91793313069908,200.08434650455928,208.91679331306992,64.73784194528875,14.190349544072948,208.9969604863222,6.548353085473955,0.3437044024467468,RBC
628.0,198.71067702770233,0.19986056079462464,192.31337047353762,197.87465181058496,206.78551532033427,28.63649025069638,18.270194986072422,206.80779944289694,7.31403474573373,0.2977913022041321,RBC
