area,perimeter,circularity,mean_b,mean_g,mean_r,mean_h,mean_s,mean_v,texture_laplacian_var,det_confidence,predicted_label
2171.5,486.40916192531586,0.11533635028488008,240.30398796087283,241.53724604966138,242.31903686982693,60.89954853273137,4.073363431151241,243.36117381489842,6.452190292672391,0.713479220867157,RBC
9690.0,398.0,0.768718790265021,238.67431927389214,234.53977576081152,232.60900516106068,89.88912617903542,8.74408257697099,239.8713294180459,6.548013548426012,0.5509258508682251,WBC
1325.0,291.0538226366043,0.1965527511959899,241.63505244755245,242.32473776223776,242.26442307692307,77.25218531468532,3.910839160839161,244.01923076923077,4.049227583507037,0.5268645286560059,RBC
1472.5,201.84061920642853,0.45420093907441655,234.6033163265306,237.7359693877551,237.51977040816325,46.00956632653061,4.9477040816326525,238.83099489795916,3.720937786879457,0.28866046667099,RBC
