{
  "total_cells": 11,
  "cell_counts": {
    "WBC": 1,
    "RBC": 9,
    "Platelets": 1
  },
  "cell_percentages": {
    "WBC": 9.090909090909092,
    "RBC": 81.81818181818183,
    "Platelets": 9.090909090909092
  },
  "feature_stats": {
    "WBC": {
      "avg_area": 28259.5,
      "avg_perimeter": 748.6101713180542,
      "avg_circularity": 0.6336696261281425,
      "avg_texture": 16.913669886535807
    },
    "RBC": {
      "avg_area": 2446.8333333333335,
      "avg_perimeter": 393.3781368864907,
      "avg_circularity": 0.20512455564083537,
      "avg_texture": 20.064821606799413
    },
    "Platelets": {
      "avg_area": 1009.5,
      "avg_perimeter": 137.0710676908493,
      "avg_circularity": 0.6751878149301004,
      "avg_texture": 85.8971530506063
    }
  },
  "warnings": []
}