{
  "total_cells": 14,
  "cell_counts": {
    "RBC": 12,
    "WBC": 1,
    "Platelets": 1
  },
  "cell_percentages": {
    "RBC": 85.71428571428571,
    "WBC": 7.142857142857142,
    "Platelets": 7.142857142857142
  },
  "feature_stats": {
    "RBC": {
      "avg_area": 2316.6666666666665,
      "avg_perimeter": 328.9463788866997,
      "avg_circularity": 0.28738624780018024,
      "avg_texture": 7.172556451384051
    },
    "WBC": {
      "avg_area": 12465.5,
      "avg_perimeter": 1438.0214191675186,
      "avg_circularity": 0.07575108493490292,
      "avg_texture": 6.776095347316533
    },
    "Platelets": {
      "avg_area": 952.0,
      "avg_perimeter": 124.0,
      "avg_circularity": 0.7780427175383671,
      "avg_texture": 6.064465529374651
    }
  },
  "warnings": []
}