area,perimeter,circularity,mean_b,mean_g,mean_r,mean_h,mean_s,mean_v,texture_laplacian_var,det_confidence,predicted_label
7416.0,350.0,0.7607526896007152,182.6836760599137,172.1820258948972,165.10738766184312,95.17212490479818,27.25818735719726,184.35592790048238,2203.320254766601,0.9201383590698242,RBC
3944.0,601.9066338539124,0.13680076012530942,191.87381628787878,191.6723484848485,191.54095643939394,89.79829545454545,8.089251893939394,195.0,4.9300364594129436,0.6076695919036865,RBC
921.5,120.24264061450958,0.8009182566655023,184.553450608931,185.85656292286876,178.52909336941815,83.69959404600813,12.79025710419486,187.41813261163736,6.482956393080124,0.501572847366333,Platelets
3004.0,505.42135286331177,0.1477755623050861,190.9502625888168,188.6706827309237,190.49552054371333,94.42724745134385,10.810627123880137,194.3954278653074,11.405671661400946,0.47854137420654297,RBC
3040.5,561.5218585729599,0.12117737434489832,191.0763968072976,189.79161915621438,192.31413911060434,91.53135689851767,11.220923603192702,195.56185860889397,8.554552816783568,0.3046868145465851,RBC
1518.0,312.2253952026367,0.1956794358449687,186.90696278511405,185.71068427370946,187.50120048019207,88.00720288115245,9.971788715486193,190.6644657863145,2480.0749637674917,0.2874532639980316,RBC
