{
  "total_cells": 13,
  "cell_counts": {
    "RBC": 10,
    "WBC": 1,
    "Platelets": 2
  },
  "cell_percentages": {
    "RBC": 76.92307692307693,
    "WBC": 7.6923076923076925,
    "Platelets": 15.384615384615385
  },
  "feature_stats": {
    "RBC": {
      "avg_area": 1902.2,
      "avg_perimeter": 309.12489047050474,
      "avg_circularity": 0.2845815459501555,
      "avg_texture": 271.7656894124533
    },
    "WBC": {
      "avg_area": 12625.0,
      "avg_perimeter": 452.0,
      "avg_circularity": 0.776540983075635,
      "avg_texture": 8.355135875458874
    },
    "Platelets": {
      "avg_area": 962.5,
      "avg_perimeter": 125.0,
      "avg_circularity": 0.7740118524893917,
      "avg_texture": 9.568202023971114
    }
  },
  "warnings": []
}