area,perimeter,circularity,mean_b,mean_g,mean_r,mean_h,mean_s,mean_v,texture_laplacian_var,det_confidence,predicted_label
7921.0,1181.8132693767548,0.07126760322956155,218.8169576926418,223.95317522369905,229.72547997567543,56.27773434106506,17.004430544696376,231.46885587698722,12.468107981912937,0.889795184135437,WBC
7705.0,350.8284270763397,0.7866706628914246,206.55803246910588,216.12091107341897,217.45602132299493,35.271868185122365,14.665132057184396,218.97698085776594,15.86999506620414,0.8241851925849915,RBC
2675.0,560.7939367294312,0.10688752759006358,214.07396870554766,225.4551920341394,227.05832147937411,33.62771794350742,15.96504775452144,228.1902052428368,13.51818972503457,0.8202869892120361,RBC
4505.5,651.7472538948059,0.13328903941813294,223.96940990724295,236.246891651865,238.76633116242354,29.681665679889484,17.168936254193802,240.01322281428855,10.79028428669329,0.737813413143158,RBC
3194.5,615.0365772247314,0.10612332949550099,220.17980691874496,230.0414320193081,230.09251810136763,38.05551086082059,13.736524537409492,232.47586484312146,18.577483346808176,0.7324523329734802,RBC
8428.5,364.72792184352875,0.7961999224348406,213.52656249999998,222.90758928571427,225.39017857142858,37.31852678571428,14.760267857142857,226.27232142857142,9.740868278747065,0.4530155062675476,RBC
1796.0,414.16652023792267,0.13157283061837377,214.2532894736842,223.67945906432746,227.76096491228068,37.036184210526315,16.20175438596491,228.36842105263156,17.01902440578189,0.4047446548938751,RBC
