area,perimeter,circularity,mean_b,mean_g,mean_r,mean_h,mean_s,mean_v,texture_laplacian_var,det_confidence,predicted_label
9440.0,413.79898953437805,0.6927922275630772,214.37148217636022,216.88484990619136,218.14610694183864,51.48334896810506,6.283771106941838,218.9043151969981,8.399894806048652,0.7637742757797241,RBC
8698.0,1015.2447290420532,0.10604441009900538,209.39379050804934,203.67666736357933,206.0792389713569,101.57505749529584,11.153355634538991,211.18429855739075,6.0316610433501605,0.6018161177635193,WBC
1502.0,274.2253952026367,0.25099464427614143,202.83507050889025,207.06253832004904,206.19681177191904,56.81483752299203,8.096259963212752,208.26302881667687,6.282936139779613,0.48538392782211304,RBC
1779.5,366.95331704616547,0.16606810146102086,206.11293358429685,208.27453616563594,209.22640494756655,56.28098951331003,6.5071255713901595,210.52971228824956,8.11679790879017,0.47875040769577026,RBC
1022.5,220.9533168077469,0.26319166415025186,209.77255204317655,209.42636854279104,213.74248265227448,76.28527370855821,9.544333076329991,215.14109483423283,5.272554114965408,0.3761211037635803,RBC
2128.0,374.8528127670288,0.19030926837650947,213.3439706297656,214.75571872352444,215.7732279017227,66.20559164077945,6.47670149675233,217.15560576108444,7.536899103357196,0.3476233184337616,RBC
1673.5,266.46803617477417,0.29617291391357325,204.74331777683494,206.9210861264319,208.28298684768774,66.70089096308867,7.4997878659312684,209.56173101400086,5.373017416989903,0.30977559089660645,RBC
