{
  "total_cells": 10,
  "cell_counts": {
    "RBC": 8,
    "WBC": 1,
    "Platelets": 1
  },
  "cell_percentages": {
    "RBC": 80.0,
    "WBC": 10.0,
    "Platelets": 10.0
  },
  "feature_stats": {
    "RBC": {
      "avg_area": 2090.0625,
      "avg_perimeter": 463.74279180169106,
      "avg_circularity": 0.12876148346385452,
      "avg_texture": 283.61264854598204
    },
    "WBC": {
      "avg_area": 21178.0,
      "avg_perimeter": 605.4558435678482,
      "avg_circularity": 0.7259886945165802,
      "avg_texture": 8.970225520254345
    },
    "Platelets": {
      "avg_area": 1023.0,
      "avg_perimeter": 128.0,
      "avg_circularity": 0.7846311730035055,
      "avg_texture": 8.482765699340398
    }
  },
  "warnings": []
}