area,perimeter,circularity,eccentricity,solidity,extent,hu_moment_1,hu_moment_2,hu_moment_3,mean_b,mean_g,mean_r,mean_h,mean_s,mean_v,texture_laplacian_var,color_std_b,color_std_g,color_std_r,color_std_hsv,det_confidence,predicted_label
4145.5,822.0559091567993,0.07708751971066113,,0.566479912544411,0.4898381188703769,0.0,0.0,0.0,214.16053574797206,218.5418788907753,208.21599698170155,82.85380116959064,15.305414072816449,219.99783059800038,6785.790670989452,10.965513191226743,11.49651943167448,12.407892555602409,35.82214838639983,0.5136162042617798,RBC
19.0,29.656854152679443,0.2714646613726448,,0.5135135135135135,0.31666666666666665,0.0,0.0,0.0,214.5,197.72,178.20000000000002,95.52,48.24,218.54,17063.711599999995,25.427740756897773,33.92464590824789,31.635423183513762,19.07379353982841,0.47150489687919617,Platelets
30.0,33.65685415267944,0.3328005820374734,,0.5882352941176471,0.38961038961038963,0.0,0.0,0.0,222.49090909090907,206.1090909090909,203.4181818181818,120.27272727272727,25.345454545454544,222.78181818181818,13240.406508264461,14.565054975738368,19.32748652922025,21.810498647203584,20.156167154996638,0.3914109468460083,Platelets
4380.5,1051.8204075098038,0.049756561840539,,0.5262493993272466,0.3866966807909605,0.0,0.0,0.0,209.2829800017166,214.77727233713844,206.62063342202387,72.3609132263325,14.276971933739594,216.5684490601665,7321.422122668681,11.321315088986786,11.886948597819472,12.074821810336644,38.53301195120929,0.18543681502342224,RBC
182.0,54.0,0.7843207996616492,0.0,1.0,0.8666666666666667,0.0,0.0,0.0,181.4248366013072,172.47058823529412,178.09803921568627,101.77124183006536,31.00653594771242,189.79084967320262,11549.051337868481,33.236269032815144,36.292396226165415,30.050233478344843,54.837191798452,0.1291944980621338,Platelets
958.5,177.49747359752655,0.3823117354953261,,0.8327541268462206,0.6112882653061225,0.0,0.0,0.0,214.7768729641694,217.85287730727472,210.49022801302934,85.41693811074919,12.105320304017374,219.40608034744844,4992.408308575132,9.886469954370563,10.22077491294052,10.795159270852869,39.037453768210625,0.1116017997264862,RBC
166.0,52.82842707633972,0.747450766925086,,0.9822485207100592,0.8469387755102041,0.0,0.0,0.0,200.6283783783784,187.50675675675677,198.06081081081084,107.37837837837839,30.662162162162165,208.56756756756758,11734.57142857143,38.65112151888533,36.908853515921514,28.46031527036431,55.21474115318831,0.08460624516010284,Platelets
