area,perimeter,circularity,mean_b,mean_g,mean_r,mean_h,mean_s,mean_v,texture_laplacian_var,det_confidence,predicted_label
14879.0,486.1421353816986,0.7911468061836284,201.5359432234432,193.91781135531136,189.15098443223442,98.19276556776556,19.879578754578755,203.56089743589743,10.40944797500706,0.7569801211357117,WBC
1677.5,281.3553385734558,0.2662944239715346,205.69239250275635,204.55622932745314,206.76736493936053,89.72877618522602,9.59316427783903,209.70727673649395,5.659508851613368,0.5137153267860413,RBC
1081.5,291.154327750206,0.16032080616138542,201.07972665148066,204.54176157934702,200.50075930144268,68.96962794229309,11.205391040242977,206.5979498861048,9.007129389816889,0.41076183319091797,RBC
993.5,275.1543275117874,0.16490166483191174,200.98498498498498,200.04354354354354,198.51351351351352,86.99624624624624,9.936936936936936,203.98273273273273,8.4528242926419,0.40478140115737915,RBC
829.0,206.42640626430511,0.24447468252155166,200.09504132231405,200.5909090909091,203.49845041322314,73.23760330578513,10.560950413223141,205.8357438016529,7.38785977784405,0.326210081577301,RBC
1636.0,392.50966703891754,0.13344197117266787,198.08632571635835,199.27493652520855,195.57562568008706,81.5157780195865,9.023576351106275,201.20493289807763,6.340249866706906,0.2876800000667572,RBC
1339.0,210.91168701648712,0.3782588954635162,200.00517018526497,202.73847479534683,197.76949590693667,72.29082292115467,10.403274450667816,204.09564842740198,6.987374294931886,0.2854032516479492,RBC
717.0,182.62741672992706,0.2701450832365707,203.29776674937966,208.59925558312656,206.0533498759305,53.99379652605459,9.696029776674939,210.15508684863522,12.424541150549409,0.2601108253002167,RBC
