area,perimeter,circularity,mean_b,mean_g,mean_r,mean_h,mean_s,mean_v,texture_laplacian_var,det_confidence,predicted_label
8672.5,381.6984838247299,0.7480201601161108,226.05194428322693,228.38595473012188,231.85693557748115,52.15177016831109,8.11839814277423,232.2736506094022,1349.9709478977356,0.8555377125740051,RBC
2117.5,427.9238791465759,0.14531158483785814,230.5998101866498,232.58209427396392,234.63840556785826,50.56342929452705,5.62258778867447,235.07719076241696,3.772817852876267,0.8084626793861389,RBC
27509.5,727.497473359108,0.6531750426271917,230.72220994475137,228.08795580110495,231.16139963167586,78.08058931860036,7.989907918968692,233.44464088397788,5.76055316298745,0.730607807636261,WBC
