area,perimeter,circularity,mean_b,mean_g,mean_r,mean_h,mean_s,mean_v,texture_laplacian_var,det_confidence,predicted_label
3094.0,648.5929266214371,0.09242421215916245,217.57840541335685,220.97234480729625,220.83789349808765,43.60164754339511,4.838481906443071,221.60576640188287,3.4979748813019027,0.6902236342430115,RBC
2619.5,511.722869515419,0.1257067544396,210.5006253908693,212.29330831769857,214.39774859287056,53.67573483427142,5.732645403377111,214.64133833646028,5.413964260332813,0.6844708919525146,RBC
1448.5,293.1543273925781,0.2118047740235711,212.56518174364578,216.62804044820987,216.78955998906804,35.33834380978409,5.70483738726428,217.32003279584583,4.091364156063431,0.6706519722938538,RBC
2305.5,567.0365778207779,0.0901058195121659,222.55123087159015,227.44644045242848,226.9534264803726,33.33100465735196,6.032601463739188,227.86859614105123,4.002477942863943,0.6057565212249756,RBC
1757.0,354.5096666812897,0.17568126975420748,218.4236894492369,221.91274054412742,221.29595222295953,55.45686794956868,5.921698739216987,223.0278699402787,4.075620896548054,0.5257657170295715,RBC
10451.0,970.9604573249817,0.1393043328766457,220.0425453878599,213.97579314139006,220.66293783238584,122.12781954887218,9.773977626994315,221.8161562442692,3.3357676618668997,0.5178936719894409,WBC
1989.5,494.8944422006607,0.10207717780515126,223.09592111160916,227.60197220977142,225.95831465710444,51.74450918870462,5.839085611833259,227.97355445988347,3.9541372665310934,0.39027076959609985,RBC
