area,perimeter,circularity,mean_b,mean_g,mean_r,mean_h,mean_s,mean_v,texture_laplacian_var,det_confidence,predicted_label
10748.5,1244.198045015335,0.08725266397534863,197.8301600673968,196.14978938500423,200.26107834877843,78.65669755686605,9.7195450716091,201.5949452401011,6.961366302144982,0.8399308919906616,WBC
2088.0,489.1370828151703,0.10966781231295407,204.46285260230434,208.70957489074294,212.05760826380612,44.918156535558204,10.54429876837505,212.4155740961462,5.04129769300316,0.6730116009712219,RBC
867.5,231.9827550649643,0.20256664898769236,192.8329918032787,194.04918032786887,198.22950819672133,65.32274590163935,9.614754098360656,198.5706967213115,4.864661721621027,0.4873189926147461,RBC
1050.0,130.0,0.7807508369868125,200.20737913486008,198.95165394402036,200.0852417302799,69.04325699745547,8.114503816793894,202.98346055979644,6.522419900823474,0.46788305044174194,Platelets
1949.5,442.61017179489136,0.12505190809221078,200.73518123667375,200.8511727078891,204.36289978678036,72.40383795309168,8.048187633262259,204.99402985074627,4.711746584732505,0.45276519656181335,RBC
2090.5,487.23758828639984,0.11065689150781317,200.42202131094606,201.2638036809816,203.62156926057474,50.7471746851792,5.918308040038747,204.02550855666775,4.448598969284684,0.38986310362815857,RBC
2279.0,347.82337415218353,0.23672093180875553,200.61619047619047,203.80285714285714,209.7552380952381,39.633968253968256,12.120952380952382,209.98507936507937,3.627415706971964,0.3040856122970581,RBC
