{
  "total_cells": 7,
  "cell_counts": {
    "WBC": 1,
    "RBC": 5,
    "Platelets": 1
  },
  "cell_percentages": {
    "WBC": 14.285714285714285,
    "RBC": 71.42857142857143,
    "Platelets": 14.285714285714285
  },
  "feature_stats": {
    "WBC": {
      "avg_area": 10748.5,
      "avg_perimeter": 1244.198045015335,
      "avg_circularity": 0.08725266397534863,
      "avg_texture": 6.961366302144982
    },
    "RBC": {
      "avg_area": 1854.9,
      "avg_perimeter": 399.7581944227219,
      "avg_circularity": 0.15693283854188517,
      "avg_texture": 4.538744135122668
    },
    "Platelets": {
      "avg_area": 1050.0,
      "avg_perimeter": 130.0,
      "avg_circularity": 0.7807508369868125,
      "avg_texture": 6.522419900823474
    }
  },
  "warnings": []
}