{
  "total_cells": 13,
  "cell_counts": {
    "WBC": 1,
    "RBC": 12
  },
  "cell_percentages": {
    "WBC": 7.6923076923076925,
    "RBC": 92.3076923076923
  },
  "feature_stats": {
    "WBC": {
      "avg_area": 5301.0,
      "avg_perimeter": 627.5634881258011,
      "avg_circularity": 0.16914233892080124,
      "avg_texture": 12.175541430970153
    },
    "RBC": {
      "avg_area": 3691.8333333333335,
      "avg_perimeter": 379.2470528284709,
      "avg_circularity": 0.3670585767073465,
      "avg_texture": 14.691786041802231
    }
  },
  "warnings": [
    "\u26a0\ufe0f Platelets critically low: 0 cells (0.0%) - Could indicate thrombocytopenia"
  ]
}