area,perimeter,circularity,mean_b,mean_g,mean_r,mean_h,mean_s,mean_v,texture_laplacian_var,det_confidence,predicted_label
5456.0,632.4507907629013,0.17140786512514086,223.93744569939182,222.2390964378801,226.35464813205908,71.99913119026932,9.918158123370981,227.85612510860122,6.839900809236657,0.7119393944740295,RBC
2962.5,507.92387986183167,0.14430153802923723,212.61555114558902,217.17463467436406,217.69583258163448,44.67310120873173,8.6032834205304,219.28107523001984,11.134814302375947,0.6296247839927673,RBC
2660.5,470.75230717658997,0.1508649012767502,211.48707280832093,217.61842496285288,218.6635958395245,39.406537890044575,9.931946508172361,219.74026745913818,7.7938007133480705,0.570829451084137,RBC
2036.0,406.02438473701477,0.15519702925509424,218.1699581089168,224.69808497905444,225.06104129263915,43.48144823459006,10.019150209455416,226.55266307600237,6.64410526189361,0.5403138995170593,RBC
1018.5,220.6690467596054,0.26283794284553863,213.3106976744186,218.51627906976745,219.24837209302328,49.43488372093024,9.22186046511628,220.59534883720931,16.678504331997477,0.40130406618118286,RBC
783.0,155.25483286380768,0.40820786682181426,213.2765843179377,220.50537056928033,221.35660580021482,37.10204081632653,10.85016111707841,222.51611170784102,1861.8162290214639,0.40024498105049133,RBC
1978.0,407.1959578990936,0.14990952731707222,218.1966088009689,224.2749293500202,224.94307630197818,44.65805409769883,10.012111425111021,226.44327815906337,6.472620291129981,0.3193562626838684,RBC
1628.0,355.1959580183029,0.16215421215391265,223.23395931142412,228.91510172143975,229.71713615023475,39.86541471048513,8.658841940532081,230.88967136150237,14.831485004624124,0.30355507135391235,RBC
1695.5,316.81118178367615,0.21227881523763403,214.48011465424577,220.74883554281618,221.0222142601218,40.88176280902902,9.442135435327838,222.4023647438194,18.151459128222918,0.2514345347881317,RBC
