area,perimeter,circularity,mean_b,mean_g,mean_r,mean_h,mean_s,mean_v,texture_laplacian_var,det_confidence,predicted_label
20933.5,1343.7716393470764,0.1456802804603585,201.51187736135842,195.4634559430234,197.30281843053805,97.04989794588961,12.697138142180918,203.7377860772137,7.167759972936595,0.7859148979187012,WBC
1150.5,151.98275470733643,0.6259041963120608,203.6289217454021,204.8539487919221,207.35737468445728,67.17562206996034,6.967183555715832,208.04543815362425,6.245648396408614,0.6071063876152039,RBC
8429.0,364.6274163722992,0.7966861687845941,201.15912897822446,203.53936348408712,205.13009491903964,54.23646007816862,7.315745393634841,206.11250697934116,6.615198142563008,0.4689439535140991,RBC
1128.0,308.91168797016144,0.14854234733204422,201.13283922462944,204.81299885974914,205.96522234891677,38.11345496009122,6.825541619156215,206.40763968072977,6.044996532858219,0.4346546530723572,RBC
970.5,245.63960981369019,0.2021196818860983,197.2547667342799,200.67018255578094,202.21014198782962,51.464908722109534,8.283975659229208,202.96997971602434,6.645500434471591,0.42509081959724426,RBC
2524.5,489.37972366809845,0.13246260642716107,204.5809375,208.1840625,208.961875,48.3925,7.1978125,209.96437500000002,5.901464801058979,0.3792380690574646,RBC
1228.5,313.9827551841736,0.1565933924254236,210.46926229508196,212.4532786885246,213.66188524590163,54.41393442622951,5.2774590163934425,214.16680327868852,4.413633888166113,0.36651501059532166,RBC
879.0,207.59797883033752,0.25630229634225704,201.22739726027396,204.1890410958904,206.0476712328767,51.76876712328767,7.78904109589041,206.70027397260273,6.054425181307745,0.26044079661369324,RBC
