{
  "total_cells": 10,
  "cell_counts": {
    "RBC": 8,
    "WBC": 1,
    "Platelets": 1
  },
  "cell_percentages": {
    "RBC": 80.0,
    "WBC": 10.0,
    "Platelets": 10.0
  },
  "feature_stats": {
    "RBC": {
      "avg_area": 2596.8125,
      "avg_perimeter": 401.03694827854633,
      "avg_circularity": 0.2831968441043028,
      "avg_texture": 8.8028939368006
    },
    "WBC": {
      "avg_area": 12483.5,
      "avg_perimeter": 894.0315247774124,
      "avg_circularity": 0.19626396295398746,
      "avg_texture": 7.322315362559062
    },
    "Platelets": {
      "avg_area": 1173.5,
      "avg_perimeter": 137.0710676908493,
      "avg_circularity": 0.7848765733734252,
      "avg_texture": 10.625043334960939
    }
  },
  "warnings": []
}