area,perimeter,circularity,mean_b,mean_g,mean_r,mean_h,mean_s,mean_v,texture_laplacian_var,det_confidence,predicted_label
4145.5,822.0559091567993,0.07708751971066113,214.16053574797206,218.5418788907753,208.21599698170155,82.85380116959064,15.305414072816449,219.99783059800038,6785.790670989452,0.5136162042617798,RBC
19.0,29.656854152679443,0.2714646613726448,214.5,197.72,178.20000000000002,95.52,48.24,218.54,17063.711599999995,0.47150489687919617,Platelets
30.0,33.65685415267944,0.3328005820374734,222.49090909090907,206.1090909090909,203.4181818181818,120.27272727272727,25.345454545454544,222.78181818181818,13240.406508264461,0.3914109468460083,Platelets
6840.5,1209.4772619009018,0.05876277479679445,211.4149557522124,215.70946902654867,207.80849557522123,78.52176991150442,13.90858407079646,217.67495575221238,6936.571756086808,0.31116393208503723,Platelets
7799.5,1869.4915412664413,0.028043332253533323,212.52681814342426,217.31869245713318,206.9014274854295,79.45274094095785,15.4331446912746,218.7096883182701,6831.583915694884,0.23734694719314575,Platelets
8942.0,2296.268231868744,0.021310777487146486,209.47222700901833,215.77482911137918,205.66816014705037,69.39060256189327,15.087138836234132,216.9440519271641,7024.058429820886,0.16139063239097595,Platelets
182.0,54.0,0.7843207996616492,181.4248366013072,172.47058823529412,178.09803921568627,101.77124183006536,31.00653594771242,189.79084967320262,11549.051337868481,0.1291944980621338,Platelets
