{
  "total_cells": 10,
  "cell_counts": {
    "WBC": 1,
    "Platelets": 2,
    "RBC": 7
  },
  "cell_percentages": {
    "WBC": 10.0,
    "Platelets": 20.0,
    "RBC": 70.0
  },
  "feature_stats": {
    "WBC": {
      "avg_area": 23717.0,
      "avg_perimeter": 630.9705624580383,
      "avg_circularity": 0.7486027560148901,
      "avg_texture": 14.010408718553068
    },
    "Platelets": {
      "avg_area": 1126.0,
      "avg_perimeter": 135.0,
      "avg_circularity": 0.775640690654144,
      "avg_texture": 16.438891841261526
    },
    "RBC": {
      "avg_area": 2117.9285714285716,
      "avg_perimeter": 366.7894335644586,
      "avg_circularity": 0.26907889464257667,
      "avg_texture": 14.477460571612141
    }
  },
  "warnings": []
}