area,perimeter,circularity,mean_b,mean_g,mean_r,mean_h,mean_s,mean_v,texture_laplacian_var,det_confidence,predicted_label
18258.0,1053.7056242227554,0.20664479491334387,205.81557486274718,192.53541922072384,206.57283726880232,117.51127338628005,22.068066734182615,208.93646394115453,4.523283924408643,0.7956956028938293,WBC
2047.5,611.6639939546585,0.06877141212651758,208.4495962490232,213.97238864287576,215.32352175045585,46.4662672570982,10.153685855691586,216.52513675436313,4.0956830537158835,0.6862209439277649,RBC
2148.5,539.379723906517,0.09280171213423558,200.4216247139588,207.7196796338673,208.14645308924486,42.08352402745995,11.231979405034325,209.28804347826087,12.503616496748432,0.6085317730903625,RBC
3017.0,626.2497812509537,0.09666961742301582,205.14913294797688,212.0321387283237,212.73317919075143,44.05086705202312,11.561156069364161,214.2416184971098,4.791725587238457,0.5188348293304443,RBC
2272.5,441.63960886001587,0.14641235384714116,211.1621962764279,216.3609971599874,216.51562006942254,44.14105396023982,8.349321552540234,217.98169769643422,4.652517126049309,0.4737584590911865,RBC
6231.0,320.0,0.7646587431452345,196.12406132665834,195.1497183979975,205.70556946182728,92.25265957446808,17.436795994993744,206.07227784730915,2644.4163116332993,0.43590205907821655,RBC
1708.5,401.92387902736664,0.13290374806094113,196.7400651465798,204.94201954397394,205.51791530944627,41.97654723127036,12.940065146579805,206.89283387622152,9.444539935161433,0.38933026790618896,RBC
4711.0,729.3624782562256,0.11128487270106806,211.77641232575203,218.3081438004402,218.17461482024947,37.71386647101981,9.227439471753485,219.62582538517975,5.3480682299173665,0.38057568669319153,RBC
3193.5,549.3797231912613,0.13296322249224543,200.47837200157295,206.1337003539127,207.68187180495477,45.256390090444356,10.967951238694456,208.85823830121902,4.544664031620553,0.26622748374938965,RBC
