area,perimeter,circularity,mean_b,mean_g,mean_r,mean_h,mean_s,mean_v,texture_laplacian_var,det_confidence,predicted_label
11530.5,434.72792172431946,0.7666955352427987,220.72021970477172,216.6290765533814,212.83213182286303,79.85135599038792,17.353244078269825,225.2344661860625,22.516410624441033,0.8679967522621155,WBC
2877.5,618.5512962341309,0.09450912746169704,220.93598233995584,221.65972879217912,223.93818984547462,63.790286975717436,12.000630715862505,227.95521917376223,20.129216951343174,0.8140760660171509,RBC
1654.0,339.0538229942322,0.18080401818585365,207.6873417721519,209.62489451476793,208.90506329113924,70.84303797468354,11.08565400843882,213.38438818565402,16.863772166388276,0.7350391745567322,RBC
3138.5,255.49747347831726,0.6041694721430348,205.41159062885325,200.9659679408138,205.38323057953144,111.86806411837237,12.864118372379778,209.31171393341552,13.439839287018776,0.7208645343780518,RBC
3428.5,553.3797237873077,0.14069139419001567,204.11114115738238,203.47160627366145,203.61249323958899,85.45916711736074,12.081936181719849,208.84018388318012,28.722595625162963,0.6192471385002136,RBC
2631.5,409.52185893058777,0.19717827482799577,218.75283602612583,216.31797868683398,226.67583361980064,102.24200756273635,15.481265039532486,228.13853557923687,17.127247614650663,0.320548951625824,RBC
1710.0,292.7106761932373,0.2508007601489534,209.85266229029907,209.97228300510577,212.97009482129832,85.91028446389497,14.640043763676148,217.67469000729395,2349.643380459916,0.29894137382507324,RBC
1771.0,344.36753046512604,0.18766532394605082,207.6094154164511,211.20900155199172,214.4526642524573,60.263838592860836,16.07915157785825,218.24159337816863,16.355649161613304,0.298017293214798,RBC
990.5,221.1543276309967,0.2544916042690558,200.46877351392024,196.40067720090292,206.86644093303235,100.32844243792324,19.48344620015049,209.71557562076748,15.968713804076264,0.2818465828895569,RBC
