{
  "total_cells": 16,
  "cell_counts": {
    "RBC": 15,
    "WBC": 1
  },
  "cell_percentages": {
    "RBC": 93.75,
    "WBC": 6.25
  },
  "feature_stats": {
    "RBC": {
      "avg_area": 2199.6,
      "avg_perimeter": 378.4773140350978,
      "avg_circularity": 0.25096214365473946,
      "avg_texture": 6.985070020555709
    },
    "WBC": {
      "avg_area": 15360.0,
      "avg_perimeter": 1475.293496966362,
      "avg_circularity": 0.08868378564883027,
      "avg_texture": 11.304557673202144
    }
  },
  "warnings": [
    "\u26a0\ufe0f Platelets critically low: 0 cells (0.0%) - Could indicate thrombocytopenia"
  ]
}