area,perimeter,circularity,mean_b,mean_g,mean_r,mean_h,mean_s,mean_v,texture_laplacian_var,det_confidence,predicted_label
5518.0,302.0,0.76028719189985,203.89786080144623,206.342271768605,200.9370292256704,75.37210003012956,14.09912624284423,209.60168725519736,14.016850001088686,0.9133989214897156,RBC
12746.0,455.79898977279663,0.7709692588454738,190.67780053568617,176.08492201039863,179.50921695289114,100.49283125886247,31.747597290058298,195.00378131400663,21.30343817626774,0.8564546704292297,WBC
780.0,112.0,0.7813910299107265,212.0502512562814,207.65829145728642,201.62311557788945,87.07035175879398,20.45561139028476,217.27638190954775,32.13607224984263,0.681301474571228,Platelets
2680.0,489.3380935192108,0.14064574790559917,195.28949175824178,202.7342032967033,198.3485576923077,69.73282967032968,20.269917582417584,206.2479395604396,17.560559380562076,0.6568121910095215,RBC
1790.5,329.296462893486,0.2074961570625842,197.18826291079813,207.4150234741784,203.08779342723005,62.36948356807512,22.684976525821597,211.36525821596243,21.95602908627461,0.6378079652786255,RBC
971.0,249.53910434246063,0.19595297887667346,180.97120708748616,182.4518272425249,182.8842746400886,73.78959025470652,24.177740863787374,191.41860465116278,28.40075067271013,0.45636990666389465,RBC
1514.5,299.9827547073364,0.21148840600249075,195.58246936852026,195.70122525918944,198.88831291234683,92.44203581526861,18.614043355325165,203.80348727615456,16.228480258815992,0.37514767050743103,RBC
1322.0,348.2253956794739,0.13699995928872877,187.16666666666669,191.18755935422604,195.1429249762583,78.42117758784426,22.85897435897436,200.00284900284902,22.065379091803127,0.3369664251804352,RBC
1023.0,268.0832600593567,0.17887354141898654,176.58956109134047,194.69335705812574,197.30486358244366,44.66725978647687,33.73131672597865,200.8594306049822,21.267027494176478,0.27188840508461,RBC
