{
  "total_cells": 9,
  "cell_counts": {
    "RBC": 7,
    "WBC": 1,
    "Platelets": 1
  },
  "cell_percentages": {
    "RBC": 77.77777777777779,
    "WBC": 11.11111111111111,
    "Platelets": 11.11111111111111
  },
  "feature_stats": {
    "RBC": {
      "avg_area": 2117.0,
      "avg_perimeter": 326.63786731447493,
      "avg_circularity": 0.26167771177927324,
      "avg_texture": 20.213582283633013
    },
    "WBC": {
      "avg_area": 12746.0,
      "avg_perimeter": 455.79898977279663,
      "avg_circularity": 0.7709692588454738,
      "avg_texture": 21.30343817626774
    },
    "Platelets": {
      "avg_area": 780.0,
      "avg_perimeter": 112.0,
      "avg_circularity": 0.7813910299107265,
      "avg_texture": 32.13607224984263
    }
  },
  "warnings": []
}