area,perimeter,circularity,mean_b,mean_g,mean_r,mean_h,mean_s,mean_v,texture_laplacian_var,det_confidence,predicted_label
5565.0,626.3919167518616,0.17823079455493698,142.6894861392833,129.41954022988506,135.18086544962813,112.78076402974983,30.695064232589587,144.4917173766058,15.030517747744025,0.8930600881576538,WBC
2306.0,519.8233751058578,0.10724018575859921,142.89962444520316,142.46398088084672,145.1027654489587,83.27347217480369,17.729600546261523,148.41174462273813,16.46298570008479,0.6720848679542542,RBC
2689.0,503.0782083272934,0.13351487551205424,153.3291904601948,156.7662075915351,159.33221363789048,62.30063822640241,14.783338931810547,160.93416190796103,15.368644629608148,0.5523774027824402,RBC
1312.0,216.28427052497864,0.35244700696908504,154.38108680310515,156.93295695130558,153.76005645730416,71.38390966831334,11.927311220889203,158.44318983768525,9.807662395129825,0.4714360237121582,RBC
2724.0,505.82337498664856,0.13378862098205918,149.42288221397231,149.87985150185622,149.87040161997976,88.95916301046236,15.770502868714141,154.12487343908202,9.355668776769967,0.44312602281570435,RBC
1000.0,218.42640626430511,0.2633901824466388,140.56808199121522,146.81259150805272,146.54123962908736,57.45876037091264,17.776476329917035,149.2659834065398,25.63924292204319,0.420271098613739,RBC
1698.0,390.9949470758438,0.13957423624516876,150.31162790697675,157.54139534883723,159.22558139534885,52.47720930232558,20.166046511627908,161.54093023255814,15.375260854344118,0.37772706151008606,RBC
794.0,125.94112491607666,0.6290645765421897,147.74326986211423,153.48916611950096,154.10833880499013,63.93696651346027,19.10177281680893,157.21076822061718,21.373555045351473,0.36290672421455383,RBC
1016.0,183.94112467765808,0.3773513402373081,141.03516921035168,142.25879230258792,147.0003317850033,81.20703384207035,22.798938287989383,149.77206370272063,14.118284071520216,0.2693265378475189,RBC
