{
  "total_cells": 14,
  "cell_counts": {
    "WBC": 1,
    "RBC": 13
  },
  "cell_percentages": {
    "WBC": 7.142857142857142,
    "RBC": 92.85714285714286
  },
  "feature_stats": {
    "WBC": {
      "avg_area": 19872.0,
      "avg_perimeter": 564.0,
      "avg_circularity": 0.7850426187331669,
      "avg_texture": 12.906439755748076
    },
    "RBC": {
      "avg_area": 1735.076923076923,
      "avg_perimeter": 363.30982188078076,
      "avg_circularity": 0.18963090311112737,
      "avg_texture": 6.876698994697339
    }
  },
  "warnings": [
    "\u26a0\ufe0f Platelets critically low: 0 cells (0.0%) - Could indicate thrombocytopenia"
  ]
}