{
  "total_cells": 10,
  "cell_counts": {
    "WBC": 1,
    "Platelets": 2,
    "RBC": 7
  },
  "cell_percentages": {
    "WBC": 10.0,
    "Platelets": 20.0,
    "RBC": 70.0
  },
  "feature_stats": {
    "WBC": {
      "avg_area": 13660.0,
      "avg_perimeter": 464.2842706441879,
      "avg_circularity": 0.7963291658569596,
      "avg_texture": 16.924854191239476
    },
    "Platelets": {
      "avg_area": 696.0,
      "avg_perimeter": 119.48528116941452,
      "avg_circularity": 0.580462988658473,
      "avg_texture": 18.895961146081397
    },
    "RBC": {
      "avg_area": 1596.2142857142858,
      "avg_perimeter": 345.23903155326843,
      "avg_circularity": 0.17820190529166072,
      "avg_texture": 20.61679371899485
    }
  },
  "warnings": []
}