{
  "total_cells": 18,
  "cell_counts": {
    "RBC": 15,
    "Platelets": 2,
    "WBC": 1
  },
  "cell_percentages": {
    "RBC": 83.33333333333334,
    "Platelets": 11.11111111111111,
    "WBC": 5.555555555555555
  },
  "feature_stats": {
    "RBC": {
      "avg_area": 2548.133333333333,
      "avg_perimeter": 425.3034418821335,
      "avg_circularity": 0.20296437589705316,
      "avg_texture": 6.555272948974176
    },
    "Platelets": {
      "avg_area": 803.0,
      "avg_perimeter": 153.97056233882904,
      "avg_circularity": 0.49027923255917955,
      "avg_texture": 9.877864708199883
    },
    "WBC": {
      "avg_area": 20460.0,
      "avg_perimeter": 574.0,
      "avg_circularity": 0.7803540857901294,
      "avg_texture": 8.179197065791081
    }
  },
  "warnings": []
}