{
  "total_cells": 9,
  "cell_counts": {
    "WBC": 1,
    "RBC": 7,
    "Platelets": 1
  },
  "cell_percentages": {
    "WBC": 11.11111111111111,
    "RBC": 77.77777777777779,
    "Platelets": 11.11111111111111
  },
  "feature_stats": {
    "WBC": {
      "avg_area": 14459.0,
      "avg_perimeter": 495.3137083053589,
      "avg_circularity": 0.7406063414390086,
      "avg_texture": 12.340641476225633
    },
    "RBC": {
      "avg_area": 2619.5714285714284,
      "avg_perimeter": 449.53766063281466,
      "avg_circularity": 0.17137375707040628,
      "avg_texture": 10.439036680789389
    },
    "Platelets": {
      "avg_area": 832.0,
      "avg_perimeter": 116.0,
      "avg_circularity": 0.7769931889972378,
      "avg_texture": 8.605267036243466
    }
  },
  "warnings": []
}