area,perimeter,circularity,mean_b,mean_g,mean_r,mean_h,mean_s,mean_v,texture_laplacian_var,det_confidence,predicted_label
14459.0,495.3137083053589,0.7406063414390086,200.70990712074305,196.96346749226007,198.3811145510836,78.11996904024768,15.875232198142415,205.1811145510836,12.340641476225633,0.9421877264976501,WBC
3982.0,669.7645003795624,0.11154930531831056,200.34039087947883,200.54397394136808,206.71940437412752,75.72545369939508,11.578641228478363,207.37622149837134,7.4542810259798165,0.7694562077522278,RBC
3309.0,561.9066356420517,0.1316977361543838,195.8848435814455,197.6987594390507,203.69309600862996,62.19120819848975,13.261326860841423,204.3187702265372,17.496671234906657,0.7222942113876343,RBC
1658.5,339.29646372795105,0.1810367203193821,199.6777739608382,201.4826520096187,205.41841291652355,54.061834421161116,12.993473033321884,207.70250772930265,8.395933754935427,0.5940274596214294,RBC
3877.5,532.5512961149216,0.17180617874337006,202.71971899224806,204.5530523255814,207.4733527131783,54.82679263565891,7.888323643410852,208.02834302325581,8.309795621217516,0.5690926313400269,RBC
1513.5,399.9238803386688,0.1189152666729652,206.7425044091711,209.27865961199294,215.87536743092298,49.57907113462669,12.7554379776602,216.19400352733686,9.348250463908798,0.5340308547019958,RBC
2168.0,325.5391037464142,0.2570767583307363,195.71784332688588,197.36242746615088,201.91561895551257,54.86049323017408,10.653771760154738,202.7127659574468,10.304519987667424,0.45595672726631165,RBC
1828.5,317.78174448013306,0.22753433395369602,192.4406714994277,192.44410530331936,199.37657382678367,72.41816100724914,12.511636779855017,199.83975581838993,11.76380467691009,0.38691210746765137,RBC
832.0,116.0,0.7769931889972378,198.14883720930231,199.83565891472867,194.74573643410852,68.23720930232558,10.688372093023256,201.1968992248062,8.605267036243466,0.26544979214668274,Platelets
