{
  "total_cells": 13,
  "cell_counts": {
    "WBC": 1,
    "RBC": 10,
    "Platelets": 2
  },
  "cell_percentages": {
    "WBC": 7.6923076923076925,
    "RBC": 76.92307692307693,
    "Platelets": 15.384615384615385
  },
  "feature_stats": {
    "WBC": {
      "avg_area": 14031.5,
      "avg_perimeter": 752.8944429159164,
      "avg_circularity": 0.311061155785112,
      "avg_texture": 986.9119988518493
    },
    "RBC": {
      "avg_area": 2884.85,
      "avg_perimeter": 425.5314919233322,
      "avg_circularity": 0.26480563587277495,
      "avg_texture": 267.8628224249839
    },
    "Platelets": {
      "avg_area": 1468.0,
      "avg_perimeter": 152.0,
      "avg_circularity": 0.7754871793666412,
      "avg_texture": 11.652966514595644
    }
  },
  "warnings": []
}