area,perimeter,circularity,mean_b,mean_g,mean_r,mean_h,mean_s,mean_v,texture_laplacian_var,det_confidence,predicted_label
11040.0,424.0,0.7716977326368663,119.77543404186274,114.76164205743956,109.62355995456758,89.67093947752718,29.75677429823138,122.30342365730975,13.96492022676868,0.9188504219055176,WBC
1256.5,285.6396096944809,0.19352429544130212,125.45760303173851,127.9720511605874,126.96399810516343,68.24064424443392,16.827569872098532,131.0843202273804,11.699527977839336,0.716944694519043,RBC
2730.5,498.06601560115814,0.1383178486972846,123.4483941378235,127.90676644839414,127.2772061116308,63.024945431867785,19.76582475834113,131.00498908637354,15.2371974396633,0.5146028399467468,RBC
2805.5,417.7228692770004,0.2020429179972368,129.9276180698152,132.53388090349077,134.95302874743328,64.0685318275154,19.530800821355236,137.66760780287476,19.658423283468842,0.4218485951423645,RBC
406.0,125.4558436870575,0.324156031474043,119.05441055234955,121.87963726298433,129.0997526793075,63.01071723000825,27.310799670239078,130.48474855729597,521.2505578967036,0.32177281379699707,RBC
