area,perimeter,circularity,mean_b,mean_g,mean_r,mean_h,mean_s,mean_v,texture_laplacian_var,det_confidence,predicted_label
3055.5,643.1787133216858,0.09281727779261596,211.28588445503277,213.20577724836212,215.61256700416916,74.16408576533652,8.200714711137582,216.65396069088746,9.35044806434844,0.6658833622932434,RBC
387.0,129.5979789495468,0.28955053473172154,202.9442586399108,214.6845039018952,214.8617614269788,33.68227424749164,16.149386845039018,216.45039018952062,9.135887130362349,0.6141141653060913,RBC
3530.5,605.8650043010712,0.12086327122011839,216.80503144654088,213.76991614255766,214.68920335429772,76.8435534591195,11.578092243186584,220.02935010482182,9.881187342799345,0.5740119218826294,RBC
1598.0,242.56854152679443,0.3412853805708541,209.71027633851466,211.2128670120898,213.37694300518135,70.66623488773747,8.316493955094991,214.62305699481865,5.93542455809754,0.5089073777198792,RBC
1359.5,313.1543276309967,0.17420966288158826,213.7857402691888,217.26409603492178,219.88650418333938,48.799563477628226,8.58966897053474,220.42379046926155,6.726448789878066,0.3282809853553772,RBC
754.5,164.0416305065155,0.3523391914983961,215.01798561151077,213.88968824940048,213.44484412470024,74.02158273381295,6.034772182254196,216.85251798561148,4.215518793253625,0.2569950819015503,RBC
