{
  "total_cells": 10,
  "cell_counts": {
    "WBC": 1,
    "Platelets": 3,
    "RBC": 6
  },
  "cell_percentages": {
    "WBC": 10.0,
    "Platelets": 30.0,
    "RBC": 60.0
  },
  "feature_stats": {
    "WBC": {
      "avg_area": 27302.0,
      "avg_perimeter": 666.0,
      "avg_circularity": 0.773492074311325,
      "avg_texture": 8.144945076265001
    },
    "Platelets": {
      "avg_area": 807.3333333333334,
      "avg_perimeter": 136.09475684165955,
      "avg_circularity": 0.5917198626490489,
      "avg_texture": 10.462587573698999
    },
    "RBC": {
      "avg_area": 2907.3333333333335,
      "avg_perimeter": 321.2253956993421,
      "avg_circularity": 0.4610861062460403,
      "avg_texture": 10.954432098478685
    }
  },
  "warnings": [
    "\u26a0\ufe0f Platelets high: 3 cells (30.0%) - Could indicate thrombocytosis"
  ]
}