{
  "total_cells": 13,
  "cell_counts": {
    "RBC": 13
  },
  "cell_percentages": {
    "RBC": 100.0
  },
  "feature_stats": {
    "RBC": {
      "avg_area": 2595.230769230769,
      "avg_perimeter": 289.79931087677295,
      "avg_circularity": 0.39341429241158965,
      "avg_texture": 175.36555651843543
    }
  },
  "warnings": [
    "WBC c\u1ef1c th\u1ea5p: 0 t\u1ebf b\u00e0o (0.0%) - C\u00f3 th\u1ec3 l\u00e0 d\u1ea5u hi\u1ec7u suy gi\u1ea3m mi\u1ec5n d\u1ecbch nghi\u00eam tr\u1ecdng",
    "Ti\u1ec3u c\u1ea7u c\u1ef1c th\u1ea5p: 0 t\u1ebf b\u00e0o (0.0%) - C\u00f3 th\u1ec3 l\u00e0 d\u1ea5u hi\u1ec7u gi\u1ea3m ti\u1ec3u c\u1ea7u"
  ]
}