{
  "total_cells": 9,
  "cell_counts": {
    "WBC": 1,
    "RBC": 8
  },
  "cell_percentages": {
    "WBC": 11.11111111111111,
    "RBC": 88.88888888888889
  },
  "feature_stats": {
    "WBC": {
      "avg_area": 15710.0,
      "avg_perimeter": 1259.1269761323929,
      "avg_circularity": 0.12452225933710095,
      "avg_texture": 6.822248474505723
    },
    "RBC": {
      "avg_area": 2488.6875,
      "avg_perimeter": 304.83110466599464,
      "avg_circularity": 0.37031115241925283,
      "avg_texture": 555.6268744478755
    }
  },
  "warnings": [
    "\u26a0\ufe0f Platelets critically low: 0 cells (0.0%) - Could indicate thrombocytopenia"
  ]
}