area,perimeter,circularity,mean_b,mean_g,mean_r,mean_h,mean_s,mean_v,texture_laplacian_var,det_confidence,predicted_label
15710.0,1259.1269761323929,0.12452225933710095,197.49000473148806,188.76608705938017,190.38070735746393,96.21120179796546,19.995150224745682,201.3259995268512,6.822248474505723,0.8294693827629089,WBC
3158.0,438.1665196418762,0.2067014911735873,195.83001172332942,199.77022274325907,206.2086752637749,32.2936694021102,13.9616060961313,206.61899179366938,5.679752464733227,0.5868709087371826,RBC
2563.0,467.3380938768387,0.14746742756738657,197.27707105181506,202.63015823766676,205.6546695625194,40.815389388768224,12.270865653118213,206.67049332919638,6.995197297350062,0.5080569982528687,RBC
3672.0,276.0,0.6057513245106974,183.1401207032275,187.33429546050905,199.7383888743112,47.405667803726054,22.58278667016531,200.04880608764103,4385.163974071115,0.42888981103897095,RBC
1324.0,293.5391048192978,0.1930927279648124,199.89801505817934,201.95208761122518,203.42231348391513,62.695414099931554,9.752224503764545,205.48802190280628,16.94407841733602,0.419161856174469,RBC
1642.5,337.2964632511139,0.18142271733587215,193.75524475524475,197.59763313609466,201.8262506724045,57.649273803119954,11.990317374932758,202.19903173749327,4.724859251564584,0.41904303431510925,RBC
5863.0,310.97056245803833,0.7618881167305761,194.9220023282887,197.4755529685681,201.48690337601863,62.656868451688005,10.506693830034925,202.04511059371362,4.620402628065712,0.3982929289340973,RBC
773.5,165.4974731206894,0.35488484013745264,191.39407744874717,198.96279422930905,203.25512528473806,41.95064540622627,16.733485193621867,204.05998481397117,5.960624682005767,0.338501900434494,RBC
913.5,149.84062016010284,0.5112805739336379,204.62007465781832,207.27913728743258,209.7946909995852,54.367482372459556,7.8809622563251756,210.46868519286602,14.926106770833334,0.33285367488861084,RBC
