area,perimeter,circularity,mean_b,mean_g,mean_r,mean_h,mean_s,mean_v,texture_laplacian_var,det_confidence,predicted_label
8652.0,374.0,0.7772901609671106,204.09388942774007,195.18292919495636,201.21008729388942,103.67507274490785,14.765082444228904,205.77516973811834,8.470518826395857,0.7176615595817566,WBC
1800.5,334.95331728458405,0.20166680747576896,199.2058359621451,197.9518927444795,201.4211356466877,103.15891167192429,7.9187697160883275,202.7097791798107,6.4531539417014825,0.4776315689086914,RBC
2916.0,492.85281229019165,0.1508561102919995,190.81053633767056,193.28721040939382,195.2599174865122,60.764201840685494,9.378927324658838,196.59663598857503,6.1337915025059315,0.4512331783771515,RBC
1036.0,130.0,0.7703408258269883,209.5997425997426,205.12998712998711,205.46332046332046,102.24453024453024,6.859716859716859,210.010296010296,5.491905494382429,0.44497740268707275,Platelets
2364.5,480.0660158395767,0.1289280031120517,203.19227799227798,203.57220077220077,207.8108108108108,76.25868725868726,9.192277992277992,208.83667953667953,4.522919561750593,0.37436074018478394,RBC
837.0,116.0,0.7816626192195769,201.4574780058651,199.12023460410558,197.54985337243403,92.54105571847508,7.607038123167156,202.79178885630498,5.26198655731824,0.3370210528373718,Platelets
2315.5,418.89444267749786,0.16582326111214074,198.85240071132185,198.53319502074686,199.0957320687611,80.40841730883224,5.535862477771191,201.0930646117368,4.284189624493766,0.3214186728000641,RBC
5334.5,541.7228692770004,0.2284279505714082,200.51405550581916,201.14700089525516,204.74037600716204,70.68146821844226,7.606624888093107,205.41504028648166,3.423699156034309,0.3204585313796997,RBC
