area,perimeter,circularity,mean_b,mean_g,mean_r,mean_h,mean_s,mean_v,texture_laplacian_var,det_confidence,predicted_label
1670.0,445.6812391281128,0.10565197728622701,202.49540311173976,213.66831683168317,214.91371994342293,38.3525459688826,16.80905233380481,216.47135785007072,24.8449731089105,0.8851274847984314,RBC
16093.0,508.0,0.7836451511907208,193.45152143090849,182.17002944704984,190.33547824190205,99.76496891700295,24.705529501581417,197.4854400698004,14.083981733933628,0.875246524810791,WBC
2208.0,419.6812390089035,0.15753237561143232,188.70699321333726,195.5948657421068,198.44231336677484,44.44821481262909,14.67483033343169,199.37828267925642,17.68410162249865,0.6888700723648071,RBC
1407.0,258.71067678928375,0.2641649885384911,191.33716075156576,203.33263743910928,204.4596381350035,50.2383437717467,21.506610995128742,207.47877522616562,19.43140277538423,0.6258212327957153,RBC
1282.0,227.59797871112823,0.3110005002726567,181.94186046511626,190.7353648757017,193.82919005613473,50.992381716118686,20.912189254210105,196.20408981555732,13.867844876869604,0.6190529465675354,RBC
1016.5,249.01219260692596,0.20600417506752466,192.775956284153,204.7087431693989,205.69398907103826,46.93005464480874,20.996721311475408,209.0120218579235,13.178907388117283,0.4680958390235901,RBC
1255.5,314.4680368900299,0.1595414599787956,196.21573033707867,207.51797752808992,209.7421348314607,46.87752808988765,19.526404494382025,211.52078651685395,16.41562597102989,0.4145751893520355,RBC
1607.5,405.92388105392456,0.12259468475426473,191.87596048298573,210.5773874862788,211.55323819978048,35.00987925356751,26.358397365532383,213.90175631174534,27.801179361396287,0.33711478114128113,RBC
