area,perimeter,circularity,mean_b,mean_g,mean_r,mean_h,mean_s,mean_v,texture_laplacian_var,det_confidence,predicted_label
5815.0,578.9360727071762,0.21802101726484516,158.20374630299048,157.58938547486034,161.2867236279987,65.58922116332567,16.959415050936578,163.76043378245154,11.157685351996564,0.7724035382270813,RBC
2661.0,531.3380930423737,0.11844393657487678,141.95841729254442,147.4495328814801,149.60468950357208,48.1003846858399,17.960615497343834,151.15973621542406,17.24525292261078,0.7422809600830078,RBC
2350.0,489.48022866249084,0.12325581502587134,139.68866620594332,146.74187975120938,150.92190739460952,44.503800967519005,22.029716655148583,151.74084312370422,9.81710457153579,0.6360755562782288,RBC
2414.5,442.4091613292694,0.1550203990106202,147.9400272603362,155.56724216265334,157.5842798727851,51.85165833711949,19.174693321217628,158.80281690140845,13.534589007335558,0.6149332523345947,RBC
1909.5,368.61017179489136,0.17660170653455456,158.58369408369407,163.87554112554113,167.77056277056278,52.60642135642136,16.381673881673883,168.34126984126985,25.470230743121196,0.3501353859901428,RBC
1519.5,362.26702547073364,0.14549663797701387,139.09837019790453,147.23748544819557,151.2846332945285,49.73108265424913,24.80093131548312,152.3451688009313,14.735032513320387,0.3285413086414337,RBC
1223.5,244.32590079307556,0.25755786741195935,141.24211298606016,147.78026412325752,151.19479090242115,52.56126192223038,20.965517241379313,152.28136463683052,17.485742760218287,0.3097178041934967,RBC
620.0,164.28427064418793,0.28867527319992853,150.82020997375326,141.85826771653544,146.6286089238845,97.749343832021,23.034120734908136,154.2769028871391,11.51950175430077,0.3019181191921234,Platelets
