{
  "total_cells": 12,
  "cell_counts": {
    "WBC": 1,
    "RBC": 8,
    "Platelets": 3
  },
  "cell_percentages": {
    "WBC": 8.333333333333332,
    "RBC": 66.66666666666666,
    "Platelets": 25.0
  },
  "feature_stats": {
    "WBC": {
      "avg_area": 27100.0,
      "avg_perimeter": 674.1421353816986,
      "avg_circularity": 0.7493353313609452,
      "avg_texture": 9.732033127606721
    },
    "RBC": {
      "avg_area": 1466.9375,
      "avg_perimeter": 336.0620748102665,
      "avg_circularity": 0.18617788723349998,
      "avg_texture": 428.8295696833181
    },
    "Platelets": {
      "avg_area": 853.3333333333334,
      "avg_perimeter": 117.33333333333333,
      "avg_circularity": 0.7729831889709785,
      "avg_texture": 20.304400881474443
    }
  },
  "warnings": []
}