{
  "total_cells": 13,
  "cell_counts": {
    "WBC": 1,
    "RBC": 12
  },
  "cell_percentages": {
    "WBC": 7.6923076923076925,
    "RBC": 92.3076923076923
  },
  "feature_stats": {
    "WBC": {
      "avg_area": 12167.0,
      "avg_perimeter": 1616.063048362732,
      "avg_circularity": 0.058543242367689714,
      "avg_texture": 7.208110127846078
    },
    "RBC": {
      "avg_area": 2696.2083333333335,
      "avg_perimeter": 419.743931521972,
      "avg_circularity": 0.2736798620898322,
      "avg_texture": 471.19716613298965
    }
  },
  "warnings": [
    "\u26a0\ufe0f Platelets critically low: 0 cells (0.0%) - Could indicate thrombocytopenia"
  ]
}