{
  "total_cells": 12,
  "cell_counts": {
    "RBC": 10,
    "WBC": 2
  },
  "cell_percentages": {
    "RBC": 83.33333333333334,
    "WBC": 16.666666666666664
  },
  "feature_stats": {
    "RBC": {
      "avg_area": 2919.75,
      "avg_perimeter": 316.50996268987655,
      "avg_circularity": 0.34675251561436515,
      "avg_texture": 12.36628062909556
    },
    "WBC": {
      "avg_area": 12962.0,
      "avg_perimeter": 468.0,
      "avg_circularity": 0.7434975113469717,
      "avg_texture": 11.65917129644927
    }
  },
  "warnings": [
    "\u26a0\ufe0f Platelets critically low: 0 cells (0.0%) - Could indicate thrombocytopenia"
  ]
}