area,perimeter,circularity,mean_b,mean_g,mean_r,mean_h,mean_s,mean_v,texture_laplacian_var,det_confidence,predicted_label
3579.5,514.4091606140137,0.16998666088048006,184.721946115616,147.00575464295054,180.86555061470048,131.2165838346848,60.58488098352079,191.8346848025111,31.93648921813859,0.9518686532974243,WBC
2401.5,438.0660148859024,0.15725821111772456,180.92771464646466,191.44160353535355,196.77020202020205,65.09438131313132,28.243055555555557,199.80145202020205,28.663086399839063,0.8048961162567139,RBC
1227.5,299.15432822704315,0.1723617057821189,159.36058394160582,166.66569343065692,182.12116788321165,73.67664233576642,40.42992700729927,182.34014598540145,32.456137839857256,0.6193423271179199,RBC
1054.0,130.0,0.7837251258896194,194.47814910025704,178.60796915167094,181.45886889460152,113.26735218508996,25.760925449871465,195.56683804627247,19.901629464285715,0.557052493095398,Platelets
1062.5,254.32590055465698,0.2064227791224011,181.47168216398984,183.70245139475907,194.09044801352493,82.28486897717667,28.033812341504646,196.83516483516482,4022.871319611895,0.40387171506881714,RBC
